# Blender v2.79 (sub 0) OBJ File: ''
# www.blender.org
mtllib football.mtl
o Solid.002_Solid.003
v 0.873460 -0.002408 -0.190772
v 0.764371 -0.283130 -0.367283
v 0.767361 -0.257188 -0.378632
v 0.866459 0.002470 -0.217852
v 0.567107 -0.175213 -0.634061
v 0.590300 -0.172533 -0.648936
v 0.742351 -0.283519 -0.350510
v -0.281646 0.363344 0.766780
v 0.002446 0.190780 0.873430
v -0.002432 0.217860 0.866429
v -0.257745 0.378667 0.767045
v -0.648906 -0.590262 0.172541
v -0.646467 -0.591769 -0.176534
v -0.634874 -0.608669 -0.156884
v -0.632435 -0.610176 0.160784
v 0.367267 0.764395 0.283139
v 0.648920 0.590324 0.172542
v 0.632449 0.610238 0.160785
v 0.378616 0.767385 0.257196
v -0.002432 -0.190718 0.873430
v -0.283154 -0.367229 0.764341
v -0.256238 -0.374659 0.769485
v 0.002446 -0.217798 0.866429
v 0.766810 0.281684 -0.363336
v 0.767075 0.257783 -0.378659
v -0.217822 -0.866421 -0.002462
v -0.374683 -0.769476 0.256222
v -0.396891 -0.775683 0.209192
v -0.268892 -0.854790 -0.002132
v 0.769514 0.256276 0.374668
v 0.609196 0.156892 0.634501
v 0.645036 0.128029 0.608917
v 0.775721 0.209246 0.396876
v -0.257745 -0.378605 -0.767091
v -0.002432 -0.217798 -0.866475
v -0.002102 -0.268868 -0.854843
v -0.210511 -0.400279 -0.773628
v 0.156868 0.634555 0.609167
v -0.156854 0.634912 0.608678
v -0.127991 0.609556 0.644280
v 0.128005 0.608970 0.645006
v -0.374683 0.769538 -0.256268
v -0.632435 0.610238 -0.160830
v -0.607409 0.645638 -0.131434
v -0.396891 0.775745 -0.209237
v -0.375189 -0.769432 -0.255938
v -0.397659 -0.775571 -0.208720
v 0.866459 -0.002408 0.217806
v 0.854828 -0.002078 0.268876
v -0.156854 -0.634850 -0.608723
v -0.127991 -0.609494 -0.644325
v 0.217836 0.866483 -0.002462
v 0.400248 0.774042 0.209659
v 0.268906 0.854852 -0.002131
v -0.217822 0.866483 0.002417
v -0.268892 0.854852 0.002087
v 0.648920 -0.590262 -0.172587
v 0.646481 -0.591769 0.176488
v 0.634888 -0.608669 0.156838
v 0.634531 -0.609158 -0.156884
v -0.172557 -0.648882 0.590269
v -0.160800 -0.632411 0.610184
v 0.646481 0.591831 -0.176533
v 0.634888 0.608731 -0.156884
v -0.363306 -0.766772 -0.281676
v 0.283168 0.367291 0.764341
v 0.256252 0.374721 0.769485
v 0.363320 -0.766772 0.281630
v 0.378643 -0.767037 0.257729
v 0.281660 0.363344 -0.766826
v -0.002432 0.190780 -0.873476
v 0.002446 0.217860 -0.866475
v 0.255922 0.375227 -0.769486
v 0.176518 -0.646443 0.591777
v 0.156868 -0.634850 0.608678
v 0.363320 0.766834 -0.281675
v 0.378643 0.767099 -0.257775
v 0.172571 0.648944 0.590269
v 0.590300 0.172595 0.648890
v 0.591807 -0.176480 0.646451
v 0.608707 -0.156830 0.634858
v 0.190756 -0.873422 -0.002462
v 0.217836 -0.866421 0.002416
v -0.283154 0.367291 -0.764387
v -0.256238 0.374721 -0.769530
v 0.281660 -0.363282 0.766780
v 0.255922 -0.375165 0.769440
v 0.190756 0.873484 0.002417
v 0.766810 -0.281622 0.363290
v 0.767075 -0.257721 0.378613
v -0.646467 0.591831 0.176489
v -0.363306 0.766834 0.281631
v -0.378629 0.767099 0.257729
v -0.632408 0.610524 0.160250
v 0.367267 -0.764333 -0.283184
v 0.374697 -0.769476 -0.256268
v -0.172557 0.648944 -0.590316
v -0.160800 0.632473 -0.610229
v -0.766796 0.281684 0.363290
v -0.873446 -0.002408 0.190727
v -0.866445 0.002470 0.217806
v -0.769456 0.255946 0.375173
v 0.873460 0.002470 0.190727
v -0.190742 0.873484 -0.002462
v 0.176518 0.646505 -0.591823
v 0.156868 0.634912 -0.608723
v -0.764357 -0.283130 0.367237
v -0.769500 -0.256214 0.374668
v -0.766796 -0.281622 -0.363336
v -0.873446 0.002470 -0.190772
v -0.866445 -0.002408 -0.217852
v -0.769456 -0.255884 -0.375219
v 0.764371 0.283192 0.367237
v -0.367253 0.764395 -0.283183
v 0.172571 -0.648882 -0.590316
v -0.176504 -0.646443 -0.591823
v 0.156868 -0.634493 -0.609212
v -0.590286 -0.172533 0.648890
v -0.610200 -0.160776 0.632419
v -0.764357 0.283192 -0.367283
v -0.769500 0.256276 -0.374713
v -0.648907 0.590324 -0.172587
v -0.281646 -0.363282 -0.766826
v -0.591793 0.176542 0.646451
v -0.608693 0.156892 0.634858
v -0.590286 0.172595 -0.648936
v -0.610200 0.160838 -0.632465
v 0.610214 -0.160776 -0.632465
v 0.002446 -0.190718 -0.873476
v -0.591793 -0.176480 -0.646497
v -0.608693 -0.156830 -0.634904
v -0.190742 -0.873422 0.002416
v 0.591807 0.176542 -0.646497
v 0.608707 0.156892 -0.634904
v 0.283168 -0.367229 -0.764387
v 0.256252 -0.374659 -0.769530
v -0.367253 -0.764333 0.283138
v -0.176504 0.646505 0.591777
v -0.644296 -0.127967 -0.609547
v -0.775595 -0.208666 -0.397689
v -0.777745 -0.140660 -0.426961
v -0.689237 -0.086921 -0.569872
v 0.396905 -0.775683 -0.209238
v 0.608946 -0.644998 -0.128021
v 0.567636 -0.690769 -0.086975
v 0.424999 -0.778740 -0.142306
v -0.775707 -0.209184 0.396876
v -0.645600 -0.131380 0.607394
v -0.690220 -0.089496 0.568236
v -0.778764 -0.142252 0.424969
v 0.644310 0.128029 -0.609547
v 0.773612 0.210549 -0.400333
v 0.777186 0.143297 -0.427591
v 0.689251 0.086983 -0.569872
v 0.607423 0.645638 0.131388
v 0.568266 0.690258 0.089505
v 0.426945 0.777783 0.140669
v -0.645600 0.131442 -0.607439
v -0.690220 0.089558 -0.568282
v 0.268906 -0.854790 0.002086
v 0.338048 -0.832479 0.001569
v -0.854814 0.002140 0.268876
v -0.832503 0.001623 0.338018
v 0.645614 -0.131380 -0.607439
v 0.690234 -0.089496 -0.568282
v 0.128005 0.609556 -0.644325
v 0.208704 0.397697 -0.775625
v 0.140698 0.426969 -0.777775
v 0.086959 0.569881 -0.689267
v -0.775707 0.209246 -0.396921
v -0.778764 0.142314 -0.425015
v -0.607340 0.646044 0.130551
v -0.210511 0.400341 0.773582
v 0.209222 -0.396867 -0.775737
v 0.609532 -0.644272 0.127975
v -0.607409 -0.645575 0.131388
v 0.002116 0.268930 -0.854843
v -0.002102 0.268930 0.854798
v 0.128005 -0.608908 -0.645052
v 0.400317 -0.773574 0.210495
v -0.609518 -0.644272 -0.128021
v -0.209208 0.396929 -0.775737
v 0.209222 0.396929 0.775692
v -0.775595 0.208728 0.397643
v -0.854814 -0.002078 -0.268922
v -0.131404 0.607447 -0.645630
v 0.774018 -0.209650 -0.400264
v -0.644296 0.128029 0.609502
v 0.002116 -0.268868 0.854798
v 0.208704 -0.397635 0.775579
v -0.209208 -0.396867 0.775692
v 0.609532 0.644334 -0.128020
v 0.854828 0.002140 -0.268922
v 0.644310 -0.127967 0.609502
v -0.131404 -0.607385 0.645584
v -0.400303 0.773636 0.210496
v 0.400317 0.773636 -0.210541
v 0.773612 -0.210487 0.400288
v 0.128005 -0.609494 0.644280
v -0.832503 -0.001561 -0.338064
v -0.567622 0.690831 0.086929
v -0.427561 0.777210 0.143243
v -0.338034 0.832541 0.001570
v -0.424985 0.778802 -0.142306
v -0.568252 0.690258 -0.089550
v 0.001599 0.338072 -0.832533
v -0.142276 0.425023 -0.778794
v -0.089520 0.568290 -0.690250
v 0.569857 0.689275 -0.086974
v 0.427575 0.777210 -0.143289
v 0.338048 0.832541 -0.001614
v 0.086959 0.567660 0.690777
v -0.086945 0.569881 0.689222
v -0.143259 0.427599 0.777156
v -0.001585 0.338072 0.832487
v 0.142290 0.425023 0.778749
v 0.777759 -0.140660 -0.426961
v 0.832517 0.001623 -0.338064
v 0.086959 -0.567598 -0.690823
v -0.086945 -0.569819 -0.689267
v -0.143259 -0.427537 -0.777202
v -0.001585 -0.338010 -0.832533
v 0.142290 -0.424961 -0.778794
v -0.777745 0.140722 0.426916
v -0.689237 0.086983 0.569827
v 0.690807 0.086983 0.567606
v 0.689251 -0.086921 0.569827
v 0.777186 -0.143235 0.427544
v 0.832517 -0.001561 0.338018
v 0.778778 0.142314 0.424969
v 0.569857 -0.689213 0.086929
v 0.427575 -0.777148 0.143243
v 0.140698 -0.426907 0.777730
v 0.001599 -0.338010 0.832487
v -0.142276 -0.424961 0.778749
v -0.089520 -0.568228 0.690205
v 0.086959 -0.569819 0.689222
v -0.426931 -0.777721 -0.140714
v -0.338034 -0.832479 -0.001615
v -0.424985 -0.778740 0.142260
v -0.568252 -0.690196 0.089504
v -0.569843 -0.689213 -0.086975
v 0.567107 0.175275 -0.634061
v 0.742351 0.283581 -0.350510
v 0.742351 -0.283519 0.350464
v 0.567107 -0.175213 0.634015
v 0.634045 -0.567069 -0.175267
v 0.350494 -0.742313 -0.283573
v 0.175251 -0.634007 0.567078
v -0.175237 -0.634007 0.567078
v -0.175237 -0.850620 -0.000023
v -0.350480 -0.742313 -0.283573
v -0.350480 -0.742313 0.283527
v 0.175251 0.850682 -0.000022
v 0.350494 0.742375 -0.283573
v 0.850658 0.000031 -0.175267
v 0.000007 -0.175213 -0.850674
v -0.283543 -0.350456 -0.742367
v 0.283557 -0.350456 -0.742367
v -0.850644 0.000031 0.175221
v -0.742337 0.283581 0.350464
v -0.742337 -0.283519 0.350464
v 0.742351 0.283581 0.350464
v 0.850658 0.000031 0.175221
v -0.850644 0.000031 -0.175267
v -0.742337 -0.283519 -0.350510
v -0.742337 0.283581 -0.350510
v -0.567093 0.175275 -0.634061
v -0.567093 -0.175213 -0.634061
v -0.350480 0.742375 0.283528
v -0.634031 0.567131 0.175221
v -0.175237 0.850682 -0.000022
v -0.350480 0.742375 -0.283573
v -0.634031 0.567131 -0.175266
v 0.000007 0.175275 -0.850674
v 0.283557 0.350518 -0.742367
v -0.283543 0.350518 -0.742367
v -0.175237 0.634069 -0.567123
v 0.175251 0.634069 -0.567123
v 0.634045 0.567131 0.175221
v 0.350494 0.742375 0.283528
v 0.634045 0.567131 -0.175266
v -0.175237 0.634069 0.567078
v 0.175251 0.634069 0.567078
v -0.283543 0.350518 0.742321
v 0.000007 0.175275 0.850628
v 0.283557 0.350518 0.742321
v -0.175237 -0.634007 -0.567123
v 0.175251 -0.634007 -0.567123
v -0.567093 -0.175213 0.634015
v -0.567093 0.175275 0.634015
v 0.567107 0.175275 0.634015
v 0.634045 -0.567069 0.175221
v 0.350494 -0.742313 0.283527
v 0.175251 -0.850620 -0.000023
v 0.000007 -0.175213 0.850628
v 0.283557 -0.350456 0.742321
v -0.283543 -0.350456 0.742321
v -0.634031 -0.567069 0.175221
v -0.634031 -0.567069 -0.175267
v 0.878158 0.009914 0.172541
v 0.877227 0.012353 -0.177109
v 0.876011 0.038209 -0.156884
v 0.875079 0.040648 0.161361
v 0.192509 -0.648771 -0.585706
v 0.302530 -0.365610 -0.758846
v 0.319533 -0.383933 -0.737532
v 0.223164 -0.641109 -0.576726
v -0.758816 0.302554 -0.365664
v -0.648795 0.585714 -0.192525
v -0.637814 0.580353 -0.223267
v -0.737503 0.319557 -0.383987
v 0.585690 0.192533 0.648780
v 0.758830 0.302554 0.365618
v 0.737517 0.319557 0.383941
v 0.576710 0.223188 0.641117
v 0.661131 -0.578037 0.172541
v 0.662063 -0.575598 -0.177109
v 0.678394 -0.555515 -0.156884
v 0.679326 -0.553076 0.161360
v -0.291529 0.349681 -0.770593
v -0.009876 0.172595 -0.878174
v -0.038911 0.156892 -0.875984
v -0.299294 0.318275 -0.776287
v -0.193070 0.652204 0.581715
v -0.369581 0.758279 0.299130
v -0.380010 0.738117 0.322874
v -0.222574 0.637801 0.580626
v 0.009890 0.172595 0.878129
v 0.012329 -0.177055 0.877198
v 0.038185 -0.156830 0.875981
v 0.040624 0.161414 0.875049
v 0.349657 -0.768675 0.296392
v 0.172571 -0.661093 0.578045
v 0.161390 -0.679288 0.553084
v 0.318251 -0.778096 0.294400
v 0.172571 0.878182 0.009861
v -0.177079 0.877251 0.012299
v -0.156854 0.876035 0.038155
v 0.161390 0.875103 0.040594
v -0.009876 -0.172533 0.878129
v -0.012315 0.177117 0.877198
v -0.038171 0.156892 0.875981
v -0.040610 -0.161352 0.875049
v -0.296408 -0.349619 -0.768728
v -0.012315 -0.177055 -0.877243
v 0.177093 -0.662025 -0.575652
v 0.349657 -0.770539 -0.291559
v 0.318251 -0.776233 -0.299324
v 0.156868 -0.678356 -0.555569
v 0.349657 0.768737 -0.296437
v 0.177093 0.877251 -0.012345
v 0.369595 0.758279 -0.299175
v 0.652180 0.581768 -0.193100
v 0.637777 0.580680 -0.222604
v 0.380024 0.738117 -0.322920
v -0.369581 -0.758216 -0.299175
v -0.652166 -0.581706 -0.193100
v -0.637763 -0.580618 -0.222604
v -0.380010 -0.738055 -0.322920
v -0.648795 -0.585652 0.192479
v -0.365634 -0.758792 0.302500
v -0.383957 -0.737479 0.319503
v -0.641133 -0.576672 0.223134
v -0.177079 0.662087 -0.575652
v -0.349643 0.770601 -0.291558
v -0.318237 0.776295 -0.299324
v -0.156854 0.678418 -0.555569
v 0.012329 0.177117 -0.877243
v 0.296422 0.349681 -0.768728
v 0.294430 0.318275 -0.778150
v 0.038185 0.156892 -0.876027
v 0.770577 0.291567 0.349627
v 0.758254 -0.299121 0.369565
v 0.581744 -0.193046 0.652151
v 0.580656 -0.222550 0.637748
v 0.738093 -0.322866 0.379995
v 0.009890 -0.172533 -0.878174
v 0.291543 -0.349619 -0.770593
v -0.662049 0.575660 -0.177108
v -0.770563 0.291567 -0.349673
v -0.776257 0.299332 -0.318267
v -0.678380 0.555577 -0.156884
v 0.776271 0.299332 0.318221
v 0.365648 -0.758792 -0.302546
v 0.383971 -0.737479 -0.319549
v -0.585676 0.192533 -0.648825
v -0.576696 0.223188 -0.641163
v 0.877227 -0.012291 0.177063
v 0.878158 -0.009852 -0.172587
v 0.302530 0.365672 0.758801
v 0.319533 0.383995 0.737487
v 0.768713 -0.296384 0.349627
v 0.778134 -0.294392 0.318221
v -0.575622 0.177117 -0.662078
v -0.555539 0.156892 -0.678410
v -0.299145 0.369619 0.758224
v -0.322890 0.380048 0.738063
v -0.223150 0.641171 -0.576726
v -0.319519 0.383995 -0.737532
v -0.358479 0.411319 -0.699941
v -0.279870 0.621339 -0.568529
v 0.876011 -0.038147 0.156838
v 0.793483 -0.300633 0.259884
v 0.873396 -0.091418 0.127975
v -0.555539 -0.156830 0.678365
v -0.299294 -0.318213 0.776241
v -0.304875 -0.259876 0.791842
v -0.514090 -0.127967 0.711929
v 0.299308 -0.318213 -0.776287
v 0.040624 -0.161352 -0.875095
v 0.093565 -0.131878 -0.872606
v 0.304889 -0.259876 -0.791888
v 0.383971 0.737541 0.319503
v 0.223164 0.641171 0.576680
v 0.279884 0.621339 0.568483
v 0.411295 0.699949 0.358464
v -0.161376 0.679350 0.553084
v 0.156868 0.678418 0.555524
v 0.128005 0.711983 0.514075
v -0.131902 0.712788 0.511966
v -0.317625 -0.776568 -0.299074
v -0.161376 -0.679288 -0.553130
v -0.131902 -0.712726 -0.512011
v -0.258941 -0.792314 -0.304495
v 0.156868 0.876035 -0.038201
v 0.318251 0.778158 -0.294445
v 0.259914 0.793507 -0.300687
v 0.128005 0.873420 -0.091472
v 0.384022 -0.737152 0.320166
v 0.637777 -0.580618 0.222558
v 0.618400 -0.571888 0.279356
v 0.411347 -0.699346 0.359475
v -0.875997 -0.038147 -0.156884
v -0.778120 -0.294392 -0.318267
v -0.793469 -0.300633 -0.259930
v -0.873382 -0.091418 -0.128021
v -0.383957 0.737541 -0.319549
v -0.411281 0.699949 -0.358508
v 0.875968 -0.038887 -0.156884
v 0.873283 -0.092561 -0.128021
v -0.554959 0.156892 0.678825
v -0.513163 0.128029 0.712606
v 0.552864 -0.160740 -0.679676
v 0.511585 -0.130918 -0.713260
v 0.637828 0.580353 0.223221
v 0.618453 0.571409 0.280368
v -0.318237 -0.776233 0.299278
v -0.156854 -0.875930 0.038895
v -0.127991 -0.873245 0.092569
v -0.259900 -0.791834 0.304859
v -0.317625 0.776630 0.299029
v -0.258941 0.792376 0.304449
v -0.319519 -0.383933 0.737487
v -0.580315 -0.223213 0.637798
v -0.571371 -0.280360 0.618423
v -0.358479 -0.411257 0.699896
v -0.156854 0.875992 -0.038941
v -0.127991 0.873307 -0.092614
v 0.576710 -0.223126 -0.641163
v 0.737688 -0.323073 -0.380625
v 0.699759 -0.361667 -0.408788
v 0.568514 -0.279846 -0.621330
v -0.875065 -0.040586 0.161361
v -0.872576 -0.093527 0.131886
v -0.618439 0.571409 -0.280413
v -0.878144 0.009914 -0.172587
v -0.875954 0.038949 -0.156884
v 0.299159 -0.369557 0.758224
v 0.322904 -0.379986 0.738063
v 0.578075 0.172595 -0.661147
v 0.553114 0.161414 -0.679342
v -0.172557 0.878182 -0.009905
v -0.192495 -0.648771 0.585660
v -0.223150 -0.641109 0.576680
v -0.758240 -0.299121 -0.369611
v -0.738079 -0.322866 -0.380040
v 0.758254 0.299183 -0.369611
v 0.737190 0.320220 -0.384038
v 0.172571 -0.878120 -0.009906
v 0.161390 -0.875041 -0.040640
v -0.296408 0.349681 0.768683
v -0.294416 0.318275 0.778104
v -0.349643 0.768737 0.296392
v -0.177079 -0.662025 0.575606
v -0.156854 -0.678356 0.555524
v 0.296422 -0.349619 0.768683
v 0.294430 -0.318213 0.778104
v -0.652166 0.581768 0.193054
v -0.640729 0.576941 0.223720
v 0.770577 -0.291505 -0.349673
v 0.776271 -0.299270 -0.318267
v 0.648809 0.585714 0.192480
v 0.585691 -0.192471 -0.648825
v 0.768713 0.296446 -0.349673
v 0.776606 0.299082 -0.317655
v 0.193084 -0.652142 0.581715
v 0.222588 -0.637739 0.580626
v 0.575636 -0.177055 -0.662078
v -0.302516 -0.365610 0.758801
v -0.581730 -0.193046 -0.652196
v -0.576903 -0.223711 -0.640759
v -0.177079 -0.877189 -0.012345
v -0.156854 -0.875973 -0.038201
v -0.578061 0.172595 0.661101
v -0.349643 -0.770539 0.291513
v 0.578075 -0.172533 0.661101
v 0.554973 -0.156830 0.678825
v 0.758830 -0.302492 -0.365664
v 0.369595 -0.758216 0.299129
v -0.585676 -0.192471 0.648780
v -0.349643 -0.768675 -0.296438
v -0.172557 -0.878120 0.009860
v -0.770563 -0.291505 0.349627
v -0.878144 -0.009852 0.172541
v -0.778203 -0.294802 0.317609
v -0.877213 -0.012291 -0.177109
v -0.038171 -0.156830 -0.876027
v -0.365634 0.758854 -0.302546
v -0.768699 -0.296384 -0.349673
v -0.877213 0.012353 0.177063
v -0.875997 0.038209 0.156838
v 0.581744 0.193108 -0.652196
v 0.580656 0.222612 -0.637793
v -0.172557 0.661155 0.578045
v -0.758240 0.299183 0.369565
v -0.738079 0.322928 0.379995
v -0.294416 -0.318213 -0.778150
v 0.365648 0.758854 0.302501
v -0.192495 0.648833 -0.585706
v -0.661117 -0.578037 -0.172587
v -0.679312 -0.553076 -0.161406
v 0.661131 0.578099 -0.172587
v 0.679326 0.553138 -0.161405
v -0.768699 0.296446 0.349627
v -0.778120 0.294454 0.318221
v -0.299145 -0.369557 -0.758270
v -0.322890 -0.379986 -0.738109
v 0.299159 0.369619 -0.758270
v 0.322904 0.380048 -0.738109
v -0.575622 -0.177055 0.662033
v 0.177093 0.662087 0.575606
v 0.575636 0.177117 0.662033
v 0.555553 0.156892 0.678365
v -0.581730 0.193108 0.652151
v -0.580642 0.222612 0.637748
v -0.578061 -0.172533 -0.661147
v -0.553100 -0.161352 -0.679342
v 0.192509 0.648833 0.585660
v -0.302516 0.365672 -0.758846
v 0.648809 -0.585653 -0.192525
v 0.641147 -0.576672 -0.223180
v -0.662049 -0.575598 0.177063
v -0.678380 -0.555515 0.156838
v 0.662063 0.575660 0.177063
v 0.678394 0.555577 0.156838
v -0.661117 0.578099 0.172542
v -0.679312 0.553138 0.161361
v 0.652180 -0.581706 0.193054
v 0.172571 0.661155 -0.578091
v 0.161390 0.679350 -0.553130
v -0.758816 -0.302492 0.365618
v -0.737503 -0.319495 0.383941
v -0.193070 -0.652142 -0.581760
v -0.222574 -0.637739 -0.580672
v 0.193084 0.652204 -0.581760
v 0.222588 0.637801 -0.580672
v -0.172557 -0.661093 -0.578091
v -0.291529 -0.349619 0.770548
v 0.349657 0.770601 0.291513
v 0.318251 0.776295 0.299279
v 0.177093 -0.877189 0.012299
v 0.156868 -0.875973 0.038155
v 0.291543 0.349681 0.770548
v 0.299308 0.318275 0.776241
v 0.571926 0.279410 -0.618416
v 0.361408 0.407906 -0.700438
v 0.412375 0.443787 -0.642984
v 0.555641 0.356460 -0.587046
v -0.699911 -0.358455 0.411265
v -0.642579 -0.410137 0.446309
v -0.553515 -0.359061 0.586712
v -0.873382 0.091480 0.127975
v -0.793469 0.300695 0.259884
v -0.809125 0.307268 0.176832
v -0.863472 0.164985 0.086929
v 0.621315 -0.568476 -0.279900
v 0.589229 -0.553028 -0.356828
v 0.640481 -0.412800 -0.446067
v -0.091442 -0.127967 -0.873412
v -0.300657 -0.259876 -0.793499
v -0.307230 -0.176824 -0.809155
v -0.164947 -0.086921 -0.863502
v 0.513177 -0.127967 0.712606
v 0.514104 0.128029 0.711929
v 0.452710 0.086983 0.753546
v 0.449581 -0.086921 0.754905
v -0.568796 -0.280736 -0.620668
v -0.361394 -0.407844 -0.700438
v -0.412361 -0.443726 -0.642984
v -0.553515 -0.359061 -0.586758
v 0.792352 0.304503 -0.258970
v 0.712764 0.512019 -0.131932
v 0.754184 0.451142 -0.089926
v 0.808673 0.308914 -0.173927
v -0.620638 0.568834 0.280744
v -0.700408 0.361432 0.407852
v -0.642954 0.412399 0.443735
v -0.586728 0.553553 0.359069
v -0.127991 -0.873358 -0.091472
v -0.173897 -0.808635 -0.308906
v -0.086945 -0.863448 -0.164977
v 0.699384 0.359529 -0.411362
v 0.640481 0.412862 -0.446067
v 0.279386 -0.618362 0.571896
v 0.446051 -0.640443 0.412808
v 0.356436 -0.586992 0.555611
v -0.873269 0.092623 -0.128021
v -0.862398 0.168223 -0.086974
v 0.791872 -0.304851 -0.259930
v 0.862412 -0.168161 -0.086975
v 0.807923 -0.310389 -0.176878
v -0.092585 0.128029 -0.873299
v -0.168185 0.086983 -0.862428
v -0.300657 0.259938 0.793453
v -0.449567 0.086983 0.754905
v -0.307230 0.176886 0.809109
v 0.511995 0.131940 -0.712780
v 0.449581 -0.086921 -0.754950
v 0.451118 0.089934 -0.754200
v 0.699925 0.358517 0.411266
v 0.586742 0.553553 0.359069
v 0.642593 0.410199 0.446309
v -0.127991 0.873420 0.091427
v -0.173897 0.808697 0.308860
v -0.086945 0.863510 0.164931
v 0.131916 -0.872552 -0.093581
v 0.089910 -0.862840 -0.166569
v -0.259900 0.791896 -0.304904
v -0.086945 0.862436 -0.168215
v -0.176848 0.807947 -0.310442
v -0.712750 -0.511957 -0.131932
v 0.700422 -0.361370 0.407852
v 0.131916 0.712788 -0.512011
v 0.128005 -0.711921 -0.514120
v 0.259914 0.791896 0.304860
v 0.358493 0.411319 0.699896
v 0.091456 0.128029 -0.873412
v -0.093551 -0.131878 0.872561
v 0.712764 -0.511957 0.131886
v -0.568500 0.279908 -0.621330
v -0.711945 -0.514066 0.127975
v 0.571926 -0.279348 0.618370
v -0.127991 0.711983 -0.514119
v 0.259914 -0.791834 -0.304905
v 0.131916 0.872614 0.093535
v 0.568514 0.279908 0.621285
v 0.300671 0.259938 -0.793499
v -0.091442 0.128029 0.873366
v 0.711959 -0.514066 -0.128021
v -0.699911 0.358517 -0.411311
v -0.793553 -0.301258 0.258924
v 0.361408 -0.407844 0.700392
v 0.128005 -0.873358 0.091426
v -0.571912 0.279410 0.618370
v 0.711959 0.514128 0.127975
v -0.279372 -0.618362 -0.571941
v 0.304889 0.259938 0.791842
v -0.511981 -0.131878 -0.712780
v 0.411295 -0.699887 -0.358509
v -0.712750 0.512019 0.131887
v -0.621301 -0.568476 0.279854
v 0.279386 0.618424 -0.571941
v 0.259914 -0.793445 0.300641
v -0.361394 0.407906 0.700392
v 0.791872 0.304913 0.259884
v -0.407868 -0.700384 -0.361424
v 0.093565 0.131940 0.872561
v -0.514090 0.128029 -0.711975
v 0.279884 -0.621277 -0.568529
v -0.711945 0.514128 -0.128020
v -0.411281 -0.699887 0.358463
v 0.407882 0.700447 -0.361424
v 0.131916 -0.712726 0.511965
v -0.279372 0.618424 0.571896
v 0.872590 0.093589 0.131886
v -0.618386 -0.571888 -0.279402
v 0.091456 -0.127967 0.873366
v -0.304875 0.259938 -0.791888
v 0.358493 -0.411257 -0.699941
v -0.791858 0.304913 -0.259930
v -0.279870 -0.621277 0.568483
v 0.618400 0.571950 -0.279402
v -0.127991 -0.711921 0.514074
v -0.407868 0.700447 0.361378
v 0.873396 0.091480 -0.128021
v -0.700408 -0.361370 -0.407898
v 0.300671 -0.259876 0.793453
v -0.808659 -0.308852 0.173881
v -0.862864 -0.166515 0.089880
v -0.863472 -0.164923 -0.086975
v -0.809125 -0.307206 -0.176878
v -0.754170 -0.451080 -0.089926
v -0.753562 -0.452672 0.086929
v -0.451104 -0.089872 -0.754200
v -0.452696 0.086983 -0.753592
v -0.310413 0.176886 -0.807939
v -0.586728 0.553553 -0.359114
v -0.446325 0.642617 -0.410190
v -0.356798 0.589253 -0.553082
v -0.410161 0.446363 -0.642609
v -0.553052 0.356836 -0.589245
v -0.642579 0.410199 -0.446354
v -0.754170 0.451142 0.089880
v -0.753562 0.452734 -0.086974
v -0.807909 0.310451 -0.176878
v 0.086959 0.863510 -0.164976
v 0.176862 0.809163 -0.307260
v 0.089910 0.754208 -0.451134
v -0.086945 0.753600 -0.452725
v 0.356436 0.587054 -0.555657
v 0.443763 0.642992 -0.412391
v 0.587030 0.555665 -0.356451
v -0.089896 0.754208 0.451088
v 0.086959 0.753600 0.452680
v 0.176862 0.807947 0.310398
v 0.089910 0.862902 0.166524
v -0.555627 0.356460 0.587000
v -0.412361 0.443788 0.642938
v -0.356422 0.587054 0.555611
v -0.443750 0.642992 0.412346
v 0.446339 0.642617 0.410146
v 0.356812 0.589253 0.553036
v 0.410175 0.446363 0.642563
v 0.553066 0.356836 0.589199
v 0.753576 0.452734 0.086929
v 0.807923 0.310451 0.176832
v 0.862878 0.166577 0.089880
v 0.863486 0.164985 -0.086974
v 0.310427 -0.176824 -0.807939
v 0.166553 -0.089872 -0.862894
v 0.164961 0.086983 -0.863502
v 0.307244 0.176886 -0.809155
v -0.356422 -0.586992 -0.555657
v -0.443750 -0.642930 -0.412391
v -0.587016 -0.555603 -0.356452
v -0.642954 -0.412337 -0.443780
v -0.452696 -0.086921 0.753546
v -0.310413 -0.176824 0.807894
v -0.166539 -0.089872 0.862849
v -0.164947 0.086983 0.863456
v 0.310427 0.176886 0.807894
v 0.166553 0.089934 0.862849
v 0.164961 -0.086921 0.863456
v 0.307244 -0.176824 0.809109
v 0.863486 -0.164923 0.086929
v 0.809139 -0.307206 0.176832
v 0.754184 -0.451080 0.089880
v 0.753576 -0.452672 -0.086975
v 0.446339 -0.642555 -0.410191
v 0.356812 -0.589191 -0.553082
v 0.410175 -0.446301 -0.642609
v 0.553066 -0.356774 -0.589245
v 0.587030 -0.555603 0.356406
v 0.642968 -0.412337 0.443733
v 0.555641 -0.356398 0.587000
v 0.412375 -0.443725 0.642938
v -0.589215 -0.553028 0.356782
v -0.446325 -0.642555 0.410145
v -0.356798 -0.589191 0.553036
v -0.410161 -0.446301 0.642563
v -0.089896 -0.754146 -0.451134
v 0.086959 -0.753538 -0.452726
v 0.176862 -0.807885 -0.310443
v -0.086945 -0.862374 0.168169
v 0.086959 -0.863448 0.164931
v 0.176862 -0.809101 0.307214
v 0.089910 -0.754146 0.451088
v -0.086945 -0.753538 0.452680
v -0.176848 -0.807885 0.310397
vt 0.000000 0.000000
vt 1.000000 0.000000
vt 1.000000 1.000000
vt 0.000000 1.000000
vt 0.000000 0.000000
vt 0.000000 0.000000
vt 0.000000 0.000000
vt 0.000000 0.000000
vt 0.000000 0.000000
vt 1.000000 0.000000
vt 1.000000 1.000000
vt 0.000000 1.000000
vt 0.000000 0.000000
vt 1.000000 0.000000
vt 1.000000 1.000000
vt 0.000000 1.000000
vt 0.000000 0.000000
vt 1.000000 0.000000
vt 1.000000 1.000000
vt 0.000000 1.000000
vt 0.000000 0.000000
vt 1.000000 0.000000
vt 1.000000 1.000000
vt 0.000000 1.000000
vt 0.000000 0.000000
vt 1.000000 0.000000
vt 1.000000 1.000000
vt 0.000000 1.000000
vt 0.000000 0.000000
vt 1.000000 0.000000
vt 1.000000 1.000000
vt 0.000000 1.000000
vt 0.000000 0.000000
vt 1.000000 0.000000
vt 1.000000 1.000000
vt 0.000000 1.000000
vt 0.000000 0.000000
vt 1.000000 0.000000
vt 1.000000 1.000000
vt 0.000000 1.000000
vt 0.000000 0.000000
vt 1.000000 0.000000
vt 1.000000 1.000000
vt 0.000000 1.000000
vt 0.000000 0.000000
vt 1.000000 0.000000
vt 1.000000 1.000000
vt 0.000000 1.000000
vt 0.000000 0.000000
vt 1.000000 0.000000
vt 1.000000 1.000000
vt 0.000000 1.000000
vt 0.000000 0.000000
vt 1.000000 0.000000
vt 1.000000 1.000000
vt 0.000000 1.000000
vt 0.000000 0.000000
vt 1.000000 0.000000
vt 1.000000 1.000000
vt 0.000000 1.000000
vt 0.000000 0.000000
vt 1.000000 0.000000
vt 1.000000 1.000000
vt 0.000000 1.000000
vt 0.000000 0.000000
vt 1.000000 0.000000
vt 1.000000 1.000000
vt 0.000000 1.000000
vt 0.000000 0.000000
vt 1.000000 0.000000
vt 1.000000 1.000000
vt 0.000000 1.000000
vt 0.000000 0.000000
vt 1.000000 0.000000
vt 1.000000 1.000000
vt 0.000000 1.000000
vt 0.000000 0.000000
vt 1.000000 0.000000
vt 1.000000 1.000000
vt 0.000000 1.000000
vt 0.000000 0.000000
vt 1.000000 0.000000
vt 1.000000 1.000000
vt 0.000000 1.000000
vt 0.000000 0.000000
vt 1.000000 0.000000
vt 1.000000 1.000000
vt 0.000000 1.000000
vt 0.000000 0.000000
vt 1.000000 0.000000
vt 1.000000 1.000000
vt 0.000000 1.000000
vt 0.000000 0.000000
vt 1.000000 0.000000
vt 1.000000 1.000000
vt 0.000000 1.000000
vt 0.000000 0.000000
vt 1.000000 0.000000
vt 1.000000 1.000000
vt 0.000000 1.000000
vt 0.000000 0.000000
vt 1.000000 0.000000
vt 1.000000 1.000000
vt 0.000000 1.000000
vt 0.000000 0.000000
vt 1.000000 0.000000
vt 1.000000 1.000000
vt 0.000000 1.000000
vt 0.000000 0.000000
vt 1.000000 0.000000
vt 1.000000 1.000000
vt 0.000000 1.000000
vt 0.000000 0.000000
vt 1.000000 0.000000
vt 1.000000 1.000000
vt 0.000000 1.000000
vt 0.000000 0.000000
vt 1.000000 0.000000
vt 1.000000 1.000000
vt 0.000000 1.000000
vt 0.000000 0.000000
vt 1.000000 0.000000
vt 1.000000 1.000000
vt 0.000000 1.000000
vt 0.000000 0.000000
vt 1.000000 0.000000
vt 1.000000 1.000000
vt 0.000000 1.000000
vt 0.000000 0.000000
vt 1.000000 0.000000
vt 1.000000 1.000000
vt 0.000000 1.000000
vt 0.000000 0.000000
vt 1.000000 0.000000
vt 1.000000 1.000000
vt 0.000000 1.000000
vt 0.000000 0.000000
vt 1.000000 0.000000
vt 1.000000 1.000000
vt 0.000000 1.000000
vt 0.000000 0.000000
vt 1.000000 0.000000
vt 1.000000 1.000000
vt 0.000000 1.000000
vt 0.000000 0.000000
vt 1.000000 0.000000
vt 1.000000 1.000000
vt 0.000000 1.000000
vt 0.000000 0.000000
vt 1.000000 0.000000
vt 1.000000 1.000000
vt 0.000000 1.000000
vt 0.000000 0.000000
vt 1.000000 0.000000
vt 1.000000 1.000000
vt 0.000000 1.000000
vt 0.000000 0.000000
vt 1.000000 0.000000
vt 1.000000 1.000000
vt 0.000000 1.000000
vt 0.000000 0.000000
vt 1.000000 0.000000
vt 1.000000 1.000000
vt 0.000000 1.000000
vt 0.000000 0.000000
vt 1.000000 0.000000
vt 1.000000 1.000000
vt 0.000000 1.000000
vt 0.000000 0.000000
vt 1.000000 0.000000
vt 1.000000 1.000000
vt 0.000000 1.000000
vt 0.000000 0.000000
vt 1.000000 0.000000
vt 1.000000 1.000000
vt 0.000000 1.000000
vt 0.000000 0.000000
vt 1.000000 0.000000
vt 1.000000 1.000000
vt 0.000000 1.000000
vt 0.000000 0.000000
vt 1.000000 0.000000
vt 1.000000 1.000000
vt 0.000000 1.000000
vt 0.000000 0.000000
vt 1.000000 0.000000
vt 1.000000 1.000000
vt 0.000000 1.000000
vt 0.000000 0.000000
vt 1.000000 0.000000
vt 1.000000 1.000000
vt 0.000000 1.000000
vt 0.000000 0.000000
vt 1.000000 0.000000
vt 1.000000 1.000000
vt 0.000000 1.000000
vt 0.000000 0.000000
vt 1.000000 0.000000
vt 1.000000 1.000000
vt 0.000000 1.000000
vt 0.000000 0.000000
vt 1.000000 0.000000
vt 1.000000 1.000000
vt 0.000000 1.000000
vt 0.000000 0.000000
vt 1.000000 0.000000
vt 1.000000 1.000000
vt 0.000000 1.000000
vt 0.000000 0.000000
vt 1.000000 0.000000
vt 1.000000 1.000000
vt 0.000000 1.000000
vt 0.000000 0.000000
vt 1.000000 0.000000
vt 1.000000 1.000000
vt 0.000000 1.000000
vt 0.000000 0.000000
vt 1.000000 0.000000
vt 1.000000 1.000000
vt 0.000000 1.000000
vt 0.000000 0.000000
vt 1.000000 0.000000
vt 1.000000 1.000000
vt 0.000000 1.000000
vt 1.000000 0.000000
vt 1.000000 1.000000
vt 0.000000 1.000000
vt 0.000000 0.000000
vt 1.000000 0.000000
vt 1.000000 1.000000
vt 0.000000 1.000000
vt 0.000000 0.000000
vt 1.000000 0.000000
vt 1.000000 1.000000
vt 0.000000 1.000000
vt 0.000000 0.000000
vt 1.000000 0.000000
vt 1.000000 1.000000
vt 0.000000 1.000000
vt 0.000000 0.000000
vt 1.000000 0.000000
vt 1.000000 1.000000
vt 0.000000 1.000000
vt 1.000000 0.000000
vt 1.000000 1.000000
vt 0.000000 1.000000
vt 0.000000 0.000000
vt 1.000000 0.000000
vt 1.000000 1.000000
vt 0.000000 1.000000
vt 0.000000 0.000000
vt 1.000000 0.000000
vt 1.000000 1.000000
vt 0.000000 1.000000
vt 0.000000 0.000000
vt 1.000000 0.000000
vt 1.000000 1.000000
vt 0.000000 1.000000
vt 0.000000 0.000000
vt 1.000000 0.000000
vt 1.000000 1.000000
vt 0.000000 1.000000
vt 0.000000 0.000000
vt 1.000000 0.000000
vt 1.000000 1.000000
vt 0.000000 1.000000
vt 0.000000 0.000000
vt 1.000000 0.000000
vt 1.000000 1.000000
vt 0.000000 1.000000
vt 0.000000 0.000000
vt 1.000000 0.000000
vt 1.000000 1.000000
vt 0.000000 1.000000
vt 0.000000 0.000000
vt 1.000000 0.000000
vt 1.000000 1.000000
vt 0.000000 1.000000
vt 0.000000 0.000000
vt 1.000000 0.000000
vt 1.000000 1.000000
vt 0.000000 1.000000
vt 0.000000 0.000000
vt 1.000000 0.000000
vt 1.000000 1.000000
vt 0.000000 1.000000
vt 0.000000 0.000000
vt 1.000000 0.000000
vt 1.000000 1.000000
vt 0.000000 1.000000
vt 0.000000 0.000000
vt 1.000000 0.000000
vt 1.000000 1.000000
vt 0.000000 1.000000
vt 0.000000 0.000000
vt 1.000000 0.000000
vt 1.000000 1.000000
vt 0.000000 1.000000
vt 0.000000 0.000000
vt 1.000000 0.000000
vt 1.000000 1.000000
vt 0.000000 1.000000
vt 0.000000 0.000000
vt 1.000000 0.000000
vt 1.000000 1.000000
vt 0.000000 1.000000
vt 0.000000 0.000000
vt 1.000000 0.000000
vt 1.000000 1.000000
vt 0.000000 1.000000
vt 0.000000 0.000000
vt 1.000000 0.000000
vt 1.000000 1.000000
vt 0.000000 1.000000
vt 0.000000 0.000000
vt 1.000000 0.000000
vt 1.000000 1.000000
vt 0.000000 1.000000
vt 0.000000 0.000000
vt 1.000000 0.000000
vt 1.000000 1.000000
vt 0.000000 1.000000
vt 0.000000 0.000000
vt 1.000000 0.000000
vt 1.000000 1.000000
vt 0.000000 1.000000
vt 0.000000 0.000000
vt 1.000000 0.000000
vt 1.000000 1.000000
vt 0.000000 1.000000
vt 0.000000 0.000000
vt 1.000000 0.000000
vt 1.000000 1.000000
vt 0.000000 1.000000
vt 0.000000 0.000000
vt 1.000000 0.000000
vt 1.000000 1.000000
vt 0.000000 1.000000
vt 0.000000 0.000000
vt 1.000000 0.000000
vt 1.000000 1.000000
vt 0.000000 1.000000
vt 0.000000 0.000000
vt 1.000000 0.000000
vt 1.000000 1.000000
vt 0.000000 1.000000
vt 0.000000 0.000000
vt 1.000000 0.000000
vt 1.000000 1.000000
vt 0.000000 1.000000
vt 0.000000 0.000000
vt 1.000000 0.000000
vt 1.000000 1.000000
vt 0.000000 1.000000
vt 0.000000 0.000000
vt 1.000000 0.000000
vt 1.000000 1.000000
vt 0.000000 1.000000
vt 0.000000 0.000000
vt 1.000000 0.000000
vt 1.000000 1.000000
vt 0.000000 1.000000
vt 0.000000 0.000000
vt 1.000000 0.000000
vt 1.000000 1.000000
vt 0.000000 1.000000
vt 0.000000 0.000000
vt 1.000000 0.000000
vt 1.000000 1.000000
vt 0.000000 1.000000
vt 0.000000 0.000000
vt 1.000000 0.000000
vt 1.000000 1.000000
vt 0.000000 1.000000
vt 0.000000 0.000000
vt 1.000000 0.000000
vt 1.000000 1.000000
vt 0.000000 1.000000
vt 0.000000 0.000000
vt 1.000000 0.000000
vt 1.000000 1.000000
vt 0.000000 1.000000
vt 0.000000 0.000000
vt 1.000000 0.000000
vt 1.000000 1.000000
vt 0.000000 1.000000
vt 0.000000 0.000000
vt 1.000000 0.000000
vt 1.000000 1.000000
vt 0.000000 1.000000
vt 0.000000 0.000000
vt 1.000000 0.000000
vt 1.000000 1.000000
vt 0.000000 1.000000
vt 0.000000 0.000000
vt 1.000000 0.000000
vt 1.000000 1.000000
vt 0.000000 1.000000
vt 0.000000 0.000000
vt 1.000000 0.000000
vt 1.000000 1.000000
vt 0.000000 1.000000
vt 0.000000 0.000000
vt 1.000000 0.000000
vt 1.000000 1.000000
vt 0.000000 1.000000
vt 0.000000 0.000000
vt 1.000000 0.000000
vt 1.000000 1.000000
vt 0.000000 1.000000
vt 0.000000 0.000000
vt 1.000000 0.000000
vt 1.000000 1.000000
vt 0.000000 1.000000
vt 0.000000 0.000000
vt 1.000000 0.000000
vt 1.000000 1.000000
vt 0.000000 1.000000
vt 0.000000 0.000000
vt 1.000000 0.000000
vt 1.000000 1.000000
vt 0.000000 1.000000
vt 0.000000 0.000000
vt 1.000000 0.000000
vt 1.000000 1.000000
vt 0.000000 1.000000
vt 0.000000 0.000000
vt 1.000000 0.000000
vt 1.000000 1.000000
vt 0.000000 1.000000
vt 0.000000 0.000000
vt 1.000000 0.000000
vt 1.000000 1.000000
vt 0.000000 1.000000
vt 0.000000 0.000000
vt 1.000000 0.000000
vt 1.000000 1.000000
vt 0.000000 1.000000
vt 0.000000 0.000000
vt 1.000000 0.000000
vt 1.000000 1.000000
vt 0.000000 1.000000
vt 0.000000 0.000000
vt 1.000000 0.000000
vt 1.000000 1.000000
vt 0.000000 1.000000
vt 0.000000 0.000000
vt 1.000000 0.000000
vt 1.000000 1.000000
vt 0.000000 1.000000
vt 0.000000 0.000000
vt 1.000000 0.000000
vt 1.000000 1.000000
vt 0.000000 1.000000
vt 0.000000 0.000000
vt 1.000000 0.000000
vt 1.000000 1.000000
vt 0.000000 1.000000
vt 0.000000 0.000000
vt 1.000000 0.000000
vt 1.000000 1.000000
vt 0.000000 1.000000
vt 0.000000 0.000000
vt 1.000000 0.000000
vt 1.000000 1.000000
vt 0.000000 1.000000
vt 0.000000 0.000000
vt 1.000000 0.000000
vt 1.000000 1.000000
vt 0.000000 1.000000
vt 0.000000 0.000000
vt 1.000000 0.000000
vt 1.000000 1.000000
vt 0.000000 1.000000
vt 0.000000 0.000000
vt 1.000000 0.000000
vt 1.000000 1.000000
vt 0.000000 1.000000
vt 0.000000 0.000000
vt 1.000000 0.000000
vt 1.000000 1.000000
vt 0.000000 1.000000
vt 0.000000 0.000000
vt 1.000000 0.000000
vt 1.000000 1.000000
vt 0.000000 1.000000
vt 0.000000 0.000000
vt 1.000000 0.000000
vt 1.000000 1.000000
vt 0.000000 1.000000
vt 0.000000 0.000000
vt 1.000000 0.000000
vt 1.000000 1.000000
vt 0.000000 1.000000
vt 0.000000 0.000000
vt 1.000000 0.000000
vt 1.000000 1.000000
vt 0.000000 1.000000
vt 0.000000 0.000000
vt 1.000000 0.000000
vt 1.000000 1.000000
vt 0.000000 1.000000
vt 0.000000 0.000000
vt 1.000000 0.000000
vt 1.000000 1.000000
vt 0.000000 1.000000
vt 0.000000 0.000000
vt 1.000000 0.000000
vt 1.000000 1.000000
vt 0.000000 1.000000
vt 0.000000 0.000000
vt 1.000000 0.000000
vt 1.000000 1.000000
vt 0.000000 1.000000
vt 0.000000 0.000000
vt 1.000000 0.000000
vt 1.000000 1.000000
vt 0.000000 1.000000
vt 0.000000 0.000000
vt 1.000000 0.000000
vt 1.000000 1.000000
vt 0.000000 1.000000
vt 0.000000 0.000000
vt 1.000000 0.000000
vt 1.000000 1.000000
vt 0.000000 1.000000
vt 0.500000 1.000000
vt 0.975528 0.654508
vt 0.793893 0.095491
vt 0.206107 0.095492
vt 0.024472 0.654509
vt 0.500000 1.000000
vt 0.975528 0.654508
vt 0.793893 0.095491
vt 0.206107 0.095492
vt 0.024472 0.654509
vt 0.500000 1.000000
vt 0.975528 0.654508
vt 0.793893 0.095491
vt 0.206107 0.095492
vt 0.024472 0.654509
vt 0.500000 1.000000
vt 0.975528 0.654508
vt 0.793893 0.095491
vt 0.206107 0.095492
vt 0.024472 0.654509
vt 0.500000 1.000000
vt 0.975528 0.654508
vt 0.793893 0.095491
vt 0.206107 0.095492
vt 0.024472 0.654509
vt 0.500000 1.000000
vt 0.975528 0.654508
vt 0.793893 0.095491
vt 0.206107 0.095492
vt 0.024472 0.654509
vt 0.500000 1.000000
vt 0.975528 0.654508
vt 0.793893 0.095491
vt 0.206107 0.095492
vt 0.024472 0.654509
vt 0.500000 1.000000
vt 0.975528 0.654508
vt 0.793893 0.095491
vt 0.206107 0.095492
vt 0.024472 0.654509
vt 0.500000 1.000000
vt 0.975528 0.654508
vt 0.793893 0.095491
vt 0.206107 0.095492
vt 0.024472 0.654509
vt 0.500000 1.000000
vt 0.975528 0.654508
vt 0.793893 0.095491
vt 0.206107 0.095492
vt 0.024472 0.654509
vt 0.500000 1.000000
vt 0.975528 0.654508
vt 0.793893 0.095491
vt 0.206107 0.095492
vt 0.024472 0.654509
vt 0.500000 1.000000
vt 0.975528 0.654508
vt 0.793893 0.095491
vt 0.206107 0.095492
vt 0.024472 0.654509
vt 0.000000 0.000000
vt 1.000000 0.000000
vt 1.000000 1.000000
vt 0.000000 1.000000
vt 0.000000 0.000000
vt 1.000000 0.000000
vt 1.000000 1.000000
vt 0.000000 1.000000
vt 0.000000 0.000000
vt 1.000000 0.000000
vt 1.000000 1.000000
vt 0.000000 1.000000
vt 0.000000 0.000000
vt 1.000000 0.000000
vt 1.000000 1.000000
vt 0.000000 1.000000
vt 0.000000 0.000000
vt 1.000000 0.000000
vt 1.000000 1.000000
vt 0.000000 1.000000
vt 0.000000 0.000000
vt 1.000000 0.000000
vt 1.000000 1.000000
vt 0.000000 1.000000
vt 0.000000 0.000000
vt 1.000000 0.000000
vt 1.000000 1.000000
vt 0.000000 1.000000
vt 0.000000 0.000000
vt 1.000000 0.000000
vt 1.000000 1.000000
vt 0.000000 1.000000
vt 0.000000 0.000000
vt 1.000000 0.000000
vt 1.000000 1.000000
vt 0.000000 1.000000
vt 0.000000 0.000000
vt 1.000000 0.000000
vt 1.000000 1.000000
vt 0.000000 1.000000
vt 0.000000 0.000000
vt 1.000000 0.000000
vt 1.000000 1.000000
vt 0.000000 1.000000
vt 0.000000 0.000000
vt 1.000000 0.000000
vt 1.000000 1.000000
vt 0.000000 1.000000
vt 0.000000 0.000000
vt 1.000000 0.000000
vt 1.000000 1.000000
vt 0.000000 1.000000
vt 0.000000 0.000000
vt 1.000000 0.000000
vt 1.000000 1.000000
vt 0.000000 1.000000
vt 0.000000 0.000000
vt 1.000000 0.000000
vt 1.000000 1.000000
vt 0.000000 1.000000
vt 0.000000 0.000000
vt 1.000000 0.000000
vt 1.000000 1.000000
vt 0.000000 1.000000
vt 0.000000 0.000000
vt 1.000000 0.000000
vt 1.000000 1.000000
vt 0.000000 1.000000
vt 0.000000 0.000000
vt 1.000000 0.000000
vt 1.000000 1.000000
vt 0.000000 1.000000
vt 0.000000 0.000000
vt 1.000000 0.000000
vt 1.000000 1.000000
vt 0.000000 1.000000
vt 0.000000 0.000000
vt 1.000000 0.000000
vt 1.000000 1.000000
vt 0.000000 1.000000
vt 0.000000 0.000000
vt 1.000000 0.000000
vt 1.000000 1.000000
vt 0.000000 1.000000
vt 0.000000 0.000000
vt 1.000000 0.000000
vt 1.000000 1.000000
vt 0.000000 1.000000
vt 0.000000 0.000000
vt 1.000000 0.000000
vt 1.000000 1.000000
vt 0.000000 1.000000
vt 0.000000 0.000000
vt 1.000000 0.000000
vt 1.000000 1.000000
vt 0.000000 1.000000
vt 0.000000 0.000000
vt 1.000000 0.000000
vt 1.000000 1.000000
vt 0.000000 1.000000
vt 0.000000 0.000000
vt 1.000000 0.000000
vt 1.000000 1.000000
vt 0.000000 1.000000
vt 0.000000 0.000000
vt 1.000000 0.000000
vt 1.000000 1.000000
vt 0.000000 1.000000
vt 0.000000 0.000000
vt 1.000000 0.000000
vt 1.000000 1.000000
vt 0.000000 1.000000
vt 0.000000 0.000000
vt 1.000000 0.000000
vt 1.000000 1.000000
vt 0.000000 1.000000
vt 0.000000 0.000000
vt 1.000000 0.000000
vt 1.000000 1.000000
vt 0.000000 1.000000
vt 0.000000 0.000000
vt 1.000000 0.000000
vt 1.000000 1.000000
vt 0.000000 1.000000
vt 0.000000 0.000000
vt 1.000000 0.000000
vt 1.000000 1.000000
vt 0.000000 1.000000
vt 0.000000 0.000000
vt 1.000000 0.000000
vt 1.000000 1.000000
vt 0.000000 1.000000
vt 0.000000 0.000000
vt 1.000000 0.000000
vt 1.000000 1.000000
vt 0.000000 1.000000
vt 0.000000 0.000000
vt 1.000000 0.000000
vt 1.000000 1.000000
vt 0.000000 1.000000
vt 0.000000 0.000000
vt 1.000000 0.000000
vt 1.000000 1.000000
vt 0.000000 1.000000
vt 0.000000 0.000000
vt 1.000000 0.000000
vt 1.000000 1.000000
vt 0.000000 1.000000
vt 0.000000 0.000000
vt 1.000000 0.000000
vt 1.000000 1.000000
vt 0.000000 1.000000
vt 0.000000 0.000000
vt 1.000000 0.000000
vt 1.000000 1.000000
vt 0.000000 1.000000
vt 0.000000 0.000000
vt 1.000000 0.000000
vt 1.000000 1.000000
vt 0.000000 1.000000
vt 0.000000 0.000000
vt 1.000000 0.000000
vt 1.000000 1.000000
vt 0.000000 1.000000
vt 0.000000 0.000000
vt 1.000000 0.000000
vt 1.000000 1.000000
vt 0.000000 1.000000
vt 0.000000 0.000000
vt 1.000000 0.000000
vt 1.000000 1.000000
vt 0.000000 1.000000
vt 0.000000 0.000000
vt 1.000000 0.000000
vt 1.000000 1.000000
vt 0.000000 1.000000
vt 0.000000 0.000000
vt 1.000000 0.000000
vt 1.000000 1.000000
vt 0.000000 1.000000
vt 0.000000 0.000000
vt 1.000000 0.000000
vt 1.000000 1.000000
vt 0.000000 1.000000
vt 0.000000 0.000000
vt 1.000000 0.000000
vt 1.000000 1.000000
vt 0.000000 1.000000
vt 0.000000 0.000000
vt 1.000000 0.000000
vt 1.000000 1.000000
vt 0.000000 1.000000
vt 0.000000 0.000000
vt 1.000000 0.000000
vt 1.000000 1.000000
vt 0.000000 1.000000
vt 0.000000 0.000000
vt 0.000000 0.000000
vt 0.000000 0.000000
vt 0.000000 0.000000
vt 0.000000 0.000000
vt 0.000000 0.000000
vt 0.000000 0.000000
vt 0.000000 0.000000
vt 0.000000 0.000000
vt 0.000000 0.000000
vt 0.000000 0.000000
vt 0.000000 0.000000
vt 0.000000 0.000000
vt 0.000000 0.000000
vt 0.000000 0.000000
vt 0.000000 0.000000
vt 0.000000 0.000000
vt 0.000000 0.000000
vt 0.000000 0.000000
vt 0.000000 0.000000
vt 0.000000 0.000000
vt 0.000000 0.000000
vt 0.000000 0.000000
vt 0.000000 0.000000
vt 0.000000 0.000000
vt 0.000000 0.000000
vt 0.000000 0.000000
vt 0.000000 0.000000
vt 0.000000 0.000000
vt 0.000000 0.000000
vt 0.000000 0.000000
vt 0.000000 0.000000
vt 0.000000 0.000000
vt 0.000000 0.000000
vt 0.000000 0.000000
vt 0.000000 0.000000
vt 0.000000 0.000000
vt 0.000000 0.000000
vt 0.000000 0.000000
vt 0.000000 0.000000
vt 0.000000 0.000000
vt 0.000000 0.000000
vt 0.000000 0.000000
vt 0.000000 0.000000
vt 0.000000 0.000000
vt 0.000000 0.000000
vt 0.000000 0.000000
vt 0.000000 0.000000
vt 0.000000 0.000000
vt 0.000000 0.000000
vt 0.000000 0.000000
vt 0.000000 0.000000
vt 0.000000 0.000000
vt 0.000000 0.000000
vt 0.000000 0.000000
vt 0.000000 0.000000
vt 0.000000 0.000000
vt 0.000000 0.000000
vt 0.000000 0.000000
vt 1.000000 0.000000
vt 1.000000 1.000000
vt 0.000000 1.000000
vt 0.000000 0.000000
vt 1.000000 0.000000
vt 1.000000 1.000000
vt 0.000000 1.000000
vt 0.000000 0.000000
vt 1.000000 0.000000
vt 1.000000 1.000000
vt 0.000000 1.000000
vt 0.000000 0.000000
vt 1.000000 0.000000
vt 1.000000 1.000000
vt 0.000000 1.000000
vt 0.000000 0.000000
vt 1.000000 0.000000
vt 1.000000 1.000000
vt 0.000000 1.000000
vt 0.000000 0.000000
vt 1.000000 0.000000
vt 1.000000 1.000000
vt 0.000000 1.000000
vt 0.000000 0.000000
vt 1.000000 0.000000
vt 1.000000 1.000000
vt 0.000000 1.000000
vt 0.000000 0.000000
vt 1.000000 0.000000
vt 1.000000 1.000000
vt 0.000000 1.000000
vt 0.000000 0.000000
vt 1.000000 0.000000
vt 1.000000 1.000000
vt 0.000000 1.000000
vt 0.000000 0.000000
vt 1.000000 0.000000
vt 1.000000 1.000000
vt 0.000000 1.000000
vt 0.000000 0.000000
vt 1.000000 0.000000
vt 1.000000 1.000000
vt 0.000000 1.000000
vt 0.000000 0.000000
vt 0.000000 0.000000
vt 0.000000 0.000000
vt 1.000000 0.000000
vt 1.000000 1.000000
vt 0.000000 1.000000
vt 0.000000 0.000000
vt 0.000000 0.000000
vt 0.000000 0.000000
vt 1.000000 0.000000
vt 1.000000 1.000000
vt 0.000000 1.000000
vt 0.000000 0.000000
vt 1.000000 0.000000
vt 1.000000 1.000000
vt 0.000000 1.000000
vt 0.000000 0.000000
vt 1.000000 0.000000
vt 1.000000 1.000000
vt 0.000000 1.000000
vt 0.000000 0.000000
vt 1.000000 0.000000
vt 1.000000 1.000000
vt 0.000000 1.000000
vt 0.000000 0.000000
vt 1.000000 0.000000
vt 1.000000 1.000000
vt 0.000000 1.000000
vt 0.000000 0.000000
vt 0.000000 0.000000
vt 0.000000 0.000000
vt 1.000000 0.000000
vt 1.000000 1.000000
vt 0.000000 1.000000
vt 0.000000 0.000000
vt 0.000000 0.000000
vt 0.000000 0.000000
vt 1.000000 0.000000
vt 1.000000 1.000000
vt 0.000000 1.000000
vt 1.000000 0.000000
vt 1.000000 1.000000
vt 0.000000 1.000000
vt 0.000000 0.000000
vt 1.000000 0.000000
vt 1.000000 1.000000
vt 0.000000 1.000000
vt 0.000000 0.000000
vt 1.000000 0.000000
vt 1.000000 1.000000
vt 0.000000 1.000000
vt 0.000000 0.000000
vt 0.000000 0.000000
vt 0.000000 0.000000
vt 1.000000 0.000000
vt 1.000000 1.000000
vt 0.000000 1.000000
vt 0.000000 0.000000
vt 1.000000 0.000000
vt 1.000000 1.000000
vt 0.000000 1.000000
vt 0.000000 0.000000
vt 1.000000 0.000000
vt 1.000000 1.000000
vt 0.000000 1.000000
vt 0.000000 0.000000
vt 1.000000 0.000000
vt 1.000000 1.000000
vt 0.000000 1.000000
vt 0.000000 0.000000
vt 1.000000 0.000000
vt 1.000000 1.000000
vt 0.000000 1.000000
vt 0.000000 0.000000
vt 1.000000 0.000000
vt 1.000000 1.000000
vt 0.000000 1.000000
vt 0.000000 0.000000
vt 1.000000 0.000000
vt 1.000000 1.000000
vt 0.000000 1.000000
vt 0.000000 0.000000
vt 1.000000 0.000000
vt 1.000000 1.000000
vt 0.000000 1.000000
vt 0.000000 0.000000
vt 1.000000 0.000000
vt 1.000000 1.000000
vt 0.000000 1.000000
vt 0.000000 0.000000
vt 1.000000 0.000000
vt 1.000000 1.000000
vt 0.000000 1.000000
vt 0.000000 0.000000
vt 1.000000 0.000000
vt 1.000000 1.000000
vt 0.000000 1.000000
vt 0.000000 0.000000
vt 1.000000 0.000000
vt 1.000000 1.000000
vt 0.000000 1.000000
vt 0.000000 0.000000
vt 1.000000 0.000000
vt 1.000000 1.000000
vt 0.000000 1.000000
vt 0.000000 0.000000
vt 1.000000 0.000000
vt 1.000000 1.000000
vt 0.000000 1.000000
vt 0.000000 0.000000
vt 1.000000 0.000000
vt 1.000000 1.000000
vt 0.000000 1.000000
vt 0.000000 0.000000
vt 1.000000 0.000000
vt 1.000000 1.000000
vt 0.000000 1.000000
vt 0.000000 0.000000
vt 1.000000 0.000000
vt 1.000000 1.000000
vt 0.000000 1.000000
vt 0.000000 0.000000
vt 1.000000 0.000000
vt 1.000000 1.000000
vt 0.000000 1.000000
vt 0.000000 0.000000
vt 1.000000 0.000000
vt 1.000000 1.000000
vt 0.000000 1.000000
vt 0.000000 0.000000
vt 1.000000 0.000000
vt 1.000000 1.000000
vt 0.000000 1.000000
vt 0.000000 0.000000
vt 1.000000 0.000000
vt 1.000000 1.000000
vt 0.000000 1.000000
vt 0.000000 0.000000
vt 1.000000 0.000000
vt 1.000000 1.000000
vt 0.000000 1.000000
vt 0.000000 0.000000
vt 1.000000 0.000000
vt 1.000000 1.000000
vt 0.000000 1.000000
vt 0.000000 0.000000
vt 1.000000 0.000000
vt 1.000000 1.000000
vt 0.000000 1.000000
vt 0.000000 0.000000
vt 1.000000 0.000000
vt 1.000000 1.000000
vt 0.000000 1.000000
vt 0.000000 0.000000
vt 1.000000 0.000000
vt 1.000000 1.000000
vt 0.000000 1.000000
vt 0.000000 0.000000
vt 1.000000 0.000000
vt 1.000000 1.000000
vt 0.000000 1.000000
vt 0.000000 0.000000
vt 1.000000 0.000000
vt 1.000000 1.000000
vt 0.000000 1.000000
vt 0.000000 0.000000
vt 1.000000 0.000000
vt 1.000000 1.000000
vt 0.000000 1.000000
vt 0.000000 0.000000
vt 1.000000 0.000000
vt 1.000000 1.000000
vt 0.000000 1.000000
vt 0.000000 0.000000
vt 1.000000 0.000000
vt 1.000000 1.000000
vt 0.000000 1.000000
vt 0.000000 0.000000
vt 1.000000 0.000000
vt 1.000000 1.000000
vt 0.000000 1.000000
vt 0.000000 0.000000
vt 1.000000 0.000000
vt 1.000000 1.000000
vt 0.000000 1.000000
vt 0.000000 0.000000
vt 1.000000 0.000000
vt 1.000000 1.000000
vt 0.000000 1.000000
vt 0.000000 0.000000
vt 1.000000 0.000000
vt 1.000000 1.000000
vt 0.000000 1.000000
vt 0.000000 0.000000
vt 1.000000 0.000000
vt 1.000000 1.000000
vt 0.000000 1.000000
vt 0.000000 0.000000
vt 1.000000 0.000000
vt 1.000000 1.000000
vt 0.000000 1.000000
vt 0.000000 0.000000
vt 1.000000 0.000000
vt 1.000000 1.000000
vt 0.000000 1.000000
vt 0.000000 0.000000
vt 1.000000 0.000000
vt 1.000000 1.000000
vt 0.000000 1.000000
vt 0.000000 0.000000
vt 1.000000 0.000000
vt 1.000000 1.000000
vt 0.000000 1.000000
vt 0.000000 0.000000
vt 1.000000 0.000000
vt 1.000000 1.000000
vt 0.000000 1.000000
vt 0.000000 0.000000
vt 1.000000 0.000000
vt 1.000000 1.000000
vt 0.000000 1.000000
vt 1.000000 0.000000
vt 1.000000 1.000000
vt 0.000000 1.000000
vt 0.000000 0.000000
vt 1.000000 0.000000
vt 1.000000 1.000000
vt 0.000000 1.000000
vt 0.000000 0.000000
vt 1.000000 0.000000
vt 1.000000 1.000000
vt 0.000000 1.000000
vt 0.000000 0.000000
vt 1.000000 0.000000
vt 1.000000 1.000000
vt 0.000000 1.000000
vt 0.000000 0.000000
vt 1.000000 0.000000
vt 1.000000 1.000000
vt 0.000000 1.000000
vt 0.000000 0.000000
vt 1.000000 0.000000
vt 1.000000 1.000000
vt 0.000000 1.000000
vt 0.000000 0.000000
vt 1.000000 0.000000
vt 1.000000 1.000000
vt 0.000000 1.000000
vt 0.000000 0.000000
vt 1.000000 0.000000
vt 1.000000 1.000000
vt 0.000000 1.000000
vt 0.000000 0.000000
vt 1.000000 0.000000
vt 1.000000 1.000000
vt 0.000000 1.000000
vt 0.000000 0.000000
vt 1.000000 0.000000
vt 1.000000 1.000000
vt 0.000000 1.000000
vt 0.000000 0.000000
vt 1.000000 0.000000
vt 1.000000 1.000000
vt 0.000000 1.000000
vt 0.000000 0.000000
vt 1.000000 0.000000
vt 1.000000 1.000000
vt 0.000000 1.000000
vt 0.000000 0.000000
vt 1.000000 0.000000
vt 1.000000 1.000000
vt 0.000000 1.000000
vt 0.000000 0.000000
vt 1.000000 0.000000
vt 1.000000 1.000000
vt 0.000000 1.000000
vt 0.000000 0.000000
vt 1.000000 0.000000
vt 1.000000 1.000000
vt 0.000000 1.000000
vt 0.000000 0.000000
vt 1.000000 0.000000
vt 1.000000 1.000000
vt 0.000000 1.000000
vt 0.000000 0.000000
vt 1.000000 0.000000
vt 1.000000 1.000000
vt 0.000000 1.000000
vt 0.000000 0.000000
vt 1.000000 0.000000
vt 1.000000 1.000000
vt 0.000000 1.000000
vt 0.000000 0.000000
vt 1.000000 0.000000
vt 1.000000 1.000000
vt 0.000000 1.000000
vt 0.000000 0.000000
vt 1.000000 0.000000
vt 1.000000 1.000000
vt 0.000000 1.000000
vt 0.000000 0.000000
vt 1.000000 0.000000
vt 1.000000 1.000000
vt 0.000000 1.000000
vt 0.000000 0.000000
vt 1.000000 0.000000
vt 1.000000 1.000000
vt 0.000000 1.000000
vt 0.000000 0.000000
vt 1.000000 0.000000
vt 1.000000 1.000000
vt 0.000000 1.000000
vt 0.000000 0.000000
vt 1.000000 0.000000
vt 1.000000 1.000000
vt 0.000000 1.000000
vt 0.000000 0.000000
vt 1.000000 0.000000
vt 1.000000 1.000000
vt 0.000000 1.000000
vt 1.000000 0.000000
vt 1.000000 1.000000
vt 0.000000 1.000000
vt 0.000000 0.000000
vt 1.000000 0.000000
vt 1.000000 1.000000
vt 0.000000 1.000000
vt 0.000000 0.000000
vt 1.000000 0.000000
vt 1.000000 1.000000
vt 0.000000 1.000000
vt 0.000000 0.000000
vt 1.000000 0.000000
vt 1.000000 1.000000
vt 0.000000 1.000000
vt 0.000000 0.000000
vt 1.000000 0.000000
vt 1.000000 1.000000
vt 0.000000 1.000000
vt 0.000000 0.000000
vt 1.000000 0.000000
vt 1.000000 1.000000
vt 0.000000 1.000000
vt 0.000000 0.000000
vt 1.000000 0.000000
vt 1.000000 1.000000
vt 0.000000 1.000000
vt 1.000000 0.000000
vt 1.000000 1.000000
vt 0.000000 1.000000
vt 0.000000 0.000000
vt 1.000000 0.000000
vt 1.000000 1.000000
vt 0.000000 1.000000
vt 0.000000 0.000000
vt 1.000000 0.000000
vt 1.000000 1.000000
vt 0.000000 1.000000
vt 0.000000 0.000000
vt 1.000000 0.000000
vt 1.000000 1.000000
vt 0.000000 1.000000
vt 0.000000 0.000000
vt 1.000000 0.000000
vt 1.000000 1.000000
vt 0.000000 1.000000
vt 0.000000 0.000000
vt 1.000000 0.000000
vt 1.000000 1.000000
vt 0.000000 1.000000
vt 0.000000 0.000000
vt 1.000000 0.000000
vt 1.000000 1.000000
vt 0.000000 1.000000
vt 1.000000 0.000000
vt 1.000000 1.000000
vt 0.000000 1.000000
vt 1.000000 0.000000
vt 1.000000 1.000000
vt 0.000000 1.000000
vt 0.000000 0.000000
vt 1.000000 0.000000
vt 1.000000 1.000000
vt 0.000000 1.000000
vt 0.000000 0.000000
vt 1.000000 0.000000
vt 1.000000 1.000000
vt 0.000000 1.000000
vt 0.000000 0.000000
vt 1.000000 0.000000
vt 1.000000 1.000000
vt 0.000000 1.000000
vt 0.000000 0.000000
vt 1.000000 0.000000
vt 1.000000 1.000000
vt 0.000000 1.000000
vt 0.000000 0.000000
vt 1.000000 0.000000
vt 1.000000 1.000000
vt 0.000000 1.000000
vt 0.000000 0.000000
vt 1.000000 0.000000
vt 1.000000 1.000000
vt 0.000000 1.000000
vt 0.000000 0.000000
vt 1.000000 0.000000
vt 1.000000 1.000000
vt 0.000000 1.000000
vt 1.000000 0.000000
vt 1.000000 1.000000
vt 0.000000 1.000000
vt 1.000000 0.000000
vt 1.000000 1.000000
vt 0.000000 1.000000
vt 0.000000 0.000000
vt 1.000000 0.000000
vt 1.000000 1.000000
vt 0.000000 1.000000
vt 0.000000 0.000000
vt 1.000000 0.000000
vt 1.000000 1.000000
vt 0.000000 1.000000
vt 0.000000 0.000000
vt 1.000000 0.000000
vt 1.000000 1.000000
vt 0.000000 1.000000
vt 0.000000 0.000000
vt 1.000000 0.000000
vt 1.000000 1.000000
vt 0.000000 1.000000
vt 0.000000 0.000000
vt 1.000000 0.000000
vt 1.000000 1.000000
vt 0.000000 1.000000
vt 0.000000 0.000000
vt 1.000000 0.000000
vt 1.000000 1.000000
vt 0.000000 1.000000
vt 0.000000 0.000000
vt 1.000000 0.000000
vt 1.000000 1.000000
vt 0.000000 1.000000
vt 0.000000 0.000000
vt 1.000000 0.000000
vt 1.000000 1.000000
vt 0.000000 1.000000
vt 0.000000 0.000000
vt 1.000000 0.000000
vt 1.000000 1.000000
vt 0.000000 1.000000
vt 0.000000 0.000000
vt 1.000000 0.000000
vt 1.000000 1.000000
vt 0.000000 1.000000
vt 1.000000 0.000000
vt 1.000000 1.000000
vt 0.000000 1.000000
vt 0.000000 0.000000
vt 1.000000 0.000000
vt 1.000000 1.000000
vt 0.000000 1.000000
vt 0.000000 0.000000
vt 1.000000 0.000000
vt 1.000000 1.000000
vt 0.000000 1.000000
vt 0.000000 0.000000
vt 1.000000 0.000000
vt 1.000000 1.000000
vt 0.000000 1.000000
vt 0.000000 0.000000
vt 1.000000 0.000000
vt 1.000000 1.000000
vt 0.000000 1.000000
vt 0.000000 0.000000
vt 1.000000 0.000000
vt 1.000000 1.000000
vt 0.000000 1.000000
vt 0.000000 0.000000
vt 1.000000 0.000000
vt 1.000000 1.000000
vt 0.000000 1.000000
vt 0.000000 0.000000
vt 1.000000 0.000000
vt 1.000000 1.000000
vt 0.000000 1.000000
vt 1.000000 0.000000
vt 1.000000 1.000000
vt 0.000000 1.000000
vt 0.000000 0.000000
vt 1.000000 0.000000
vt 1.000000 1.000000
vt 0.000000 1.000000
vt 0.000000 0.000000
vt 1.000000 0.000000
vt 1.000000 1.000000
vt 0.000000 1.000000
vt 0.000000 0.000000
vt 1.000000 0.000000
vt 1.000000 1.000000
vt 0.000000 1.000000
vt 0.000000 0.000000
vt 1.000000 0.000000
vt 1.000000 1.000000
vt 0.000000 1.000000
vt 0.000000 0.000000
vt 1.000000 0.000000
vt 1.000000 1.000000
vt 0.000000 1.000000
vt 0.000000 0.000000
vt 1.000000 0.000000
vt 1.000000 1.000000
vt 0.000000 1.000000
vt 0.000000 0.000000
vt 1.000000 0.000000
vt 1.000000 1.000000
vt 0.000000 1.000000
vt 0.000000 0.000000
vt 1.000000 0.000000
vt 1.000000 1.000000
vt 0.000000 1.000000
vt 0.000000 0.000000
vt 1.000000 0.000000
vt 1.000000 1.000000
vt 0.000000 1.000000
vt 0.000000 0.000000
vt 1.000000 0.000000
vt 1.000000 1.000000
vt 0.000000 1.000000
vt 0.000000 0.000000
vt 1.000000 0.000000
vt 1.000000 1.000000
vt 0.000000 1.000000
vt 0.000000 0.000000
vt 1.000000 0.000000
vt 1.000000 1.000000
vt 0.000000 1.000000
vt 0.000000 0.000000
vt 1.000000 0.000000
vt 1.000000 1.000000
vt 0.000000 1.000000
vt 0.000000 0.000000
vt 1.000000 0.000000
vt 1.000000 1.000000
vt 0.000000 1.000000
vt 0.000000 0.000000
vt 1.000000 0.000000
vt 1.000000 1.000000
vt 0.000000 1.000000
vt 0.000000 0.000000
vt 1.000000 0.000000
vt 1.000000 1.000000
vt 0.000000 1.000000
vt 0.000000 0.000000
vt 1.000000 0.000000
vt 1.000000 1.000000
vt 0.000000 1.000000
vt 0.000000 0.000000
vt 1.000000 0.000000
vt 1.000000 1.000000
vt 0.000000 1.000000
vt 0.000000 0.000000
vt 1.000000 0.000000
vt 1.000000 1.000000
vt 0.000000 1.000000
vt 0.000000 0.000000
vt 1.000000 0.000000
vt 1.000000 1.000000
vt 0.000000 1.000000
vt 0.000000 0.000000
vt 1.000000 0.000000
vt 1.000000 1.000000
vt 0.000000 1.000000
vt 0.000000 0.000000
vt 1.000000 0.000000
vt 1.000000 1.000000
vt 0.000000 1.000000
vt 0.000000 0.000000
vt 1.000000 0.000000
vt 1.000000 1.000000
vt 0.000000 1.000000
vt 0.000000 0.000000
vt 1.000000 0.000000
vt 1.000000 1.000000
vt 0.000000 1.000000
vt 0.000000 0.000000
vt 1.000000 0.000000
vt 1.000000 1.000000
vt 0.000000 1.000000
vt 0.000000 0.000000
vt 1.000000 0.000000
vt 1.000000 1.000000
vt 0.000000 1.000000
vt 0.000000 0.000000
vt 1.000000 0.000000
vt 1.000000 1.000000
vt 0.000000 1.000000
vt 0.000000 0.000000
vt 1.000000 0.000000
vt 1.000000 1.000000
vt 0.000000 1.000000
vt 0.000000 0.000000
vt 1.000000 0.000000
vt 1.000000 1.000000
vt 0.000000 1.000000
vt 0.000000 0.000000
vt 1.000000 0.000000
vt 1.000000 1.000000
vt 0.000000 1.000000
vt 0.000000 0.000000
vt 1.000000 0.000000
vt 1.000000 1.000000
vt 0.000000 1.000000
vt 0.000000 0.000000
vt 1.000000 0.000000
vt 1.000000 1.000000
vt 0.000000 1.000000
vt 0.000000 0.000000
vt 1.000000 0.000000
vt 1.000000 1.000000
vt 0.000000 1.000000
vt 0.000000 0.000000
vt 1.000000 0.000000
vt 1.000000 1.000000
vt 0.000000 1.000000
vt 0.000000 0.000000
vt 1.000000 0.000000
vt 1.000000 1.000000
vt 0.000000 1.000000
vt 0.000000 0.000000
vt 1.000000 0.000000
vt 1.000000 1.000000
vt 0.000000 1.000000
vt 0.000000 0.000000
vt 1.000000 0.000000
vt 1.000000 1.000000
vt 0.000000 1.000000
vt 0.000000 0.000000
vt 1.000000 0.000000
vt 1.000000 1.000000
vt 0.000000 1.000000
vt 0.000000 0.000000
vt 1.000000 0.000000
vt 1.000000 1.000000
vt 0.000000 1.000000
vt 0.000000 0.000000
vt 1.000000 0.000000
vt 1.000000 1.000000
vt 0.000000 1.000000
vt 0.000000 0.000000
vt 1.000000 0.000000
vt 1.000000 1.000000
vt 0.000000 1.000000
vt 0.000000 0.000000
vt 1.000000 0.000000
vt 1.000000 1.000000
vt 0.000000 1.000000
vt 0.000000 0.000000
vt 1.000000 0.000000
vt 1.000000 1.000000
vt 0.000000 1.000000
vt 0.000000 0.000000
vt 1.000000 0.000000
vt 1.000000 1.000000
vt 0.000000 1.000000
vt 0.000000 0.000000
vt 1.000000 0.000000
vt 1.000000 1.000000
vt 0.000000 1.000000
vt 0.000000 0.000000
vt 1.000000 0.000000
vt 1.000000 1.000000
vt 0.000000 1.000000
vt 0.000000 0.000000
vt 1.000000 0.000000
vt 1.000000 1.000000
vt 0.000000 1.000000
vt 0.000000 0.000000
vt 1.000000 0.000000
vt 1.000000 1.000000
vt 0.000000 1.000000
vt 0.000000 0.000000
vt 1.000000 0.000000
vt 1.000000 1.000000
vt 0.000000 1.000000
vt 0.000000 0.000000
vt 1.000000 0.000000
vt 1.000000 1.000000
vt 0.000000 1.000000
vt 0.000000 0.000000
vt 1.000000 0.000000
vt 1.000000 1.000000
vt 0.000000 1.000000
vt 0.000000 0.000000
vt 1.000000 0.000000
vt 1.000000 1.000000
vt 0.000000 1.000000
vt 0.000000 0.000000
vt 1.000000 0.000000
vt 1.000000 1.000000
vt 0.000000 1.000000
vt 0.000000 0.000000
vt 1.000000 0.000000
vt 1.000000 1.000000
vt 0.000000 1.000000
vt 0.000000 0.000000
vt 1.000000 0.000000
vt 1.000000 1.000000
vt 0.000000 1.000000
vt 0.000000 0.000000
vt 1.000000 0.000000
vt 1.000000 1.000000
vt 0.000000 1.000000
vt 0.000000 0.000000
vt 1.000000 0.000000
vt 1.000000 1.000000
vt 0.000000 1.000000
vt 0.000000 0.000000
vt 1.000000 0.000000
vt 1.000000 1.000000
vt 0.000000 1.000000
vt 0.000000 0.000000
vt 1.000000 0.000000
vt 1.000000 1.000000
vt 0.000000 1.000000
vt 0.000000 0.000000
vt 1.000000 0.000000
vt 1.000000 1.000000
vt 0.000000 1.000000
vt 0.000000 0.000000
vt 1.000000 0.000000
vt 1.000000 1.000000
vt 0.000000 1.000000
vt 0.000000 0.000000
vt 1.000000 0.000000
vt 1.000000 1.000000
vt 0.000000 1.000000
vt 0.000000 0.000000
vt 1.000000 0.000000
vt 1.000000 1.000000
vt 0.000000 1.000000
vt 0.000000 0.000000
vt 1.000000 0.000000
vt 1.000000 1.000000
vt 0.000000 1.000000
vt 0.000000 0.000000
vt 1.000000 0.000000
vt 1.000000 1.000000
vt 0.000000 1.000000
vt 0.000000 0.000000
vt 1.000000 0.000000
vt 1.000000 1.000000
vt 0.000000 1.000000
vt 0.000000 0.000000
vt 1.000000 0.000000
vt 1.000000 1.000000
vt 0.000000 1.000000
vt 0.000000 0.000000
vt 1.000000 0.000000
vt 1.000000 1.000000
vt 0.000000 1.000000
vt 0.000000 0.000000
vt 1.000000 0.000000
vt 1.000000 1.000000
vt 0.000000 1.000000
vt 0.000000 0.000000
vt 1.000000 0.000000
vt 1.000000 1.000000
vt 0.000000 1.000000
vt 0.000000 0.000000
vt 1.000000 0.000000
vt 1.000000 1.000000
vt 0.000000 1.000000
vt 0.000000 0.000000
vt 1.000000 0.000000
vt 1.000000 1.000000
vt 0.000000 1.000000
vt 0.000000 0.000000
vt 1.000000 0.000000
vt 1.000000 1.000000
vt 0.000000 1.000000
vt 0.000000 0.000000
vt 1.000000 0.000000
vt 1.000000 1.000000
vt 0.000000 1.000000
vt 0.000000 0.000000
vt 1.000000 0.000000
vt 1.000000 1.000000
vt 0.000000 1.000000
vt 0.000000 0.000000
vt 1.000000 0.000000
vt 1.000000 1.000000
vt 0.000000 1.000000
vt 0.000000 0.000000
vt 1.000000 0.000000
vt 1.000000 1.000000
vt 0.000000 1.000000
vt 0.000000 0.000000
vt 1.000000 0.000000
vt 1.000000 1.000000
vt 0.000000 1.000000
vt 0.000000 0.000000
vt 1.000000 0.000000
vt 1.000000 1.000000
vt 0.000000 1.000000
vt 0.000000 0.000000
vt 1.000000 0.000000
vt 1.000000 1.000000
vt 0.000000 1.000000
vt 0.000000 0.000000
vt 1.000000 0.000000
vt 1.000000 1.000000
vt 0.000000 1.000000
vt 0.000000 0.000000
vt 1.000000 0.000000
vt 1.000000 1.000000
vt 0.000000 1.000000
vt 0.000000 0.000000
vt 1.000000 0.000000
vt 1.000000 1.000000
vt 0.000000 1.000000
vt 0.000000 0.000000
vt 1.000000 0.000000
vt 1.000000 1.000000
vt 0.000000 1.000000
vt 0.000000 0.000000
vt 1.000000 0.000000
vt 1.000000 1.000000
vt 0.000000 1.000000
vt 0.000000 0.000000
vt 1.000000 0.000000
vt 1.000000 1.000000
vt 0.000000 1.000000
vt 0.000000 0.000000
vt 1.000000 0.000000
vt 1.000000 1.000000
vt 0.000000 1.000000
vt 0.000000 0.000000
vt 1.000000 0.000000
vt 1.000000 1.000000
vt 0.000000 1.000000
vt 0.000000 0.000000
vt 1.000000 0.000000
vt 1.000000 1.000000
vt 0.000000 1.000000
vt 0.000000 0.000000
vt 1.000000 0.000000
vt 1.000000 1.000000
vt 0.000000 1.000000
vt 0.000000 0.000000
vt 1.000000 0.000000
vt 1.000000 1.000000
vt 0.000000 1.000000
vt 0.000000 0.000000
vt 1.000000 0.000000
vt 1.000000 1.000000
vt 0.000000 1.000000
vt 0.000000 0.000000
vt 1.000000 0.000000
vt 1.000000 1.000000
vt 0.000000 1.000000
vt 0.000000 0.000000
vt 1.000000 0.000000
vt 1.000000 1.000000
vt 0.000000 1.000000
vt 0.000000 0.000000
vt 1.000000 0.000000
vt 1.000000 1.000000
vt 0.000000 1.000000
vt 0.000000 0.000000
vt 1.000000 0.000000
vt 1.000000 1.000000
vt 0.000000 1.000000
vt 0.000000 0.000000
vt 1.000000 0.000000
vt 1.000000 1.000000
vt 0.000000 1.000000
vt 0.000000 0.000000
vt 1.000000 0.000000
vt 1.000000 1.000000
vt 0.000000 1.000000
vt 0.000000 0.000000
vt 1.000000 0.000000
vt 1.000000 1.000000
vt 0.000000 1.000000
vt 0.000000 0.000000
vt 1.000000 0.000000
vt 1.000000 1.000000
vt 0.000000 1.000000
vt 0.000000 0.000000
vt 1.000000 0.000000
vt 1.000000 1.000000
vt 0.000000 1.000000
vt 0.000000 0.000000
vt 1.000000 0.000000
vt 1.000000 1.000000
vt 0.000000 1.000000
vt 0.000000 0.000000
vt 1.000000 0.000000
vt 1.000000 1.000000
vt 0.000000 1.000000
vt 0.000000 0.000000
vt 1.000000 0.000000
vt 1.000000 1.000000
vt 0.000000 1.000000
vt 0.000000 0.000000
vt 1.000000 0.000000
vt 1.000000 1.000000
vt 0.000000 1.000000
vt 0.000000 0.000000
vt 1.000000 0.000000
vt 1.000000 1.000000
vt 0.000000 1.000000
vt 0.000000 0.000000
vt 1.000000 0.000000
vt 1.000000 1.000000
vt 0.000000 1.000000
vt 0.000000 0.000000
vt 1.000000 0.000000
vt 1.000000 1.000000
vt 0.000000 1.000000
vt 0.000000 0.000000
vt 1.000000 0.000000
vt 1.000000 1.000000
vt 0.000000 1.000000
vt 0.000000 0.000000
vt 1.000000 0.000000
vt 1.000000 1.000000
vt 0.000000 1.000000
vt 0.000000 0.000000
vt 1.000000 0.000000
vt 1.000000 1.000000
vt 0.000000 1.000000
vt 0.000000 0.000000
vt 1.000000 0.000000
vt 1.000000 1.000000
vt 0.000000 1.000000
vt 0.000000 0.000000
vt 1.000000 0.000000
vt 1.000000 1.000000
vt 0.000000 1.000000
vt 0.000000 0.000000
vt 1.000000 0.000000
vt 1.000000 1.000000
vt 0.000000 1.000000
vt 0.000000 0.000000
vt 1.000000 0.000000
vt 1.000000 1.000000
vt 0.000000 1.000000
vt 0.000000 0.000000
vt 1.000000 0.000000
vt 1.000000 1.000000
vt 0.000000 1.000000
vt 0.000000 0.000000
vt 1.000000 0.000000
vt 1.000000 1.000000
vt 0.000000 1.000000
vt 0.000000 0.000000
vt 1.000000 0.000000
vt 1.000000 1.000000
vt 0.000000 1.000000
vt 0.000000 0.000000
vt 1.000000 0.000000
vt 1.000000 1.000000
vt 0.000000 1.000000
vt 0.000000 0.000000
vt 1.000000 0.000000
vt 1.000000 1.000000
vt 0.000000 1.000000
vt 0.000000 0.000000
vt 1.000000 0.000000
vt 1.000000 1.000000
vt 0.000000 1.000000
vt 0.000000 0.000000
vt 1.000000 0.000000
vt 1.000000 1.000000
vt 0.000000 1.000000
vt 0.000000 0.000000
vt 1.000000 0.000000
vt 1.000000 1.000000
vt 0.000000 1.000000
vt 0.000000 0.000000
vt 1.000000 0.000000
vt 1.000000 1.000000
vt 0.000000 1.000000
vt 0.000000 0.000000
vt 1.000000 0.000000
vt 1.000000 1.000000
vt 0.000000 1.000000
vt 0.000000 0.000000
vt 1.000000 0.000000
vt 1.000000 1.000000
vt 0.000000 1.000000
vt 0.000000 0.000000
vt 1.000000 0.000000
vt 1.000000 1.000000
vt 0.000000 1.000000
vt 0.000000 0.000000
vt 1.000000 0.000000
vt 1.000000 1.000000
vt 0.000000 1.000000
vt 0.500000 1.000000
vt 0.933013 0.750000
vt 0.933013 0.250000
vt 0.500000 0.000000
vt 0.066987 0.250000
vt 0.066987 0.750000
vt 0.500000 1.000000
vt 0.933013 0.750000
vt 0.933013 0.250000
vt 0.500000 0.000000
vt 0.066987 0.250000
vt 0.066987 0.750000
vt 0.500000 1.000000
vt 0.933013 0.750000
vt 0.933013 0.250000
vt 0.500000 0.000000
vt 0.066987 0.250000
vt 0.066987 0.750000
vt 0.500000 1.000000
vt 0.933013 0.750000
vt 0.933013 0.250000
vt 0.500000 0.000000
vt 0.066987 0.250000
vt 0.066987 0.750000
vt 0.500000 1.000000
vt 0.933013 0.750000
vt 0.933013 0.250000
vt 0.500000 0.000000
vt 0.066987 0.250000
vt 0.066987 0.750000
vt 0.500000 1.000000
vt 0.933013 0.750000
vt 0.933013 0.250000
vt 0.500000 0.000000
vt 0.066987 0.250000
vt 0.066987 0.750000
vt 0.500000 1.000000
vt 0.933013 0.750000
vt 0.933013 0.250000
vt 0.500000 0.000000
vt 0.066987 0.250000
vt 0.066987 0.750000
vt 0.500000 1.000000
vt 0.933013 0.750000
vt 0.933013 0.250000
vt 0.500000 0.000000
vt 0.066987 0.250000
vt 0.066987 0.750000
vt 0.500000 1.000000
vt 0.933013 0.750000
vt 0.933013 0.250000
vt 0.500000 0.000000
vt 0.066987 0.250000
vt 0.066987 0.750000
vt 0.500000 1.000000
vt 0.933013 0.750000
vt 0.933013 0.250000
vt 0.500000 0.000000
vt 0.066987 0.250000
vt 0.066987 0.750000
vt 0.500000 1.000000
vt 0.933013 0.750000
vt 0.933013 0.250000
vt 0.500000 0.000000
vt 0.066987 0.250000
vt 0.066987 0.750000
vt 0.500000 1.000000
vt 0.933013 0.750000
vt 0.933013 0.250000
vt 0.500000 0.000000
vt 0.066987 0.250000
vt 0.066987 0.750000
vt 0.500000 1.000000
vt 0.933013 0.750000
vt 0.933013 0.250000
vt 0.500000 0.000000
vt 0.066987 0.250000
vt 0.066987 0.750000
vt 0.500000 1.000000
vt 0.933013 0.750000
vt 0.933013 0.250000
vt 0.500000 0.000000
vt 0.066987 0.250000
vt 0.066987 0.750000
vt 0.500000 1.000000
vt 0.933013 0.750000
vt 0.933013 0.250000
vt 0.500000 0.000000
vt 0.066987 0.250000
vt 0.066987 0.750000
vt 0.500000 1.000000
vt 0.933013 0.750000
vt 0.933013 0.250000
vt 0.500000 0.000000
vt 0.066987 0.250000
vt 0.066987 0.750000
vt 0.500000 1.000000
vt 0.933013 0.750000
vt 0.933013 0.250000
vt 0.500000 0.000000
vt 0.066987 0.250000
vt 0.066987 0.750000
vt 0.500000 1.000000
vt 0.933013 0.750000
vt 0.933013 0.250000
vt 0.500000 0.000000
vt 0.066987 0.250000
vt 0.066987 0.750000
vt 0.500000 1.000000
vt 0.933013 0.750000
vt 0.933013 0.250000
vt 0.500000 0.000000
vt 0.066987 0.250000
vt 0.066987 0.750000
vt 0.500000 1.000000
vt 0.933013 0.750000
vt 0.933013 0.250000
vt 0.500000 0.000000
vt 0.066987 0.250000
vt 0.066987 0.750000
vt 0.000000 0.000000
vt 1.000000 0.000000
vt 1.000000 1.000000
vt 0.000000 1.000000
vt 0.000000 0.000000
vt 1.000000 0.000000
vt 1.000000 1.000000
vt 0.000000 1.000000
vt 0.000000 0.000000
vt 1.000000 0.000000
vt 1.000000 1.000000
vt 0.000000 1.000000
vt 0.000000 0.000000
vt 1.000000 0.000000
vt 1.000000 1.000000
vt 0.000000 1.000000
vt 0.000000 0.000000
vt 1.000000 0.000000
vt 1.000000 1.000000
vt 0.000000 1.000000
vt 0.000000 0.000000
vt 1.000000 0.000000
vt 1.000000 1.000000
vt 0.000000 1.000000
vt 0.000000 0.000000
vt 1.000000 0.000000
vt 1.000000 1.000000
vt 0.000000 1.000000
vt 0.000000 0.000000
vt 1.000000 0.000000
vt 1.000000 1.000000
vt 0.000000 1.000000
vt 0.000000 0.000000
vt 1.000000 0.000000
vt 1.000000 1.000000
vt 0.000000 1.000000
vt 0.000000 0.000000
vt 1.000000 0.000000
vt 1.000000 1.000000
vt 0.000000 1.000000
vt 0.000000 0.000000
vt 1.000000 0.000000
vt 1.000000 1.000000
vt 0.000000 1.000000
vt 0.000000 0.000000
vt 1.000000 0.000000
vt 1.000000 1.000000
vt 0.000000 1.000000
vt 0.000000 0.000000
vt 1.000000 0.000000
vt 1.000000 1.000000
vt 0.000000 1.000000
vt 0.000000 0.000000
vt 1.000000 0.000000
vt 1.000000 1.000000
vt 0.000000 1.000000
vt 0.000000 0.000000
vt 1.000000 0.000000
vt 1.000000 1.000000
vt 0.000000 1.000000
vt 0.000000 0.000000
vt 1.000000 0.000000
vt 1.000000 1.000000
vt 0.000000 1.000000
vt 0.000000 0.000000
vt 1.000000 0.000000
vt 1.000000 1.000000
vt 0.000000 1.000000
vt 0.000000 0.000000
vt 1.000000 0.000000
vt 1.000000 1.000000
vt 0.000000 1.000000
vt 0.000000 0.000000
vt 1.000000 0.000000
vt 1.000000 1.000000
vt 0.000000 1.000000
vt 0.000000 0.000000
vt 1.000000 0.000000
vt 1.000000 1.000000
vt 0.000000 1.000000
vt 0.000000 0.000000
vt 1.000000 0.000000
vt 1.000000 1.000000
vt 0.000000 1.000000
vt 0.000000 0.000000
vt 1.000000 0.000000
vt 1.000000 1.000000
vt 0.000000 1.000000
vt 0.000000 0.000000
vt 1.000000 0.000000
vt 1.000000 1.000000
vt 0.000000 1.000000
vt 0.000000 0.000000
vt 1.000000 0.000000
vt 1.000000 1.000000
vt 0.000000 1.000000
vt 0.000000 0.000000
vt 1.000000 0.000000
vt 1.000000 1.000000
vt 0.000000 1.000000
vt 0.000000 0.000000
vt 1.000000 0.000000
vt 1.000000 1.000000
vt 0.000000 1.000000
vt 0.000000 0.000000
vt 1.000000 0.000000
vt 1.000000 1.000000
vt 0.000000 1.000000
vt 0.000000 0.000000
vt 1.000000 0.000000
vt 1.000000 1.000000
vt 0.000000 1.000000
vt 0.000000 0.000000
vt 1.000000 0.000000
vt 1.000000 1.000000
vt 0.000000 1.000000
vt 0.000000 0.000000
vt 1.000000 0.000000
vt 1.000000 1.000000
vt 0.000000 1.000000
vt 0.000000 0.000000
vt 1.000000 0.000000
vt 1.000000 1.000000
vt 0.000000 1.000000
vt 0.000000 0.000000
vt 1.000000 0.000000
vt 1.000000 1.000000
vt 0.000000 1.000000
vt 0.000000 0.000000
vt 1.000000 0.000000
vt 1.000000 1.000000
vt 0.000000 1.000000
vt 0.000000 0.000000
vt 1.000000 0.000000
vt 1.000000 1.000000
vt 0.000000 1.000000
vt 0.000000 0.000000
vt 1.000000 0.000000
vt 1.000000 1.000000
vt 0.000000 1.000000
vt 0.000000 0.000000
vt 1.000000 0.000000
vt 1.000000 1.000000
vt 0.000000 1.000000
vt 0.000000 0.000000
vt 1.000000 0.000000
vt 1.000000 1.000000
vt 0.000000 1.000000
vt 0.000000 0.000000
vt 1.000000 0.000000
vt 1.000000 1.000000
vt 0.000000 1.000000
vt 0.000000 0.000000
vt 1.000000 0.000000
vt 1.000000 1.000000
vt 0.000000 1.000000
vt 0.000000 0.000000
vt 1.000000 0.000000
vt 1.000000 1.000000
vt 0.000000 1.000000
vt 0.000000 0.000000
vt 1.000000 0.000000
vt 1.000000 1.000000
vt 0.000000 1.000000
vt 0.000000 0.000000
vt 1.000000 0.000000
vt 1.000000 1.000000
vt 0.000000 1.000000
vt 0.000000 0.000000
vt 1.000000 0.000000
vt 1.000000 1.000000
vt 0.000000 1.000000
vt 0.000000 0.000000
vt 1.000000 0.000000
vt 1.000000 1.000000
vt 0.000000 1.000000
vt 0.000000 0.000000
vt 1.000000 0.000000
vt 1.000000 1.000000
vt 0.000000 1.000000
vt 0.000000 0.000000
vt 1.000000 0.000000
vt 1.000000 1.000000
vt 0.000000 1.000000
vt 0.000000 0.000000
vt 1.000000 0.000000
vt 1.000000 1.000000
vt 0.000000 1.000000
vt 0.000000 0.000000
vt 1.000000 0.000000
vt 1.000000 1.000000
vt 0.000000 1.000000
vt 0.000000 0.000000
vt 1.000000 0.000000
vt 1.000000 1.000000
vt 0.000000 1.000000
vt 0.000000 0.000000
vt 1.000000 0.000000
vt 1.000000 1.000000
vt 0.000000 1.000000
vt 0.000000 0.000000
vt 1.000000 0.000000
vt 1.000000 1.000000
vt 0.000000 1.000000
vt 0.000000 0.000000
vt 1.000000 0.000000
vt 1.000000 1.000000
vt 0.000000 1.000000
vt 0.000000 0.000000
vt 1.000000 0.000000
vt 1.000000 1.000000
vt 0.000000 1.000000
vt 0.000000 0.000000
vt 1.000000 0.000000
vt 1.000000 1.000000
vt 0.000000 1.000000
vt 0.000000 0.000000
vt 1.000000 0.000000
vt 1.000000 1.000000
vt 0.000000 1.000000
vt 0.000000 0.000000
vt 1.000000 0.000000
vt 1.000000 1.000000
vt 0.000000 1.000000
vt 0.000000 0.000000
vt 1.000000 0.000000
vt 1.000000 1.000000
vt 0.000000 1.000000
vt 0.000000 0.000000
vt 1.000000 0.000000
vt 1.000000 1.000000
vt 0.000000 1.000000
vt 0.000000 0.000000
vt 1.000000 0.000000
vt 1.000000 1.000000
vt 0.000000 1.000000
vt 0.000000 0.000000
vt 1.000000 0.000000
vt 1.000000 1.000000
vt 0.000000 1.000000
vt 0.000000 0.000000
vt 1.000000 0.000000
vt 1.000000 1.000000
vt 0.000000 1.000000
vt 0.000000 0.000000
vt 1.000000 0.000000
vt 1.000000 1.000000
vt 0.000000 1.000000
vt 0.000000 0.000000
vt 1.000000 0.000000
vt 1.000000 1.000000
vt 0.000000 1.000000
vt 0.000000 0.000000
vt 1.000000 0.000000
vt 1.000000 1.000000
vt 0.000000 1.000000
vt 0.000000 0.000000
vt 1.000000 0.000000
vt 1.000000 1.000000
vt 0.000000 1.000000
vt 0.000000 0.000000
vt 1.000000 0.000000
vt 1.000000 1.000000
vt 0.000000 1.000000
vt 0.000000 0.000000
vt 1.000000 0.000000
vt 1.000000 1.000000
vt 0.000000 1.000000
vt 0.000000 0.000000
vt 1.000000 0.000000
vt 1.000000 1.000000
vt 0.000000 1.000000
vt 0.000000 0.000000
vt 1.000000 0.000000
vt 1.000000 1.000000
vt 0.000000 1.000000
vt 0.000000 0.000000
vt 1.000000 0.000000
vt 1.000000 1.000000
vt 0.000000 1.000000
vt 0.000000 0.000000
vt 1.000000 0.000000
vt 1.000000 1.000000
vt 0.000000 1.000000
vt 0.000000 0.000000
vt 1.000000 0.000000
vt 1.000000 1.000000
vt 0.000000 1.000000
vt 0.000000 0.000000
vt 1.000000 0.000000
vt 1.000000 1.000000
vt 0.000000 1.000000
vt 0.000000 0.000000
vt 1.000000 0.000000
vt 1.000000 1.000000
vt 0.000000 1.000000
vt 0.000000 0.000000
vt 1.000000 0.000000
vt 1.000000 1.000000
vt 0.000000 1.000000
vt 0.000000 0.000000
vt 1.000000 0.000000
vt 1.000000 1.000000
vt 0.000000 1.000000
vt 0.000000 0.000000
vt 1.000000 0.000000
vt 1.000000 1.000000
vt 0.000000 1.000000
vt 0.000000 0.000000
vt 1.000000 0.000000
vt 1.000000 1.000000
vt 0.000000 1.000000
vt 0.000000 0.000000
vt 1.000000 0.000000
vt 1.000000 1.000000
vt 0.000000 1.000000
vt 0.000000 0.000000
vt 1.000000 0.000000
vt 1.000000 1.000000
vt 0.000000 1.000000
vt 0.000000 0.000000
vt 1.000000 0.000000
vt 1.000000 1.000000
vt 0.000000 1.000000
vt 0.000000 0.000000
vt 1.000000 0.000000
vt 1.000000 1.000000
vt 0.000000 1.000000
vt 0.000000 0.000000
vt 1.000000 0.000000
vt 1.000000 1.000000
vt 0.000000 1.000000
vt 0.000000 0.000000
vt 1.000000 0.000000
vt 1.000000 1.000000
vt 0.000000 1.000000
vt 0.000000 0.000000
vt 1.000000 0.000000
vt 1.000000 1.000000
vt 0.000000 1.000000
vt 0.000000 0.000000
vt 1.000000 0.000000
vt 1.000000 1.000000
vt 0.000000 1.000000
vt 0.000000 0.000000
vt 1.000000 0.000000
vt 1.000000 1.000000
vt 0.000000 1.000000
vt 0.000000 0.000000
vt 1.000000 0.000000
vt 1.000000 1.000000
vt 0.000000 1.000000
vt 0.000000 0.000000
vt 1.000000 0.000000
vt 1.000000 1.000000
vt 0.000000 1.000000
vt 0.000000 0.000000
vt 1.000000 0.000000
vt 1.000000 1.000000
vt 0.000000 1.000000
vt 0.000000 0.000000
vt 1.000000 0.000000
vt 1.000000 1.000000
vt 0.000000 1.000000
vt 0.000000 0.000000
vt 1.000000 0.000000
vt 1.000000 1.000000
vt 0.000000 1.000000
vt 0.000000 0.000000
vt 1.000000 0.000000
vt 1.000000 1.000000
vt 0.000000 1.000000
vt 0.000000 0.000000
vt 1.000000 0.000000
vt 1.000000 1.000000
vt 0.000000 1.000000
vt 0.000000 0.000000
vt 1.000000 0.000000
vt 1.000000 1.000000
vt 0.000000 1.000000
vt 0.000000 0.000000
vt 1.000000 0.000000
vt 1.000000 1.000000
vt 0.000000 1.000000
vt 0.000000 0.000000
vt 1.000000 0.000000
vt 1.000000 1.000000
vt 0.000000 1.000000
vt 0.000000 0.000000
vt 1.000000 0.000000
vt 1.000000 1.000000
vt 0.000000 1.000000
vt 0.000000 0.000000
vt 1.000000 0.000000
vt 1.000000 1.000000
vt 0.000000 1.000000
vn 0.8943 -0.0414 0.4456
vn 0.5665 -0.8204 -0.0771
vn 0.8554 -0.2936 -0.4267
vn 0.9690 0.0152 -0.2464
vn -0.6189 0.2232 0.7531
vn 0.0666 -0.4680 -0.8812
vn -0.8450 0.3688 0.3872
vn -0.7959 0.0157 0.6052
vn 0.0440 -0.4490 0.8924
vn -0.0129 0.2415 0.9703
vn -0.2937 0.4310 0.8532
vn -0.8827 -0.0694 0.4647
vn -0.8405 -0.0995 -0.5326
vn -0.7154 -0.6792 -0.1639
vn -0.7039 -0.6845 0.1895
vn 0.0771 0.5665 0.8204
vn 0.8812 0.0666 0.4680
vn 0.7058 0.6805 0.1968
vn 0.4267 0.8554 0.2936
vn -0.0414 0.4524 0.8908
vn -0.8231 -0.0868 0.5612
vn -0.2858 -0.4102 0.8661
vn 0.0166 -0.2340 0.9721
vn 0.6052 0.7959 -0.0157
vn 0.8532 0.2937 -0.4310
vn -0.2340 -0.9721 -0.0166
vn -0.4102 -0.8661 0.2858
vn -0.4213 -0.8619 0.2822
vn -0.2495 -0.9684 -0.0006
vn 0.8677 0.2804 0.4104
vn 0.6771 0.1732 0.7152
vn 0.6867 0.1754 0.7055
vn 0.8611 0.2825 0.4227
vn -0.2937 -0.4310 -0.8532
vn -0.0129 -0.2415 -0.9703
vn -0.0029 -0.2487 -0.9686
vn -0.2840 -0.4260 -0.8590
vn 0.1732 0.7152 0.6771
vn -0.1700 0.7224 0.6702
vn -0.1740 0.7066 0.6859
vn 0.1754 0.7055 0.6867
vn -0.4102 0.8661 -0.2858
vn -0.7002 0.6886 -0.1885
vn -0.7060 0.6860 -0.1759
vn -0.4213 0.8619 -0.2822
vn -0.4134 -0.8637 -0.2885
vn -0.4252 -0.8599 -0.2824
vn 0.9703 -0.0129 0.2415
vn 0.9686 -0.0029 0.2487
vn -0.1700 -0.7224 -0.6702
vn -0.1740 -0.7066 -0.6859
vn 0.2464 0.9690 -0.0152
vn 0.4230 0.8612 0.2816
vn 0.2489 0.9685 -0.0013
vn -0.2415 0.9703 0.0129
vn -0.2487 0.9686 0.0029
vn 0.8774 -0.0720 -0.4744
vn 0.8398 -0.0922 0.5350
vn 0.7224 -0.6702 0.1699
vn 0.7152 -0.6771 -0.1732
vn -0.4647 -0.8827 0.0693
vn -0.1895 -0.7039 0.6845
vn 0.8388 0.0965 -0.5359
vn 0.7168 0.6766 -0.1686
vn -0.0243 -0.5992 -0.8002
vn 0.8204 0.0870 0.5651
vn 0.2805 0.4104 0.8677
vn 0.0157 -0.6052 0.7959
vn 0.4310 -0.8532 0.2937
vn 0.8003 0.0243 -0.5992
vn -0.0414 -0.4524 -0.8908
vn 0.0166 0.2340 -0.9721
vn 0.2885 0.4134 -0.8637
vn 0.5326 -0.8405 0.0995
vn 0.1639 -0.7154 0.6792
vn 0.0157 0.6052 -0.7959
vn 0.4310 0.8532 -0.2937
vn 0.4744 0.8774 0.0720
vn 0.0720 0.4744 0.8774
vn 0.0922 -0.5350 0.8398
vn 0.6702 -0.1700 0.7224
vn -0.4490 -0.8924 -0.0440
vn 0.2415 -0.9703 0.0129
vn -0.8231 0.0868 -0.5612
vn -0.2858 0.4102 -0.8661
vn 0.8003 -0.0243 0.5992
vn 0.2885 -0.4134 0.8637
vn -0.4456 0.8943 0.0414
vn 0.6052 -0.7959 0.0157
vn 0.8532 -0.2937 0.4310
vn -0.8447 0.0921 0.5272
vn -0.0156 0.6016 0.7987
vn -0.4308 0.8504 0.3019
vn -0.7070 0.6822 0.1865
vn 0.0870 -0.5651 -0.8204
vn 0.4104 -0.8677 -0.2804
vn -0.4647 0.8827 -0.0694
vn -0.1895 0.7039 -0.6845
vn -0.5992 0.8003 0.0243
vn -0.8908 -0.0414 -0.4524
vn -0.9721 0.0166 0.2340
vn -0.8637 0.2885 0.4134
vn 0.8924 0.0440 -0.4490
vn 0.4490 0.8924 -0.0440
vn 0.5326 0.8405 -0.0995
vn 0.1639 0.7154 -0.6792
vn -0.5612 -0.8231 0.0868
vn -0.8661 -0.2858 0.4102
vn -0.5992 -0.8003 -0.0243
vn -0.8908 0.0414 0.4524
vn -0.9721 -0.0166 -0.2340
vn -0.8637 -0.2885 -0.4134
vn 0.5651 0.8204 0.0870
vn -0.0868 0.5612 -0.8231
vn 0.4744 -0.8774 -0.0720
vn -0.5350 -0.8398 -0.0922
vn 0.1732 -0.7152 -0.6771
vn -0.0694 -0.4647 0.8827
vn -0.6845 -0.1895 0.7039
vn -0.5612 0.8231 -0.0868
vn -0.8661 0.2858 -0.4102
vn -0.8819 0.0739 -0.4657
vn -0.7959 -0.0157 -0.6052
vn -0.0995 0.5326 0.8405
vn -0.6792 0.1639 0.7154
vn -0.0694 0.4647 -0.8827
vn -0.6845 0.1895 -0.7039
vn 0.6805 -0.1968 -0.7058
vn 0.0440 0.4490 -0.8924
vn -0.0995 -0.5326 -0.8405
vn -0.6792 -0.1639 -0.7154
vn 0.4524 -0.8908 0.0414
vn 0.0965 0.5359 -0.8388
vn 0.6766 0.1686 -0.7168
vn 0.8204 -0.0870 -0.5651
vn 0.2804 -0.4104 -0.8677
vn -0.0868 -0.5612 0.8231
vn -0.5350 0.8398 0.0922
vn -0.6852 -0.1738 -0.7073
vn -0.8599 -0.2824 -0.4252
vn -0.8642 -0.1571 -0.4779
vn -0.7674 -0.0973 -0.6337
vn 0.4227 -0.8611 -0.2825
vn 0.7055 -0.6867 -0.1754
vn 0.6301 -0.7702 -0.0990
vn 0.4737 -0.8663 -0.1584
vn -0.8619 -0.2822 0.4213
vn -0.6864 -0.1773 0.7053
vn -0.7681 -0.0999 0.6325
vn -0.8667 -0.1585 0.4729
vn 0.6846 0.1726 -0.7082
vn 0.8590 0.2840 -0.4260
vn 0.8649 0.1597 -0.4759
vn 0.7670 0.0969 -0.6343
vn 0.7060 0.6862 0.1750
vn 0.6324 0.7685 0.0974
vn 0.4729 0.8673 0.1552
vn -0.6864 0.1773 -0.7053
vn -0.7681 0.0999 -0.6325
vn 0.2487 -0.9686 0.0029
vn 0.3761 -0.9266 0.0019
vn -0.9684 0.0006 0.2495
vn -0.9260 0.0000 0.3776
vn 0.6862 -0.1750 -0.7060
vn 0.7685 -0.0974 -0.6324
vn 0.1738 0.7073 -0.6852
vn 0.2824 0.4252 -0.8599
vn 0.1571 0.4779 -0.8642
vn 0.0973 0.6337 -0.7674
vn -0.8619 0.2822 -0.4213
vn -0.8667 0.1585 -0.4729
vn -0.7068 0.6858 0.1732
vn -0.2840 0.4260 0.8590
vn 0.2825 -0.4227 -0.8611
vn 0.7066 -0.6859 0.1740
vn -0.7053 -0.6864 0.1773
vn 0.0006 0.2495 -0.9684
vn -0.0029 0.2487 0.9686
vn 0.1754 -0.7055 -0.6867
vn 0.4260 -0.8590 0.2840
vn -0.7073 -0.6852 -0.1738
vn -0.2822 0.4213 -0.8619
vn 0.2825 0.4227 0.8611
vn -0.8599 0.2824 0.4252
vn -0.9684 -0.0006 -0.2495
vn -0.1773 0.7053 -0.6864
vn 0.8612 -0.2816 -0.4230
vn -0.6852 0.1738 0.7073
vn 0.0006 -0.2495 0.9684
vn 0.2824 -0.4252 0.8599
vn -0.2822 -0.4213 0.8619
vn 0.7082 0.6846 -0.1726
vn 0.9685 0.0013 -0.2489
vn 0.6859 -0.1740 0.7066
vn -0.1773 -0.7053 0.6864
vn -0.4245 0.8602 0.2825
vn 0.4260 0.8590 -0.2840
vn 0.8590 -0.2840 0.4260
vn 0.1738 -0.7073 0.6852
vn -0.9260 -0.0000 -0.3776
vn -0.6331 0.7683 0.0940
vn -0.4749 0.8658 0.1575
vn -0.3760 0.9266 0.0018
vn -0.4728 0.8668 -0.1585
vn -0.6327 0.7681 -0.0989
vn 0.0000 0.3776 -0.9260
vn -0.1585 0.4729 -0.8667
vn -0.0999 0.6325 -0.7681
vn 0.6343 0.7670 -0.0969
vn 0.4759 0.8649 -0.1597
vn 0.3764 0.9264 -0.0010
vn 0.0990 0.6301 0.7702
vn -0.0973 0.6325 0.7685
vn -0.1596 0.4758 0.8650
vn -0.0019 0.3761 0.9266
vn 0.1584 0.4737 0.8663
vn 0.8673 -0.1552 -0.4729
vn 0.9264 0.0010 -0.3764
vn 0.0990 -0.6301 -0.7702
vn -0.0973 -0.6325 -0.7685
vn -0.1596 -0.4758 -0.8650
vn -0.0019 -0.3761 -0.9266
vn 0.1584 -0.4737 -0.8663
vn -0.8642 0.1571 0.4779
vn -0.7674 0.0973 0.6337
vn 0.7702 0.0990 0.6301
vn 0.7685 -0.0973 0.6325
vn 0.8650 -0.1596 0.4758
vn 0.9266 -0.0019 0.3761
vn 0.8663 0.1584 0.4737
vn 0.6325 -0.7685 0.0973
vn 0.4758 -0.8650 0.1596
vn 0.1571 -0.4779 0.8642
vn 0.0000 -0.3776 0.9260
vn -0.1585 -0.4729 0.8667
vn -0.0999 -0.6325 0.7681
vn 0.0973 -0.6337 0.7674
vn -0.4779 -0.8642 -0.1571
vn -0.3776 -0.9260 -0.0000
vn -0.4729 -0.8667 0.1585
vn -0.6325 -0.7681 0.0999
vn -0.6337 -0.7674 -0.0973
vn -0.6218 -0.2308 0.7484
vn -0.8497 -0.3659 0.3796
vn -0.8497 0.3659 -0.3796
vn -0.6218 0.2308 -0.7484
vn -0.7531 0.6189 0.2232
vn -0.3872 0.8450 0.3688
vn -0.2308 0.7484 -0.6218
vn 0.2232 0.7531 -0.6189
vn 0.1563 0.9877 -0.0047
vn 0.3796 0.8497 0.3659
vn 0.3872 0.8450 -0.3688
vn -0.1563 -0.9877 -0.0047
vn -0.3796 -0.8497 0.3659
vn -0.9877 0.0047 0.1563
vn -0.0047 0.1563 0.9877
vn 0.3659 0.3796 0.8497
vn -0.3688 0.3872 0.8450
vn 0.9877 0.0047 -0.1563
vn 0.8497 -0.3659 -0.3796
vn 0.8450 0.3688 -0.3872
vn -0.8450 -0.3688 -0.3872
vn -0.9877 -0.0047 -0.1563
vn 0.9877 -0.0047 0.1563
vn 0.8497 0.3659 0.3796
vn 0.8450 -0.3688 0.3872
vn 0.6189 -0.2232 0.7531
vn 0.6218 0.2308 0.7484
vn 0.3796 -0.8497 -0.3659
vn 0.7484 -0.6218 -0.2308
vn 0.1563 -0.9877 0.0047
vn 0.3872 -0.8450 0.3688
vn 0.7531 -0.6189 0.2232
vn 0.0047 -0.1563 0.9877
vn -0.3659 -0.3796 0.8497
vn 0.3688 -0.3872 0.8450
vn 0.2232 -0.7531 0.6189
vn -0.2308 -0.7484 0.6218
vn -0.7531 -0.6189 -0.2232
vn -0.3872 -0.8450 -0.3688
vn -0.7484 -0.6218 0.2308
vn 0.2308 -0.7484 -0.6218
vn -0.2232 -0.7531 -0.6189
vn 0.3659 -0.3796 -0.8497
vn -0.0047 -0.1563 -0.9877
vn -0.3688 -0.3872 -0.8450
vn 0.2308 0.7484 0.6218
vn -0.2232 0.7531 0.6189
vn 0.6189 0.2232 -0.7531
vn 0.6218 -0.2308 -0.7484
vn -0.6189 -0.2232 -0.7531
vn -0.7484 0.6218 -0.2308
vn -0.3796 0.8497 -0.3659
vn -0.1563 0.9877 0.0047
vn 0.0047 0.1563 -0.9877
vn -0.3659 0.3796 -0.8497
vn 0.3688 0.3872 -0.8450
vn 0.7531 0.6189 -0.2232
vn 0.7484 0.6218 0.2308
vn 0.7731 -0.5001 0.3903
vn 0.7628 -0.4677 -0.4465
vn 0.9837 0.1348 -0.1193
vn 0.9807 0.1403 0.1359
vn -0.3682 -0.7116 -0.5984
vn -0.0838 -0.0295 -0.9960
vn 0.4238 -0.4845 -0.7653
vn 0.3504 -0.6920 -0.6312
vn -0.9961 -0.0828 -0.0320
vn -0.7162 0.5929 0.3680
vn -0.6842 0.6407 -0.3484
vn -0.7632 0.4251 -0.4866
vn 0.5984 -0.3682 0.7116
vn 0.9961 -0.0828 0.0320
vn 0.7632 0.4251 0.4866
vn 0.6312 0.3504 0.6920
vn 0.2428 -0.8881 0.3903
vn 0.2548 -0.8568 -0.4483
vn 0.8216 -0.5570 -0.1216
vn 0.8245 -0.5492 0.1359
vn -0.1647 0.8373 -0.5213
vn 0.4972 0.3967 -0.7716
vn -0.1339 0.1255 -0.9830
vn -0.3536 0.2545 -0.9001
vn 0.3608 0.7548 0.5478
vn -0.0807 0.9890 -0.1244
vn -0.4727 0.7653 0.4370
vn -0.3486 0.6813 0.6437
vn -0.5001 0.3903 0.7731
vn -0.4688 -0.4483 0.7611
vn 0.1326 -0.1216 0.9837
vn 0.1403 0.1359 0.9807
vn 0.8386 -0.4960 0.2253
vn 0.3903 -0.2428 0.8881
vn 0.1359 -0.8245 0.5492
vn 0.2575 -0.9056 0.3370
vn 0.3903 0.7731 -0.5001
vn -0.4465 0.7628 -0.4677
vn -0.1193 0.9837 0.1348
vn 0.1359 0.9807 0.1403
vn 0.5001 -0.3903 0.7731
vn 0.4688 0.4483 0.7611
vn -0.1326 0.1216 0.9837
vn -0.1403 -0.1359 0.9807
vn -0.2253 -0.8386 -0.4960
vn 0.4711 -0.4478 -0.7600
vn -0.0048 0.1564 0.9877
vn 0.4483 -0.2548 -0.8568
vn 0.8386 -0.5199 -0.1627
vn 0.2575 -0.8997 -0.3525
vn 0.1216 -0.8216 -0.5570
vn 0.8386 0.4960 -0.2253
vn 0.4478 0.7600 0.4711
vn -0.1564 -0.9877 -0.0048
vn 0.0801 0.9887 0.1270
vn 0.7545 0.5495 0.3588
vn 0.6796 0.6439 -0.3514
vn 0.4720 0.7671 -0.4345
vn -0.0801 -0.9887 0.1270
vn -0.7548 -0.5478 0.3608
vn -0.6813 -0.6437 -0.3486
vn -0.4720 -0.7671 -0.4345
vn -0.7116 -0.5984 -0.3682
vn -0.0295 -0.9960 -0.0838
vn -0.4845 -0.7653 0.4238
vn -0.6920 -0.6312 0.3504
vn -0.4483 0.2548 -0.8568
vn -0.8373 0.5213 -0.1647
vn -0.2545 0.9001 -0.3536
vn -0.1216 0.8216 -0.5570
vn -0.4688 0.4483 -0.7611
vn 0.2253 0.8386 -0.4960
vn 0.3370 0.2575 -0.9056
vn 0.1326 0.1216 -0.9837
vn -0.9877 -0.0047 -0.1564
vn 0.5199 0.1627 0.8386
vn -0.8450 -0.3688 -0.3873
vn -0.9877 0.0048 0.1564
vn 0.9887 0.1270 0.0801
vn 0.5478 0.3608 0.7548
vn 0.6437 -0.3486 0.6813
vn 0.7671 -0.4345 0.4720
vn -0.0047 0.1564 0.9877
vn -0.5001 -0.3903 -0.7731
vn 0.1633 -0.8399 -0.5176
vn -0.3688 0.3873 0.8450
vn -0.2548 0.8568 -0.4483
vn -0.5213 0.1647 -0.8373
vn -0.9001 0.3536 -0.2545
vn -0.8216 0.5570 -0.1216
vn 0.8997 0.3525 0.2575
vn 0.0295 -0.9960 0.0838
vn 0.4845 -0.7653 -0.4238
vn -0.5984 -0.3682 -0.7116
vn -0.6312 0.3504 -0.6920
vn -0.9877 -0.0048 -0.1564
vn 0.7600 0.4711 0.4478
vn 0.7716 0.4972 -0.3967
vn -0.9877 0.0047 0.1564
vn -0.0838 0.0295 0.9960
vn 0.4238 0.4845 0.7653
vn 0.4960 -0.2253 0.8386
vn 0.9056 -0.3370 0.2575
vn -0.8568 0.4483 -0.2548
vn -0.5570 0.1216 -0.8216
vn 0.1270 0.0801 0.9887
vn -0.4345 0.4720 0.7671
vn -0.3504 0.6920 -0.6312
vn -0.4238 0.4845 -0.7653
vn -0.4335 0.4841 -0.7601
vn -0.3584 0.6849 -0.6344
vn 0.9842 -0.1279 0.1225
vn 0.9056 -0.3436 0.2485
vn 0.9817 -0.1449 0.1233
vn -0.5608 -0.1225 0.8189
vn -0.3525 -0.2575 0.8997
vn -0.3477 -0.2485 0.9041
vn -0.5464 -0.1233 0.8284
vn 0.3535 -0.2619 -0.8980
vn 0.1403 -0.1359 -0.9807
vn 0.1456 -0.1262 -0.9813
vn 0.3463 -0.2478 -0.9048
vn 0.4836 0.7679 0.4199
vn 0.3504 0.6920 0.6312
vn 0.3584 0.6849 0.6344
vn 0.4833 0.7597 0.4350
vn -0.1394 0.8224 0.5516
vn 0.1216 0.8216 0.5570
vn 0.1224 0.8277 0.5477
vn -0.1244 0.8286 0.5458
vn -0.2582 -0.9010 -0.3486
vn -0.1394 -0.8224 -0.5516
vn -0.1244 -0.8286 -0.5458
vn -0.2474 -0.9054 -0.3450
vn 0.1225 0.9842 -0.1279
vn 0.2575 0.9056 -0.3370
vn 0.2485 0.9056 -0.3436
vn 0.1233 0.9817 -0.1449
vn 0.4811 -0.7662 0.4260
vn 0.6818 -0.6455 0.3442
vn 0.6828 -0.6364 0.3588
vn 0.4824 -0.7596 0.4362
vn -0.9837 -0.1326 -0.1216
vn -0.9056 -0.3370 -0.2575
vn -0.9056 -0.3436 -0.2485
vn -0.9821 -0.1435 -0.1224
vn -0.4836 0.7679 -0.4199
vn -0.4833 0.7597 -0.4350
vn 0.9830 -0.1339 -0.1255
vn 0.9814 -0.1459 -0.1244
vn -0.5556 0.1255 0.8219
vn -0.5455 0.1244 0.8288
vn 0.5517 -0.1327 -0.8234
vn 0.5463 -0.1230 -0.8285
vn 0.6842 0.6407 0.3484
vn 0.6836 0.6353 0.3593
vn -0.2545 -0.9001 0.3536
vn -0.1255 -0.9830 0.1339
vn -0.1244 -0.9814 0.1459
vn -0.2482 -0.9045 0.3467
vn -0.2582 0.9010 0.3486
vn -0.2474 0.9054 0.3450
vn -0.4251 -0.4866 0.7632
vn -0.6407 -0.3484 0.6842
vn -0.6353 -0.3593 0.6836
vn -0.4345 -0.4834 0.7600
vn -0.1255 0.9830 -0.1339
vn -0.1244 0.9814 -0.1459
vn 0.6300 -0.3534 -0.6915
vn 0.7671 -0.4313 -0.4748
vn 0.7595 -0.4352 -0.4835
vn 0.6351 -0.3586 -0.6841
vn -0.9807 -0.1371 0.1394
vn -0.9815 -0.1456 0.1244
vn -0.6836 0.6353 -0.3593
vn -0.7716 -0.4972 -0.3967
vn -0.9830 0.1339 -0.1255
vn -0.1270 -0.0801 0.9887
vn 0.4345 -0.4720 0.7671
vn 0.8872 0.3908 -0.2453
vn 0.5467 0.1352 -0.8263
vn -0.3967 0.7716 0.4972
vn 0.3682 -0.7116 0.5984
vn -0.3504 -0.6920 0.6312
vn -0.9890 0.1244 -0.0807
vn -0.7653 -0.4370 -0.4727
vn 0.9896 -0.1228 -0.0744
vn 0.7662 0.4260 -0.4811
vn 0.3903 -0.7731 0.5001
vn 0.1359 -0.9807 -0.1403
vn -0.2248 0.8373 0.4983
vn -0.3365 0.2545 0.9066
vn -0.8391 0.4982 0.2185
vn -0.4483 -0.2548 0.8568
vn -0.1216 -0.8216 0.5570
vn 0.2248 -0.8373 0.4983
vn 0.3365 -0.2545 0.9066
vn -0.7503 0.5531 -0.3622
vn -0.6896 0.6344 0.3493
vn 0.5213 -0.1647 -0.8373
vn 0.9001 -0.3536 -0.2545
vn 0.7162 0.5929 -0.3680
vn 0.5982 0.3659 -0.7130
vn 0.4982 0.2185 -0.8391
vn 0.9010 0.3486 -0.2582
vn -0.3588 -0.7545 0.5495
vn 0.3514 -0.6796 0.6439
vn 0.8604 -0.4424 -0.2531
vn 0.0828 -0.0320 0.9961
vn -0.5531 0.3622 -0.7503
vn -0.6344 -0.3493 -0.6896
vn -0.4465 -0.7628 0.4677
vn -0.1193 -0.9837 -0.1348
vn -0.8850 0.3967 0.2436
vn -0.8373 -0.5213 0.1647
vn 0.8850 -0.3967 0.2436
vn 0.5556 -0.1255 0.8219
vn 0.9955 0.0888 -0.0345
vn 0.0744 -0.9896 -0.1228
vn -0.5929 0.3680 0.7162
vn -0.8391 -0.4982 -0.2185
vn -0.3967 -0.7716 -0.4972
vn -0.5170 -0.1693 0.8391
vn -0.7714 0.5011 0.3921
vn -0.9040 -0.3408 0.2582
vn -0.7611 0.4688 -0.4483
vn -0.1279 -0.1225 -0.9842
vn -0.0290 0.9958 0.0864
vn -0.4960 -0.2253 -0.8386
vn -0.7600 -0.4711 0.4478
vn -0.9842 0.1279 0.1225
vn 0.5481 -0.3631 -0.7535
vn 0.6455 0.3442 -0.6818
vn -0.3921 0.2409 0.8878
vn -0.9888 -0.1279 0.0776
vn -0.7701 0.4326 0.4689
vn -0.3370 -0.2575 -0.9056
vn 0.0290 0.9958 -0.0864
vn 0.3682 0.7116 -0.5984
vn -0.2428 -0.8881 -0.3903
vn -0.8245 -0.5492 -0.1359
vn 0.2409 0.8878 -0.3921
vn 0.8224 0.5516 -0.1394
vn -0.4960 0.2253 0.8386
vn -0.9056 0.3370 0.2575
vn 0.1279 -0.0776 -0.9888
vn -0.4326 -0.4689 -0.7701
vn -0.1270 0.0801 -0.9887
vn 0.4345 0.4720 -0.7671
vn -0.8578 -0.4478 0.2523
vn 0.4483 0.2548 0.8568
vn 0.8578 0.4478 0.2523
vn 0.5608 0.1225 0.8189
vn -0.5478 -0.3608 0.7548
vn -0.6437 0.3486 0.6813
vn -0.8881 -0.3903 -0.2428
vn -0.5492 -0.1359 -0.8245
vn -0.3682 0.7116 0.5984
vn 0.0838 0.0295 -0.9960
vn 0.7120 -0.5966 0.3702
vn 0.6944 -0.6307 -0.3464
vn -0.2568 -0.8571 0.4465
vn -0.8231 -0.5553 0.1193
vn 0.2548 0.8568 0.4483
vn 0.8216 0.5570 0.1216
vn -0.2428 0.8881 0.3903
vn -0.8245 0.5492 0.1359
vn 0.7535 -0.5481 -0.3631
vn 0.3903 0.2428 -0.8881
vn 0.1359 0.8245 -0.5492
vn -0.9958 0.0864 0.0290
vn -0.7679 -0.4199 0.4836
vn 0.3608 -0.7548 -0.5478
vn -0.3486 -0.6813 -0.6437
vn -0.3608 0.7548 -0.5478
vn 0.3486 0.6813 -0.6437
vn -0.3921 -0.2409 -0.8878
vn -0.1627 -0.8386 0.5199
vn 0.8386 0.5199 0.1627
vn 0.2575 0.8997 0.3525
vn 0.4478 -0.7600 -0.4711
vn 0.1225 -0.9842 0.1279
vn 0.1627 0.8386 0.5199
vn 0.3525 0.2575 0.8997
vn 0.6364 0.3588 -0.6828
vn 0.4364 0.4808 -0.7605
vn 0.5062 0.5300 -0.6804
vn 0.6134 0.4651 -0.6382
vn -0.7597 -0.4350 0.4833
vn -0.6793 -0.5059 0.5316
vn -0.6114 -0.4669 0.6389
vn -0.9817 0.1449 0.1233
vn -0.9056 0.3436 0.2485
vn -0.9262 0.3525 0.1336
vn -0.9669 0.2464 0.0659
vn 0.6837 -0.6354 -0.3590
vn 0.6387 -0.6129 -0.4652
vn 0.6779 -0.5059 -0.5333
vn -0.1449 -0.1233 -0.9817
vn -0.3436 -0.2485 -0.9056
vn -0.3525 -0.1336 -0.9262
vn -0.2464 -0.0659 -0.9669
vn 0.5455 -0.1244 0.8288
vn 0.5464 0.1233 0.8284
vn 0.4609 0.0659 0.8850
vn 0.4587 -0.0669 0.8861
vn -0.6364 -0.3592 -0.6826
vn -0.4359 -0.4823 -0.7599
vn -0.5063 -0.5311 -0.6794
vn -0.6141 -0.4665 -0.6366
vn 0.9054 0.3450 -0.2474
vn 0.8286 0.5458 -0.1244
vn 0.8851 0.4606 -0.0665
vn 0.9268 0.3521 -0.1307
vn -0.6826 0.6364 0.3592
vn -0.7599 0.4359 0.4823
vn -0.6794 0.5063 0.5311
vn -0.6366 0.6141 0.4665
vn -0.1231 -0.9818 -0.1443
vn -0.1307 -0.9268 -0.3521
vn -0.0660 -0.9671 -0.2456
vn 0.7596 0.4362 -0.4824
vn 0.6783 0.5082 -0.5307
vn 0.3584 -0.6827 0.6368
vn 0.5307 -0.6783 0.5082
vn 0.4644 -0.6383 0.6139
vn -0.9814 0.1459 -0.1244
vn -0.9662 0.2489 -0.0669
vn 0.9045 -0.3467 -0.2482
vn 0.9662 -0.2489 -0.0669
vn 0.9256 -0.3543 -0.1332
vn -0.1459 0.1244 -0.9814
vn -0.2489 0.0669 -0.9662
vn -0.3446 0.2482 0.9053
vn -0.4587 0.0669 0.8861
vn -0.3530 0.1332 0.9261
vn 0.5459 0.1251 -0.8284
vn 0.4603 -0.0638 -0.8855
vn 0.4610 0.0672 -0.8848
vn 0.7600 0.4345 0.4834
vn 0.6389 0.6114 0.4669
vn 0.6799 0.5052 0.5316
vn -0.1231 0.9818 0.1443
vn -0.1307 0.9268 0.3521
vn -0.0660 0.9671 0.2456
vn 0.1262 -0.9813 -0.1456
vn 0.0680 -0.9668 -0.2462
vn -0.2482 0.9045 -0.3467
vn -0.0669 0.9662 -0.2489
vn -0.1332 0.9256 -0.3543
vn -0.8284 -0.5457 -0.1262
vn 0.7605 -0.4364 0.4808
vn 0.1262 0.8284 -0.5457
vn 0.1224 -0.8277 -0.5477
vn 0.2485 0.9041 0.3477
vn 0.4335 0.4841 0.7601
vn 0.1435 0.1224 -0.9821
vn -0.1456 -0.1262 0.9813
vn 0.8284 -0.5457 0.1262
vn -0.6344 0.3584 -0.6849
vn -0.8280 -0.5470 0.1231
vn 0.6377 -0.3579 0.6821
vn -0.1224 0.8277 -0.5477
vn 0.2485 -0.9041 -0.3477
vn 0.1262 0.9813 0.1456
vn 0.6344 0.3584 0.6849
vn 0.3436 0.2485 -0.9056
vn -0.1435 0.1224 0.9821
vn 0.8277 -0.5477 -0.1224
vn -0.7600 0.4345 -0.4834
vn -0.9049 -0.3465 0.2474
vn 0.4364 -0.4808 0.7605
vn 0.1233 -0.9817 0.1449
vn -0.6377 0.3579 0.6821
vn 0.8277 0.5477 0.1224
vn -0.3579 -0.6821 -0.6377
vn 0.3477 0.2485 0.9041
vn -0.5457 -0.1262 -0.8284
vn 0.4841 -0.7601 -0.4335
vn -0.8284 0.5457 0.1262
vn -0.6849 -0.6344 0.3584
vn 0.3579 0.6821 -0.6377
vn 0.2485 -0.9056 0.3436
vn -0.4364 0.4808 0.7605
vn 0.9041 0.3477 0.2485
vn -0.4808 -0.7605 -0.4364
vn 0.1456 0.1262 0.9813
vn -0.5477 0.1224 -0.8277
vn 0.3584 -0.6849 -0.6344
vn -0.8277 0.5477 -0.1224
vn -0.4841 -0.7601 0.4335
vn 0.4808 0.7605 -0.4364
vn 0.1262 -0.8284 0.5457
vn -0.3579 0.6821 0.6377
vn 0.9813 0.1456 0.1262
vn -0.6821 -0.6377 -0.3579
vn 0.1435 -0.1224 0.9821
vn -0.3467 0.2482 -0.9045
vn 0.4335 -0.4841 -0.7601
vn -0.9045 0.3467 -0.2482
vn -0.3584 -0.6849 0.6344
vn 0.6827 0.6368 -0.3584
vn -0.1224 -0.8277 0.5477
vn -0.4818 0.7602 0.4359
vn 0.9818 0.1443 -0.1231
vn -0.7602 -0.4359 -0.4818
vn 0.3446 -0.2482 0.9053
vn -0.9255 -0.3554 0.1307
vn -0.9668 -0.2467 0.0665
vn -0.9673 -0.2450 -0.0657
vn -0.9263 -0.3524 -0.1336
vn -0.8848 -0.4610 -0.0680
vn -0.8846 -0.4617 0.0660
vn -0.4611 -0.0680 -0.8847
vn -0.4623 0.0656 -0.8843
vn -0.3543 0.1332 -0.9256
vn -0.6389 0.6114 -0.4669
vn -0.5316 0.6793 -0.5059
vn -0.4643 0.6398 -0.6125
vn -0.5045 0.5319 -0.6801
vn -0.6124 0.4643 -0.6399
vn -0.6799 0.5052 -0.5316
vn -0.8847 0.4611 0.0680
vn -0.8843 0.4623 -0.0656
vn -0.9256 0.3543 -0.1332
vn 0.0659 0.9669 -0.2464
vn 0.1336 0.9262 -0.3525
vn 0.0680 0.8847 -0.4611
vn -0.0656 0.8843 -0.4623
vn 0.4639 0.6381 -0.6145
vn 0.5298 0.6804 -0.5063
vn 0.6383 0.6139 -0.4644
vn -0.0665 0.8851 0.4606
vn 0.0657 0.8843 0.4623
vn 0.1336 0.9253 0.3549
vn 0.0680 0.9668 0.2462
vn -0.6144 0.4640 0.6382
vn -0.5062 0.5299 0.6804
vn -0.4640 0.6381 0.6145
vn -0.5305 0.6800 0.5061
vn 0.5316 0.6793 0.5059
vn 0.4643 0.6398 0.6125
vn 0.5045 0.5319 0.6801
vn 0.6124 0.4643 0.6399
vn 0.8843 0.4623 0.0657
vn 0.9253 0.3549 0.1336
vn 0.9668 0.2462 0.0680
vn 0.9671 0.2456 -0.0660
vn 0.3540 -0.1324 -0.9258
vn 0.2461 -0.0679 -0.9669
vn 0.2449 0.0657 -0.9673
vn 0.3523 0.1336 -0.9263
vn -0.4640 -0.6382 -0.6144
vn -0.5299 -0.6804 -0.5062
vn -0.6381 -0.6145 -0.4640
vn -0.6800 -0.5061 -0.5305
vn -0.4609 -0.0659 0.8850
vn -0.3548 -0.1336 0.9254
vn -0.2461 -0.0679 0.9668
vn -0.2449 0.0656 0.9673
vn 0.3548 0.1336 0.9254
vn 0.2461 0.0679 0.9668
vn 0.2449 -0.0656 0.9673
vn 0.3530 -0.1332 0.9261
vn 0.9669 -0.2464 0.0659
vn 0.9262 -0.3525 0.1336
vn 0.8847 -0.4611 0.0680
vn 0.8843 -0.4623 -0.0656
vn 0.5318 -0.6801 -0.5046
vn 0.4642 -0.6398 -0.6125
vn 0.5045 -0.5320 -0.6801
vn 0.6128 -0.4646 -0.6392
vn 0.6382 -0.6134 0.4651
vn 0.6804 -0.5062 0.5300
vn 0.6145 -0.4639 0.6381
vn 0.5063 -0.5298 0.6804
vn -0.6398 -0.6125 0.4643
vn -0.5319 -0.6801 0.5045
vn -0.4643 -0.6399 0.6124
vn -0.5052 -0.5316 0.6799
vn -0.0665 -0.8851 -0.4606
vn 0.0657 -0.8843 -0.4623
vn 0.1336 -0.9253 -0.3549
vn -0.0669 -0.9662 0.2489
vn 0.0659 -0.9669 0.2464
vn 0.1336 -0.9262 0.3525
vn 0.0680 -0.8847 0.4611
vn -0.0656 -0.8843 0.4623
vn -0.1332 -0.9256 0.3543
vn 0.8450 -0.3688 0.3873
vn 0.1564 -0.9877 0.0047
vn 0.1564 -0.9877 0.0048
vn -0.1564 -0.9877 -0.0047
vn 0.3688 0.3873 -0.8450
vn -0.3688 -0.3873 -0.8450
vn -0.1564 0.9877 0.0048
vn 0.9877 0.0047 -0.1564
vn 0.8450 0.3688 -0.3873
vn 0.9877 0.0048 -0.1564
vn -0.8450 0.3688 0.3873
vn 0.3873 0.8450 -0.3688
vn 0.9877 -0.0047 0.1564
vn 0.0047 -0.1564 0.9877
vn -0.0047 -0.1564 -0.9877
vn -0.1564 0.9877 0.0047
vn 0.0047 0.1564 -0.9877
vn 0.1564 0.9877 -0.0047
vn 0.9877 -0.0048 0.1564
vn 0.3688 -0.3873 0.8450
vn 0.3873 -0.8450 0.3688
vn -0.3873 -0.8450 -0.3688
vn 0.0048 -0.1564 0.9877
vn -0.0048 -0.1564 -0.9877
vn 0.0048 0.1564 -0.9877
vn -0.3873 0.8450 0.3688
vn 0.1564 0.9877 -0.0048
usemtl Black
s 1
f 1/1/1 2/2/2 3/3/3 4/4/4
f 5/5/5 6/6/6 2/7/2 7/8/7
f 8/9/8 9/10/9 10/11/10 11/12/11
f 12/13/12 13/14/13 14/15/14 15/16/15
f 16/17/16 17/18/17 18/19/18 19/20/19
f 20/21/20 21/22/21 22/23/22 23/24/23
f 24/25/24 1/26/1 4/27/4 25/28/25
f 26/29/26 27/30/27 28/31/28 29/32/29
f 30/33/30 31/34/31 32/35/32 33/36/33
f 34/37/34 35/38/35 36/39/36 37/40/37
f 38/41/38 39/42/39 40/43/40 41/44/41
f 42/45/42 43/46/43 44/47/44 45/48/45
f 46/49/46 26/50/26 29/51/29 47/52/47
f 48/53/48 30/54/30 33/55/33 49/56/49
f 50/57/50 34/58/34 37/59/37 51/60/51
f 52/61/52 19/62/19 53/63/53 54/64/54
f 55/65/55 42/66/42 45/67/45 56/68/56
f 57/69/57 58/70/58 59/71/59 60/72/60
f 21/73/21 61/74/61 62/75/62 22/76/22
f 17/77/17 63/78/63 64/79/64 18/80/18
f 13/81/13 65/82/65 46/83/46 14/84/14
f 9/85/9 66/86/66 67/87/67 10/88/10
f 58/89/58 68/90/68 69/91/69 59/92/59
f 70/93/70 71/94/71 72/95/72 73/96/73
f 61/97/61 74/98/74 75/99/75 62/100/62
f 63/101/63 76/102/76 77/103/77 64/104/64
f 66/105/66 78/106/78 38/107/38 67/108/67
f 79/109/79 80/110/80 81/111/81 31/112/31
f 68/113/68 82/114/82 83/115/83 69/116/69
f 71/117/71 84/118/84 85/119/85 72/120/72
f 74/121/74 86/122/86 87/123/87 75/124/75
f 76/125/76 88/126/88 52/127/52 77/128/77
f 80/129/80 89/130/89 90/131/90 81/132/81
f 91/133/91 92/134/92 93/135/93 94/136/94
f 82/137/82 95/138/95 96/139/96 83/140/83
f 84/141/84 97/142/97 98/143/98 85/144/85
f 88/145/88 16/146/16 19/147/19 52/148/52
f 99/149/99 100/150/100 101/151/101 102/152/102
f 89/153/89 103/154/103 48/155/48 90/156/90
f 92/157/92 104/158/104 55/159/55 93/160/93
f 95/161/95 57/162/57 60/163/60 96/164/96
f 97/165/97 105/166/105 106/167/106 98/168/98
f 100/169/100 107/170/107 108/171/108 101/172/101
f 109/173/109 110/174/110 111/175/111 112/176/112
f 103/177/103 113/178/113 30/179/30 48/180/48
f 104/181/104 114/182/114 42/183/42 55/184/55
f 105/185/105 70/186/70 73/187/73 106/188/106
f 115/189/115 116/190/116 50/191/50 117/192/117
f 107/193/107 118/194/118 119/195/119 108/196/108
f 110/197/110 120/198/120 121/199/121 111/200/111
f 113/201/113 79/202/79 31/203/31 30/204/30
f 114/205/114 122/206/122 43/207/43 42/208/42
f 116/209/116 123/210/123 34/211/34 50/212/50
f 118/213/118 124/214/124 125/215/125 119/216/119
f 120/217/120 126/218/126 127/219/127 121/220/121
f 122/221/122 91/222/91 94/223/94 43/224/43
f 2/7/2 6/225/6 128/226/128 3/227/3
f 123/228/123 129/229/129 35/230/35 34/231/34
f 124/232/124 99/233/99 102/234/102 125/235/125
f 126/236/126 130/237/130 131/238/131 127/239/127
f 65/240/65 132/241/132 26/242/26 46/243/46
f 6/6/6 133/244/133 134/245/134 128/246/128
f 129/247/129 135/248/135 136/249/136 35/250/35
f 130/251/130 109/252/109 112/253/112 131/254/131
f 132/255/132 137/256/137 27/257/27 26/258/26
f 78/259/78 138/260/138 39/261/39 38/262/38
f 133/263/133 24/264/24 25/265/25 134/266/134
f 135/267/135 115/268/115 117/269/117 136/270/136
f 86/271/86 20/272/20 23/273/23 87/274/87
f 137/275/137 12/276/12 15/277/15 27/278/27
f 138/279/138 8/280/8 11/281/11 39/282/39
f 139/283/139 140/284/140 141/285/141 142/286/142
f 143/287/143 144/288/144 145/289/145 146/290/146
f 147/291/147 148/292/148 149/293/149 150/294/150
f 151/295/151 152/296/152 153/297/153 154/298/154
f 53/299/53 155/300/155 156/301/156 157/302/157
f 158/303/158 139/304/139 142/305/142 159/306/159
f 160/307/160 143/308/143 146/309/146 161/310/161
f 162/311/162 147/312/147 150/313/150 163/314/163
f 164/315/164 151/316/151 154/317/154 165/318/165
f 166/319/166 167/320/167 168/321/168 169/322/169
f 170/323/170 158/324/158 159/325/159 171/326/171
f 43/327/43 94/328/94 172/329/172 44/330/44
f 39/331/39 11/332/11 173/333/173 40/334/40
f 35/335/35 136/336/136 174/337/174 36/338/36
f 60/339/60 59/340/59 175/341/175 144/342/144
f 27/343/27 15/344/15 176/345/176 28/346/28
f 73/347/73 72/348/72 177/349/177 167/350/167
f 11/351/11 10/352/10 178/353/178 173/354/173
f 136/355/136 117/356/117 179/357/179 174/358/174
f 59/359/59 69/360/69 180/361/180 175/362/175
f 15/363/15 14/364/14 181/365/181 176/366/176
f 72/367/72 85/368/85 182/369/182 177/370/177
f 10/371/10 67/372/67 183/373/183 178/374/178
f 102/375/102 101/376/101 162/377/162 184/378/184
f 69/379/69 83/380/83 160/381/160 180/382/180
f 14/383/14 46/384/46 47/385/47 181/386/181
f 112/387/112 111/388/111 185/389/185 140/390/140
f 85/391/85 98/392/98 186/393/186 182/394/182
f 67/395/67 38/396/38 41/397/41 183/398/183
f 101/399/101 108/400/108 147/401/147 162/402/162
f 83/403/83 96/404/96 143/405/143 160/406/160
f 111/407/111 121/408/121 170/409/170 185/410/185
f 98/411/98 106/412/106 166/413/166 186/414/186
f 3/415/3 128/416/128 164/417/164 187/418/187
f 108/419/108 119/420/119 148/421/148 147/422/147
f 96/423/96 60/424/60 144/425/144 143/426/143
f 121/427/121 127/428/127 158/429/158 170/430/170
f 106/431/106 73/432/73 167/433/167 166/434/166
f 128/435/128 134/436/134 151/437/151 164/438/164
f 119/439/119 125/440/125 188/441/188 148/442/148
f 87/443/87 23/444/23 189/445/189 190/446/190
f 127/447/127 131/448/131 139/449/139 158/450/158
f 19/451/19 18/452/18 155/453/155 53/454/53
f 134/455/134 25/456/25 152/457/152 151/458/151
f 125/459/125 102/460/102 184/461/184 188/462/188
f 23/463/23 22/464/22 191/465/191 189/466/189
f 131/467/131 112/468/112 140/469/140 139/470/139
f 18/471/18 64/472/64 192/473/192 155/474/155
f 25/475/25 4/476/4 193/477/193 152/478/152
f 31/479/31 81/480/81 194/481/194 32/482/32
f 22/483/22 62/484/62 195/485/195 191/486/191
f 94/487/94 93/488/93 196/489/196 172/490/172
f 64/491/64 77/492/77 197/493/197 192/494/192
f 4/495/4 3/496/3 187/497/187 193/498/193
f 81/499/81 90/500/90 198/501/198 194/502/194
f 62/503/62 75/504/75 199/505/199 195/506/195
f 93/507/93 55/508/55 56/509/56 196/510/196
f 77/511/77 52/512/52 54/513/54 197/514/197
f 117/515/117 50/516/50 51/517/51 179/518/179
f 90/519/90 48/520/48 49/521/49 198/522/198
f 75/523/75 87/524/87 190/525/190 199/526/199
f 141/527/141 200/528/200 171/529/171 159/530/159 142/531/142
f 201/532/201 202/533/202 203/534/203 204/535/204 205/536/205
f 168/537/168 206/538/206 207/539/207 208/540/208 169/541/169
f 157/542/157 156/543/156 209/544/209 210/545/210 211/546/211
f 212/547/212 213/548/213 214/549/214 215/550/215 216/551/216
f 217/552/217 165/553/165 154/554/154 153/555/153 218/556/218
f 219/557/219 220/558/220 221/559/221 222/560/222 223/561/223
f 224/562/224 163/563/163 150/564/150 149/565/149 225/566/225
f 226/567/226 227/568/227 228/569/228 229/570/229 230/571/230
f 145/572/145 231/573/231 232/574/232 161/575/161 146/576/146
f 233/577/233 234/578/234 235/579/235 236/580/236 237/581/237
f 238/582/238 239/583/239 240/584/240 241/585/241 242/586/242
f 155/587/155 192/588/192 209/589/209 156/590/156
f 148/591/148 188/592/188 225/593/225 149/594/149
f 190/595/190 189/596/189 234/597/234 233/598/233
f 172/599/172 196/600/196 202/601/202 201/602/201
f 192/603/192 197/604/197 210/605/210 209/606/209
f 188/607/188 184/608/184 224/609/224 225/610/225
f 189/611/189 191/612/191 235/613/235 234/614/234
f 196/615/196 56/616/56 203/617/203 202/618/202
f 197/619/197 54/620/54 211/621/211 210/622/210
f 152/623/152 193/624/193 218/625/218 153/626/153
f 32/627/32 194/628/194 227/629/227 226/630/226
f 191/631/191 195/632/195 236/633/236 235/634/235
f 56/635/56 45/636/45 204/637/204 203/638/203
f 54/639/54 53/640/53 157/641/157 211/642/211
f 193/643/193 187/644/187 217/645/217 218/646/218
f 194/647/194 198/648/198 228/649/228 227/650/227
f 195/651/195 199/652/199 237/653/237 236/654/236
f 45/655/45 44/656/44 205/657/205 204/658/204
f 41/659/41 40/660/40 213/661/213 212/662/212
f 179/663/179 51/664/51 220/665/220 219/666/219
f 198/667/198 49/668/49 229/669/229 228/670/228
f 199/671/199 190/672/190 233/673/233 237/674/237
f 44/675/44 172/676/172 201/677/201 205/678/205
f 40/679/40 173/680/173 214/681/214 213/682/213
f 51/683/51 37/684/37 221/685/221 220/686/220
f 49/687/49 33/688/33 230/689/230 229/690/229
f 47/691/47 29/692/29 239/693/239 238/694/238
f 167/695/167 177/696/177 206/697/206 168/698/168
f 173/699/173 178/700/178 215/701/215 214/702/214
f 37/703/37 36/704/36 222/705/222 221/706/221
f 33/707/33 32/708/32 226/709/226 230/710/230
f 29/711/29 28/712/28 240/713/240 239/714/239
f 177/715/177 182/716/182 207/717/207 206/718/206
f 178/719/178 183/720/183 216/721/216 215/722/215
f 36/723/36 174/724/174 223/725/223 222/726/222
f 144/727/144 175/728/175 231/729/231 145/730/145
f 28/731/28 176/732/176 241/733/241 240/734/240
f 140/735/140 185/736/185 200/737/200 141/738/141
f 182/739/182 186/740/186 208/741/208 207/742/207
f 183/743/183 41/744/41 212/745/212 216/746/216
f 174/747/174 179/748/179 219/749/219 223/750/223
f 175/751/175 180/752/180 232/753/232 231/754/231
f 176/755/176 181/756/181 242/757/242 241/758/241
f 185/759/185 170/760/170 171/761/171 200/762/200
f 186/763/186 166/764/166 169/765/169 208/766/208
f 187/767/187 164/768/164 165/769/165 217/770/217
f 184/771/184 162/772/162 163/773/163 224/774/224
f 180/775/180 160/776/160 161/777/161 232/778/232
f 181/779/181 47/780/47 238/781/238 242/782/242
f 243/783/243 133/263/133 6/6/6 5/5/5
f 244/784/244 24/25/24 133/263/133 243/783/243
f 245/785/245 89/153/89 80/129/80 246/786/246
f 247/787/247 57/69/57 95/161/95 248/788/248
f 249/789/249 74/121/74 61/97/61 250/790/250
f 251/791/251 132/255/132 65/240/65 252/792/252
f 253/793/253 137/275/137 132/255/132 251/791/251
f 254/794/254 88/145/88 76/125/76 255/795/255
f 7/8/7 2/7/2 1/1/1 256/796/256
f 257/797/257 129/247/129 123/228/123 258/798/258
f 259/799/259 135/267/135 129/247/129 257/797/257
f 260/800/260 100/169/100 99/149/99 261/801/261
f 262/802/262 107/193/107 100/169/100 260/800/260
f 263/803/263 113/201/113 103/177/103 264/804/264
f 265/805/265 110/197/110 109/173/109 266/806/266
f 267/807/267 120/217/120 110/197/110 265/805/265
f 268/808/268 126/236/126 120/217/120 267/807/267
f 269/809/269 130/251/130 126/236/126 268/808/268
f 266/806/266 109/173/109 130/251/130 269/809/269
f 270/810/270 92/157/92 91/133/91 271/811/271
f 272/812/272 104/181/104 92/157/92 270/810/270
f 273/813/273 114/205/114 104/181/104 272/812/272
f 274/814/274 122/221/122 114/205/114 273/813/273
f 271/811/271 91/133/91 122/221/122 274/814/274
f 275/815/275 71/117/71 70/93/70 276/816/276
f 277/817/277 84/141/84 71/117/71 275/815/275
f 278/818/278 97/165/97 84/141/84 277/817/277
f 279/819/279 105/185/105 97/165/97 278/818/278
f 276/816/276 70/93/70 105/185/105 279/819/279
f 280/820/280 17/77/17 16/17/16 281/821/281
f 282/822/282 63/101/63 17/77/17 280/820/280
f 255/795/255 76/125/76 63/101/63 282/822/282
f 281/821/281 16/17/16 88/145/88 254/794/254
f 283/823/283 138/279/138 78/259/78 284/824/284
f 285/825/285 8/9/8 138/279/138 283/823/283
f 286/826/286 9/85/9 8/9/8 285/825/285
f 287/827/287 66/105/66 9/85/9 286/826/286
f 284/824/284 78/259/78 66/105/66 287/827/287
f 256/796/256 1/1/1 24/25/24 244/784/244
f 288/828/288 116/209/116 115/189/115 289/829/289
f 258/798/258 123/228/123 116/209/116 288/828/288
f 289/829/289 115/189/115 135/267/135 259/799/259
f 290/830/290 118/213/118 107/193/107 262/802/262
f 291/831/291 124/232/124 118/213/118 290/830/290
f 261/801/261 99/149/99 124/232/124 291/831/291
f 246/786/246 80/129/80 79/109/79 292/832/292
f 264/804/264 103/177/103 89/153/89 245/785/245
f 292/832/292 79/109/79 113/201/113 263/803/263
f 293/833/293 58/89/58 57/69/57 247/787/247
f 294/834/294 68/113/68 58/89/58 293/833/293
f 295/835/295 82/137/82 68/113/68 294/834/294
f 248/788/248 95/161/95 82/137/82 295/835/295
f 296/836/296 20/21/20 86/271/86 297/837/297
f 298/838/298 21/73/21 20/21/20 296/836/296
f 250/790/250 61/97/61 21/73/21 298/838/298
f 297/837/297 86/271/86 74/121/74 249/789/249
f 299/839/299 12/13/12 137/275/137 253/793/253
f 300/840/300 13/81/13 12/13/12 299/839/299
f 252/792/252 65/240/65 13/81/13 300/840/300
usemtl White
f 301/841/301 302/842/302 303/843/303 304/844/304
f 305/845/305 306/846/306 307/847/307 308/848/308
f 309/849/309 310/850/310 311/851/311 312/852/312
f 313/853/313 314/854/314 315/855/315 316/856/316
f 317/857/317 318/858/318 319/859/319 320/860/320
f 321/861/321 322/862/322 323/863/323 324/864/324
f 325/865/325 326/866/326 327/867/327 328/868/328
f 329/869/329 330/870/330 331/871/331 332/872/332
f 333/873/333 334/874/334 335/875/335 336/876/336
f 337/877/337 338/878/338 339/879/339 340/880/340
f 341/881/341 342/882/342 343/883/343 344/884/344
f 258/798/258 345/885/345 346/886/346 257/797/347
f 347/887/348 348/888/349 349/889/350 350/890/351
f 255/795/255 351/891/352 352/892/353 254/794/354
f 353/893/355 354/894/356 355/895/357 356/896/358
f 357/897/359 358/898/360 359/899/361 360/900/362
f 361/901/363 362/902/364 363/903/365 364/904/366
f 365/905/367 366/906/368 367/907/369 368/908/370
f 369/909/371 370/910/372 371/911/373 372/912/374
f 264/804/375 301/841/301 373/913/376 263/803/377
f 256/796/378 302/914/302 301/841/301 264/804/375
f 374/915/379 375/916/380 376/917/381 377/918/382
f 257/797/383 378/919/384 379/920/385 259/799/386
f 380/921/387 381/922/388 382/923/389 383/924/390
f 373/913/376 301/925/301 304/926/304 384/927/391
f 385/928/392 305/929/305 308/930/308 386/931/393
f 387/932/394 309/933/309 312/934/312 388/935/395
f 264/804/396 389/936/397 390/937/398 256/796/399
f 391/938/400 313/939/313 316/940/316 392/941/401
f 393/942/402 317/943/317 320/944/320 394/945/403
f 395/946/404 321/947/321 324/948/324 396/949/405
f 397/950/406 325/951/325 328/952/328 398/953/407
f 399/954/408 400/955/409 401/956/410 402/957/411
f 403/958/412 394/959/403 404/960/413 405/961/414
f 406/962/415 407/963/416 408/964/417 409/965/418
f 410/966/419 411/967/420 412/968/421 413/969/422
f 414/970/423 415/971/424 416/972/425 417/973/426
f 418/974/427 419/975/428 420/976/429 421/977/430
f 422/978/431 423/979/432 424/980/433 425/981/434
f 426/982/435 427/983/436 428/984/437 429/985/438
f 430/986/439 431/987/440 432/988/441 433/989/442
f 434/990/443 435/991/444 436/992/445 437/993/446
f 438/994/447 399/995/408 402/996/411 439/997/448
f 440/998/449 403/999/412 405/1000/414 441/1001/450
f 442/1002/451 406/1003/415 409/1004/418 443/1005/452
f 444/1006/453 410/1007/419 413/1008/422 445/1009/454
f 446/1010/455 414/1011/423 417/1012/426 447/1013/456
f 448/1014/457 449/1015/458 450/1016/459 451/1017/460
f 452/1018/461 418/1019/427 421/1020/430 453/1021/462
f 454/1022/463 455/1023/464 456/1024/465 457/1025/466
f 458/1026/467 426/1027/435 429/1028/438 459/1029/468
f 460/1030/469 461/1031/470 462/1032/471 463/1033/472
f 464/1034/473 434/1035/443 437/1036/446 465/1037/474
f 311/1038/311 438/1039/447 439/1040/448 466/1041/475
f 381/1042/388 467/1043/476 468/1044/477 382/1045/389
f 375/1046/380 469/1047/478 470/1048/479 376/1049/381
f 370/1050/372 471/1051/480 472/1052/481 371/1053/373
f 366/1054/368 473/1055/482 458/1056/467 367/1057/369
f 362/1058/364 474/1059/483 475/1060/484 363/1061/365
f 358/1062/360 476/1063/485 477/1064/486 359/1065/361
f 354/1066/356 478/1067/487 479/1068/488 355/1069/357
f 348/1070/349 480/1071/489 481/1072/490 349/1073/350
f 342/1074/342 482/1075/491 483/1076/492 343/1077/343
f 338/1078/338 484/1079/493 452/1080/461 339/1081/339
f 334/1082/334 485/1083/494 486/1084/495 335/1085/335
f 330/1086/330 487/1087/496 488/1088/497 331/1089/331
f 326/1090/326 489/1091/498 490/1092/499 327/1093/327
f 318/1094/318 491/1095/500 492/1096/501 319/1097/319
f 314/1098/314 493/1099/502 446/1100/455 315/1101/315
f 306/1102/306 494/1103/503 460/1104/469 307/1105/307
f 302/914/302 495/1106/504 496/1107/505 303/1108/303
f 469/1109/478 497/1110/506 498/1111/507 470/1112/479
f 471/1113/480 499/1114/508 444/1115/453 472/1116/481
f 474/1117/483 500/1118/509 454/1119/463 475/1120/484
f 476/1121/485 501/1122/510 502/1123/511 477/1124/486
f 480/1125/489 503/1126/512 504/1127/513 481/1128/490
f 482/1129/491 505/1130/514 442/1131/451 483/1132/492
f 485/1133/494 506/1134/515 448/1135/457 486/1136/495
f 487/1137/496 507/1138/516 508/1139/517 488/1140/497
f 491/1141/500 390/1142/398 440/1143/449 492/1144/501
f 494/1145/503 509/1146/518 461/1147/470 460/1148/469
f 497/1149/506 510/1150/519 430/1151/439 498/1152/507
f 500/1153/509 511/1154/520 455/1155/464 454/1156/463
f 503/1157/512 512/1158/521 422/1159/431 504/1160/513
f 506/1161/515 513/1162/522 449/1163/458 448/1164/457
f 514/1165/523 515/1166/524 464/1167/473 516/1168/525
f 515/1169/524 517/1170/526 434/1171/443 464/1172/473
f 322/1173/322 346/1174/346 518/1175/527 323/1176/323
f 310/1177/310 519/1178/528 438/1179/447 311/1180/311
f 517/1181/526 520/1182/529 435/1183/444 434/1184/443
f 467/1185/476 521/1186/530 522/1187/531 468/1188/477
f 473/1189/482 352/1190/353 426/1191/435 458/1192/467
f 478/1193/487 523/1194/532 524/1195/533 479/1196/488
f 484/1197/493 525/1198/534 418/1199/427 452/1200/461
f 489/1201/498 526/1202/535 527/1203/536 490/1204/499
f 346/886/346 345/1205/345 528/1206/537 518/1207/527
f 493/1208/502 529/1209/538 414/1210/423 446/1211/455
f 519/1212/528 530/1213/539 399/1214/408 438/1215/447
f 520/1216/529 531/1217/540 532/1218/541 435/1219/444
f 495/1220/504 533/1221/542 534/1222/543 496/1223/505
f 521/1224/530 535/1225/544 536/1226/545 522/1227/531
f 499/1228/508 379/1229/385 410/1230/419 444/1231/453
f 352/892/353 351/1232/352 427/1233/436 426/1234/435
f 501/1235/510 537/1236/546 538/1237/547 502/1238/511
f 523/1239/532 539/1240/548 540/1241/549 524/1242/533
f 505/1243/514 541/1244/550 406/1245/415 442/1246/451
f 525/1247/534 542/1248/551 419/1249/428 418/1250/427
f 507/1251/516 543/1252/552 544/1253/553 508/1254/517
f 526/1255/535 545/1256/554 546/1257/555 527/1258/536
f 345/885/345 547/1259/556 548/1260/557 528/1261/537
f 390/937/398 389/1262/397 403/1263/412 440/1264/449
f 529/1265/538 549/1266/558 415/1267/424 414/1268/423
f 530/1269/539 550/1270/559 400/1271/409 399/1272/408
f 509/1273/518 551/1274/560 552/1275/561 461/1276/470
f 531/1277/540 553/1278/562 554/1279/563 532/1280/541
f 533/1281/542 555/1282/564 556/1283/565 534/1284/543
f 535/1285/544 557/1286/566 558/1287/567 536/1288/545
f 510/1289/519 559/1290/568 431/1291/440 430/1292/439
f 379/920/385 378/1293/384 411/1294/420 410/1295/419
f 351/891/352 560/1296/569 561/1297/570 427/1298/436
f 511/1299/520 562/1300/571 563/1301/572 455/1302/464
f 537/1303/546 564/1304/573 565/1305/574 538/1306/547
f 539/1307/548 566/1308/575 567/1309/576 540/1310/549
f 512/1311/521 568/1312/577 423/1313/432 422/1314/431
f 541/1315/550 569/1316/578 407/1317/416 406/1318/415
f 542/1319/551 570/1320/579 571/1321/580 419/1322/428
f 513/1323/522 572/1324/581 573/1325/582 449/1326/458
f 543/1327/552 574/1328/583 575/1329/584 544/1330/553
f 545/1331/554 397/1332/406 398/1333/407 546/1334/555
f 547/1335/556 395/1336/404 396/1337/405 548/1338/557
f 389/936/397 393/1339/402 394/1340/403 403/1341/412
f 549/1342/558 391/1343/400 392/1344/401 415/1345/424
f 550/1346/559 387/1347/394 388/1348/395 400/1349/409
f 551/1350/560 385/1351/392 386/1352/393 552/1353/561
f 553/1354/562 514/1355/523 516/1356/525 554/1357/563
f 555/1358/564 373/1359/376 384/1360/391 556/1361/565
f 557/1362/566 380/1363/387 383/1364/390 558/1365/567
f 559/1366/568 374/1367/379 377/1368/382 431/1369/440
f 378/919/384 369/1370/371 372/1371/374 411/1372/420
f 560/1373/569 365/1374/367 368/1375/370 561/1376/570
f 562/1377/571 361/1378/363 364/1379/366 563/1380/572
f 564/1381/573 357/1382/359 360/1383/362 565/1384/574
f 566/1385/575 353/1386/355 356/1387/358 567/1388/576
f 568/1389/577 347/1390/348 350/1391/351 423/1392/432
f 569/1393/578 341/1394/341 344/1395/344 407/1396/416
f 570/1397/579 337/1398/337 340/1399/340 571/1400/580
f 572/1401/581 333/1402/333 336/1403/336 573/1404/582
f 574/1405/583 329/1406/329 332/1407/332 575/1408/584
f 576/1409/585 577/1410/586 578/1411/587 579/1412/588
f 456/1413/465 580/1414/589 581/1415/590 582/1416/591
f 583/1417/592 584/1418/593 585/1419/594 586/1420/595
f 462/1421/471 587/1422/596 588/1423/597 589/1424/598
f 590/1425/599 591/1426/600 592/1427/601 593/1428/602
f 594/1429/603 595/1430/604 596/1431/605 597/1432/606
f 598/1433/607 599/1434/608 600/1435/609 601/1436/610
f 602/1437/611 603/1438/612 604/1439/613 605/1440/614
f 606/1441/615 607/1442/616 608/1443/617 609/1444/618
f 610/1445/619 425/1446/434 611/1447/620 612/1448/621
f 613/1449/622 576/1450/585 579/1451/588 614/1452/623
f 615/1453/624 433/1454/442 616/1455/625 617/1456/626
f 618/1457/627 583/1458/592 586/1459/595 619/1460/628
f 620/1461/629 441/1462/450 621/1463/630 622/1464/631
f 623/1465/632 590/1466/599 593/1467/602 624/1468/633
f 625/1469/634 443/1470/452 626/1471/635 627/1472/636
f 628/1473/637 445/1474/454 629/1475/638 630/1476/639
f 631/1477/640 447/1478/456 632/1479/641 633/1480/642
f 634/1481/643 453/1482/462 635/1483/644 636/1484/645
f 637/1485/646 610/1486/619 612/1487/621 638/1488/647
f 639/1489/648 459/1490/468 640/1491/649 641/1492/650
f 435/1493/444 532/1494/541 642/1495/651 436/1496/445
f 431/1497/440 377/1498/382 643/1499/652 432/1500/441
f 427/1501/436 561/1502/570 644/1503/653 428/1504/437
f 423/1505/432 350/1506/351 645/1507/654 424/1508/433
f 419/1509/428 571/1510/580 646/1511/655 420/1512/429
f 415/1513/424 392/1514/401 647/1515/656 416/1516/425
f 411/1517/420 372/1518/374 648/1519/657 412/1520/421
f 407/1521/416 344/1522/344 649/1523/658 408/1524/417
f 394/1525/403 320/1526/320 650/1527/659 404/1528/413
f 400/1529/409 388/1530/395 651/1531/660 401/1532/410
f 532/1533/541 554/1534/563 652/1535/661 642/1536/651
f 377/1537/382 376/1538/381 653/1539/662 643/1540/652
f 561/1541/570 368/1542/370 654/1543/663 644/1544/653
f 350/1545/351 349/1546/350 655/1547/664 645/1548/654
f 571/1549/580 340/1550/340 656/1551/665 646/1552/655
f 392/1553/401 316/1554/316 657/1555/666 647/1556/656
f 372/1557/374 371/1558/373 658/1559/667 648/1560/657
f 344/1561/344 343/1562/343 659/1563/668 649/1564/658
f 320/1565/320 319/1566/319 660/1567/669 650/1568/659
f 388/1569/395 312/1570/312 661/1571/670 651/1572/660
f 554/1573/563 516/1574/525 662/1575/671 652/1576/661
f 376/1577/381 470/1578/479 663/1579/672 653/1580/662
f 368/1581/370 367/1582/369 639/1583/648 654/1584/663
f 349/1585/350 481/1586/490 637/1587/646 655/1588/664
f 340/1589/340 339/1590/339 634/1591/643 656/1592/665
f 316/1593/316 315/1594/315 631/1595/640 657/1596/666
f 371/1597/373 472/1598/481 628/1599/637 658/1600/667
f 343/1601/343 483/1602/492 625/1603/634 659/1604/668
f 319/1605/319 492/1606/501 620/1607/629 660/1608/669
f 312/1609/312 311/1610/311 466/1611/475 661/1612/670
f 470/1613/479 498/1614/507 615/1615/624 663/1616/672
f 367/1617/369 458/1618/467 459/1619/468 639/1620/648
f 481/1621/490 504/1622/513 610/1623/619 637/1624/646
f 339/1625/339 452/1626/461 453/1627/462 634/1628/643
f 315/1629/315 446/1630/455 447/1631/456 631/1632/640
f 472/1633/481 444/1634/453 445/1635/454 628/1636/637
f 483/1637/492 442/1638/451 443/1639/452 625/1640/634
f 323/1641/323 518/1642/527 590/1643/599 623/1644/632
f 492/1645/501 440/1646/449 441/1647/450 620/1648/629
f 468/1649/477 522/1650/531 583/1651/592 618/1652/627
f 498/1653/507 430/1654/439 433/1655/442 615/1656/624
f 479/1657/488 524/1658/533 576/1659/585 613/1660/622
f 504/1661/513 422/1662/431 425/1663/434 610/1664/619
f 490/1665/499 527/1666/536 607/1667/616 606/1668/615
f 496/1669/505 534/1670/543 603/1671/612 602/1672/611
f 502/1673/511 538/1674/547 599/1675/608 598/1676/607
f 508/1677/517 544/1678/553 595/1679/604 594/1680/603
f 518/1681/527 528/1682/537 591/1683/600 590/1684/599
f 461/1685/470 552/1686/561 587/1687/596 462/1688/471
f 522/1689/531 536/1690/545 584/1691/593 583/1692/592
f 455/1693/464 563/1694/572 580/1695/589 456/1696/465
f 524/1697/533 540/1698/549 577/1699/586 576/1700/585
f 449/1701/458 573/1702/582 664/1703/673 450/1704/459
f 527/1705/536 546/1706/555 665/1707/674 607/1708/616
f 534/1709/543 556/1710/565 666/1711/675 603/1712/612
f 538/1713/547 565/1714/574 667/1715/676 599/1716/608
f 544/1717/553 575/1718/584 668/1719/677 595/1720/604
f 528/1721/537 548/1722/557 669/1723/678 591/1724/600
f 552/1725/561 386/1726/393 670/1727/679 587/1728/596
f 536/1729/545 558/1730/567 671/1731/680 584/1732/593
f 563/1733/572 364/1734/366 672/1735/681 580/1736/589
f 540/1737/549 567/1738/576 673/1739/682 577/1740/586
f 573/1741/582 336/1742/336 674/1743/683 664/1744/673
f 546/1745/555 398/1746/407 675/1747/684 665/1748/674
f 556/1749/565 384/1750/391 676/1751/685 666/1752/675
f 565/1753/574 360/1754/362 677/1755/686 667/1756/676
f 575/1757/584 332/1758/332 678/1759/687 668/1760/677
f 548/1761/557 396/1762/405 679/1763/688 669/1764/678
f 386/1765/393 308/1766/308 680/1767/689 670/1768/679
f 558/1769/567 383/1770/390 681/1771/690 671/1772/680
f 364/1773/366 363/1774/365 682/1775/691 672/1776/681
f 567/1777/576 356/1778/358 683/1779/692 673/1780/682
f 336/1781/336 335/1782/335 684/1783/693 674/1784/683
f 398/1785/407 328/1786/328 685/1787/694 675/1788/684
f 384/1789/391 304/1790/304 686/1791/695 676/1792/685
f 360/1793/362 359/1794/361 687/1795/696 677/1796/686
f 332/1797/332 331/1798/331 688/1799/697 678/1800/687
f 396/1801/405 324/1802/324 689/1803/698 679/1804/688
f 308/1805/308 307/1806/307 690/1807/699 680/1808/689
f 383/1809/390 382/1810/389 691/1811/700 681/1812/690
f 363/1813/365 475/1814/484 692/1815/701 682/1816/691
f 356/1817/358 355/1818/357 693/1819/702 683/1820/692
f 335/1821/335 486/1822/495 694/1823/703 684/1824/693
f 328/1825/328 327/1826/327 695/1827/704 685/1828/694
f 304/1829/304 303/1830/303 696/1831/705 686/1832/695
f 359/1833/361 477/1834/486 697/1835/706 687/1836/696
f 331/1837/331 488/1838/497 698/1839/707 688/1840/697
f 324/1841/324 323/1842/323 623/1843/632 689/1844/698
f 516/1845/525 464/1846/473 465/1847/474 662/1848/671
f 307/1849/307 460/1850/469 463/1851/472 690/1852/699
f 382/1853/389 468/1854/477 618/1855/627 691/1856/700
f 475/1857/484 454/1858/463 457/1859/466 692/1860/701
f 355/1861/357 479/1862/488 613/1863/622 693/1864/702
f 486/1865/495 448/1866/457 451/1867/460 694/1868/703
f 327/1869/327 490/1870/499 606/1871/615 695/1872/704
f 303/1873/303 496/1874/505 602/1875/611 696/1876/705
f 477/1877/486 502/1878/511 598/1879/607 697/1880/706
f 488/1881/497 508/1882/517 594/1883/603 698/1884/707
f 699/1885/708 700/1886/709 701/1887/710 702/1888/711 703/1889/712 704/1890/713
f 624/1891/633 593/1892/602 592/1893/601 705/1894/714 706/1895/715 707/1896/716
f 708/1897/717 709/1898/718 710/1899/719 711/1900/720 712/1901/721 713/1902/722
f 619/1903/628 586/1904/595 585/1905/594 714/1906/723 715/1907/724 716/1908/725
f 640/1909/649 717/1910/726 718/1911/727 719/1912/728 720/1913/729 641/1914/650
f 614/1915/623 579/1916/588 578/1917/587 721/1918/730 722/1919/731 723/1920/732
f 635/1921/644 724/1922/733 725/1923/734 726/1924/735 727/1925/736 636/1926/645
f 609/1927/618 608/1928/617 728/1929/737 729/1930/738 730/1931/739 731/1932/740
f 632/1933/641 732/1934/741 733/1935/742 734/1936/743 735/1937/744 633/1938/642
f 605/1939/614 604/1940/613 736/1941/745 737/1942/746 738/1943/747 739/1944/748
f 629/1945/638 740/1946/749 741/1947/750 742/1948/751 743/1949/752 630/1950/639
f 601/1951/610 600/1952/609 744/1953/753 745/1954/754 746/1955/755 747/1956/756
f 626/1957/635 748/1958/757 749/1959/758 750/1960/759 751/1961/760 627/1962/636
f 597/1963/606 596/1964/605 752/1965/761 753/1966/762 754/1967/763 755/1968/764
f 621/1969/630 756/1970/765 757/1971/766 758/1972/767 759/1973/768 622/1974/631
f 589/1975/598 588/1976/597 760/1977/769 761/1978/770 762/1979/771 763/1980/772
f 616/1981/625 764/1982/773 765/1983/774 766/1984/775 767/1985/776 617/1986/626
f 582/1987/591 581/1988/590 768/1989/777 769/1990/778 770/1991/779 771/1992/780
f 611/1993/620 772/1994/781 773/1995/782 774/1996/783 638/1997/647 612/1998/621
f 775/1999/784 776/2000/785 777/2001/786 778/2002/787 779/2003/788 780/2004/789
f 450/2005/459 664/2006/673 776/2007/785 775/2008/784
f 607/2009/616 665/2010/674 728/2011/737 608/2012/617
f 603/2013/612 666/2014/675 736/2015/745 604/2016/613
f 599/2017/608 667/2018/676 744/2019/753 600/2020/609
f 595/2021/604 668/2022/677 752/2023/761 596/2024/605
f 591/2025/600 669/2026/678 705/2027/714 592/2028/601
f 587/2029/596 670/2030/679 760/2031/769 588/2032/597
f 584/2033/593 671/2034/680 714/2035/723 585/2036/594
f 580/2037/589 672/2038/681 768/2039/777 581/2040/590
f 577/2041/586 673/2042/682 721/2043/730 578/2044/587
f 664/2045/673 674/2046/683 777/2047/786 776/2048/785
f 665/2049/674 675/2050/684 729/2051/738 728/2052/737
f 666/2053/675 676/2054/685 737/2055/746 736/2056/745
f 667/2057/676 677/2058/686 745/2059/754 744/2060/753
f 668/2061/677 678/2062/687 753/2063/762 752/2064/761
f 669/2065/678 679/2066/688 706/2067/715 705/2068/714
f 670/2069/679 680/2070/689 761/2071/770 760/2072/769
f 662/2073/671 465/2074/474 700/2075/709 699/2076/708
f 671/2077/680 681/2078/690 715/2079/724 714/2080/723
f 672/2081/681 682/2082/691 769/2083/778 768/2084/777
f 673/2085/682 683/2086/692 722/2087/731 721/2088/730
f 674/2089/683 684/2090/693 778/2091/787 777/2092/786
f 675/2093/684 685/2094/694 730/2095/739 729/2096/738
f 676/2097/685 686/2098/695 738/2099/747 737/2100/746
f 677/2101/686 687/2102/696 746/2103/755 745/2104/754
f 678/2105/687 688/2106/697 754/2107/763 753/2108/762
f 679/2109/688 689/2110/698 707/2111/716 706/2112/715
f 680/2113/689 690/2114/699 762/2115/771 761/2116/770
f 465/2117/474 437/2118/446 701/2119/710 700/2120/709
f 681/2121/690 691/2122/700 716/2123/725 715/2124/724
f 682/2125/691 692/2126/701 770/2127/779 769/2128/778
f 683/2129/692 693/2130/702 723/2131/732 722/2132/731
f 684/2133/693 694/2134/703 779/2135/788 778/2136/787
f 685/2137/694 695/2138/704 731/2139/740 730/2140/739
f 686/2141/695 696/2142/705 739/2143/748 738/2144/747
f 687/2145/696 697/2146/706 747/2147/756 746/2148/755
f 688/2149/697 698/2150/707 755/2151/764 754/2152/763
f 689/2153/698 623/2154/632 624/2155/633 707/2156/716
f 690/2157/699 463/2158/472 763/2159/772 762/2160/771
f 437/2161/446 436/2162/445 702/2163/711 701/2164/710
f 691/2165/700 618/2166/627 619/2167/628 716/2168/725
f 692/2169/701 457/2170/466 771/2171/780 770/2172/779
f 693/2173/702 613/2174/622 614/2175/623 723/2176/732
f 694/2177/703 451/2178/460 780/2179/789 779/2180/788
f 695/2181/704 606/2182/615 609/2183/618 731/2184/740
f 696/2185/705 602/2186/611 605/2187/614 739/2188/748
f 697/2189/706 598/2190/607 601/2191/610 747/2192/756
f 698/2193/707 594/2194/603 597/2195/606 755/2196/764
f 466/2197/475 439/2198/448 709/2199/718 708/2200/717
f 463/2201/472 462/2202/471 589/2203/598 763/2204/772
f 436/2205/445 642/2206/651 703/2207/712 702/2208/711
f 459/2209/468 429/2210/438 717/2211/726 640/2212/649
f 457/2213/466 456/2214/465 582/2215/591 771/2216/780
f 453/2217/462 421/2218/430 724/2219/733 635/2220/644
f 451/2221/460 450/2222/459 775/2223/784 780/2224/789
f 447/2225/456 417/2226/426 732/2227/741 632/2228/641
f 445/2229/454 413/2230/422 740/2231/749 629/2232/638
f 443/2233/452 409/2234/418 748/2235/757 626/2236/635
f 441/2237/450 405/2238/414 756/2239/765 621/2240/630
f 439/2241/448 402/2242/411 710/2243/719 709/2244/718
f 433/2245/442 432/2246/441 764/2247/773 616/2248/625
f 642/2249/651 652/2250/661 704/2251/713 703/2252/712
f 429/2253/438 428/2254/437 718/2255/727 717/2256/726
f 425/2257/434 424/2258/433 772/2259/781 611/2260/620
f 421/2261/430 420/2262/429 725/2263/734 724/2264/733
f 417/2265/426 416/2266/425 733/2267/742 732/2268/741
f 413/2269/422 412/2270/421 741/2271/750 740/2272/749
f 409/2273/418 408/2274/417 749/2275/758 748/2276/757
f 405/2277/414 404/2278/413 757/2279/766 756/2280/765
f 402/2281/411 401/2282/410 711/2283/720 710/2284/719
f 432/2285/441 643/2286/652 765/2287/774 764/2288/773
f 652/2289/661 662/2290/671 699/2291/708 704/2292/713
f 428/2293/437 644/2294/653 719/2295/728 718/2296/727
f 424/2297/433 645/2298/654 773/2299/782 772/2300/781
f 420/2301/429 646/2302/655 726/2303/735 725/2304/734
f 416/2305/425 647/2306/656 734/2307/743 733/2308/742
f 412/2309/421 648/2310/657 742/2311/751 741/2312/750
f 408/2313/417 649/2314/658 750/2315/759 749/2316/758
f 404/2317/413 650/2318/659 758/2319/767 757/2320/766
f 401/2321/410 651/2322/660 712/2323/721 711/2324/720
f 643/2325/652 653/2326/662 766/2327/775 765/2328/774
f 644/2329/653 654/2330/663 720/2331/729 719/2332/728
f 645/2333/654 655/2334/664 774/2335/783 773/2336/782
f 646/2337/655 656/2338/665 727/2339/736 726/2340/735
f 647/2341/656 657/2342/666 735/2343/744 734/2344/743
f 648/2345/657 658/2346/667 743/2347/752 742/2348/751
f 649/2349/658 659/2350/668 751/2351/760 750/2352/759
f 650/2353/659 660/2354/669 759/2355/768 758/2356/767
f 651/2357/660 661/2358/670 713/2359/722 712/2360/721
f 653/2361/662 663/2362/672 767/2363/776 766/2364/775
f 654/2365/663 639/2366/648 641/2367/650 720/2368/729
f 655/2369/664 637/2370/646 638/2371/647 774/2372/783
f 656/2373/665 634/2374/643 636/2375/645 727/2376/736
f 657/2377/666 631/2378/640 633/2379/642 735/2380/744
f 658/2381/667 628/2382/637 630/2383/639 743/2384/752
f 659/2385/668 625/2386/634 627/2387/636 751/2388/760
f 660/2389/669 620/2390/629 622/2391/631 759/2392/768
f 661/2393/670 466/2394/475 708/2395/717 713/2396/722
f 663/2397/672 615/2398/624 617/2399/626 767/2400/776
f 300/840/300 531/1277/540 520/1216/529 266/806/266
f 299/839/299 553/1354/562 531/1277/540 300/840/300
f 269/809/269 547/1335/556 345/885/345 258/798/258
f 277/817/277 550/1346/559 530/1269/539 278/818/278
f 274/814/274 310/1177/310 309/849/309 267/807/267
f 274/814/274 380/921/387 557/1362/566 271/811/271
f 267/807/790 381/1042/388 380/921/387 274/814/274
f 254/794/354 352/892/353 473/1189/482 272/812/791
f 282/822/282 354/1066/356 353/893/355 255/795/255
f 272/812/792 338/1078/338 337/877/337 254/794/793
f 285/825/285 397/950/406 545/1331/554 291/831/291
f 287/827/287 391/938/400 549/1342/558 284/824/284
f 292/832/292 313/853/313 391/938/400 287/827/287
f 263/803/263 314/1098/314 313/853/313 292/832/292
f 280/820/280 493/1208/502 314/1098/314 263/803/263
f 280/820/280 555/1358/564 533/1281/542 282/822/282
f 263/803/377 373/913/376 555/1358/564 280/820/280
f 258/798/258 537/1303/546 501/1235/510 269/809/269
f 266/806/266 476/1121/485 358/1062/360 300/840/300
f 269/809/269 501/1235/510 476/1121/485 266/806/266
f 290/830/290 541/1315/550 505/1243/514 291/831/291
f 298/838/794 569/1393/578 541/1315/550 290/830/290
f 291/831/291 505/1243/514 482/1129/491 285/825/285
f 287/827/795 574/1405/583 543/1327/552 292/832/292
f 259/799/259 306/1102/306 305/845/305 289/829/289
f 293/833/293 559/1366/568 510/1289/519 294/834/294
f 290/830/290 511/1299/520 500/1153/509 298/838/298
f 294/834/294 333/873/333 572/1401/581 295/835/796
f 260/800/797 515/1169/524 514/1165/523 262/802/798
f 261/801/261 535/1285/544 521/1224/530 260/800/799
f 259/799/386 379/920/385 499/1228/508 5/5/5
f 256/796/399 390/937/398 491/1141/500 7/8/800
f 5/5/5 494/1145/503 306/1102/306 259/799/259
f 7/8/7 509/1273/518 494/1145/503 5/5/5
f 250/790/250 474/1117/483 362/1058/364 253/793/253
f 253/793/801 506/1161/515 485/1133/494 250/790/250
f 262/802/262 299/839/299 300/840/300 266/806/266 265/805/802 260/800/797
f 266/806/266 269/809/269 268/808/268 267/807/267 265/805/802
f 271/811/271 274/814/274 273/813/273 272/812/791 270/810/270
f 276/816/276 279/819/279 278/818/278 277/817/277 275/815/803
f 281/821/281 254/794/793 255/795/255 282/822/282 280/820/280
f 284/824/284 287/827/287 286/826/804 285/825/285 283/823/283
f 7/8/7 256/796/399 244/784/244 243/783/243 5/5/5
f 289/829/289 259/799/259 257/797/383 258/798/258 288/828/288
f 261/801/261 291/831/291 290/830/290 262/802/262 260/800/797
f 292/832/292 263/803/263 264/804/375 245/785/245 246/786/246
f 247/787/247 248/788/248 295/835/805 294/834/294 293/833/293
f 297/837/297 249/789/249 250/790/250 298/838/298 296/836/806
f 252/792/252 300/840/300 299/839/299 253/793/253 251/791/807
f 275/815/803 277/817/277 268/808/268 269/809/269 258/798/258 257/797/383
f 274/814/274 267/807/267 268/808/268 277/817/277 278/818/278 273/813/273
f 265/805/802 267/807/267 274/814/274 271/811/271 261/801/261 260/800/797
f 272/812/791 273/813/273 278/818/278 279/819/279 255/795/255 254/794/793
f 244/784/244 282/822/282 255/795/255 279/819/279 276/816/276 243/783/243
f 270/810/270 272/812/791 254/794/793 281/821/281 284/824/284 283/823/283
f 271/811/271 270/810/270 283/823/283 285/825/285 291/831/291 261/801/261
f 280/820/280 263/803/263 292/832/292 287/827/287 284/824/284 281/821/281
f 244/784/244 256/796/399 264/804/375 263/803/263 280/820/280 282/822/282
f 5/5/5 243/783/243 276/816/276 275/815/803 257/797/383 259/799/259
f 269/809/269 266/806/266 300/840/300 252/792/252 288/828/288 258/798/258
f 291/831/291 285/825/285 286/826/804 296/836/806 298/838/298 290/830/290
f 246/786/246 297/837/297 296/836/806 286/826/804 287/827/287 292/832/292
f 256/796/399 7/8/7 247/787/247 293/833/293 245/785/245 264/804/375
f 7/8/7 5/5/5 259/799/259 289/829/289 248/788/248 247/787/247
f 294/834/294 249/789/249 297/837/297 246/786/246 245/785/245 293/833/293
f 290/830/290 298/838/298 250/790/250 253/793/253 299/839/299 262/802/262
f 252/792/252 251/791/807 295/835/805 248/788/248 289/829/289 288/828/288
f 251/791/807 253/793/253 250/790/250 249/789/249 294/834/294 295/835/805
f 265/805/808 517/1181/526 515/1169/524 260/800/797
f 266/806/266 520/1216/529 517/1181/526 265/805/808
f 262/802/798 514/1165/523 553/1354/562 299/839/299
f 257/797/347 346/886/346 322/1173/322 275/815/803
f 268/808/268 395/946/404 547/1335/556 269/809/269
f 277/817/809 321/861/321 395/946/404 268/808/268
f 275/815/803 322/1173/322 321/861/321 277/817/809
f 273/813/273 519/1212/528 310/1177/310 274/814/274
f 278/818/278 530/1269/539 519/1212/528 273/813/273
f 268/808/268 387/932/394 550/1346/559 277/817/277
f 267/807/267 309/849/309 387/932/394 268/808/268
f 260/800/799 521/1224/530 467/1185/476 265/805/802
f 271/811/271 557/1362/566 535/1285/544 261/801/261
f 265/805/802 467/1185/476 381/1042/388 267/807/790
f 279/819/279 560/1373/569 351/891/352 255/795/255
f 278/818/278 365/905/367 560/1373/569 279/819/279
f 273/813/810 366/1054/368 365/905/367 278/818/278
f 272/812/791 473/1189/482 366/1054/368 273/813/810
f 243/783/243 523/1239/532 478/1193/487 244/784/244
f 276/816/276 539/1307/548 523/1239/532 243/783/243
f 279/819/279 566/1385/575 539/1307/548 276/816/276
f 255/795/255 353/893/355 566/1385/575 279/819/279
f 244/784/244 478/1193/487 354/1066/356 282/822/282
f 283/823/283 525/1247/534 484/1197/493 270/810/270
f 284/824/284 542/1319/551 525/1247/534 283/823/283
f 281/821/811 570/1397/579 542/1319/551 284/824/284
f 254/794/793 337/877/337 570/1397/579 281/821/811
f 270/810/270 484/1197/493 338/1078/338 272/812/792
f 261/801/261 526/1255/535 489/1201/498 271/811/271
f 291/831/291 545/1331/554 526/1255/535 261/801/261
f 283/823/283 325/865/325 397/950/406 285/825/285
f 270/810/270 326/1090/326 325/865/325 283/823/283
f 271/811/271 489/1201/498 326/1090/326 270/810/270
f 281/821/281 529/1265/538 493/1208/502 280/820/280
f 284/824/284 549/1342/558 529/1265/538 281/821/281
f 282/822/282 533/1281/542 495/1220/504 244/784/244
f 244/784/244 495/1220/504 302/914/302 256/796/378
f 275/815/812 369/909/371 378/919/384 257/797/383
f 276/816/276 370/1050/372 369/909/371 275/815/812
f 243/783/243 471/1113/480 370/1050/372 276/816/276
f 5/5/5 499/1228/508 471/1113/480 243/783/243
f 288/828/288 564/1381/573 537/1303/546 258/798/258
f 252/792/252 357/897/359 564/1381/573 288/828/288
f 300/840/300 358/1062/360 357/897/359 252/792/252
f 296/836/806 341/881/341 569/1393/578 298/838/794
f 286/826/813 342/1074/342 341/881/341 296/836/806
f 285/825/285 482/1129/491 342/1074/342 286/826/813
f 292/832/292 543/1327/552 507/1251/516 246/786/246
f 286/826/804 329/869/329 574/1405/583 287/827/795
f 296/836/814 330/1086/330 329/869/329 286/826/804
f 297/837/297 487/1137/496 330/1086/330 296/836/814
f 246/786/246 507/1251/516 487/1137/496 297/837/297
f 245/785/245 393/942/402 389/936/397 264/804/396
f 293/833/293 317/857/317 393/942/402 245/785/245
f 247/787/247 318/1094/318 317/857/317 293/833/293
f 7/8/800 491/1141/500 318/1094/318 247/787/247
f 247/787/247 551/1350/560 509/1273/518 7/8/7
f 248/788/248 385/928/392 551/1350/560 247/787/247
f 289/829/289 305/845/305 385/928/392 248/788/248
f 245/785/245 374/915/379 559/1366/568 293/833/293
f 246/786/246 375/1046/380 374/915/379 245/785/245
f 297/837/297 469/1109/478 375/1046/380 246/786/246
f 249/789/249 497/1149/506 469/1109/478 297/837/297
f 294/834/294 510/1289/519 497/1149/506 249/789/249
f 262/802/262 562/1377/571 511/1299/520 290/830/290
f 299/839/299 361/901/363 562/1377/571 262/802/262
f 253/793/253 362/1058/364 361/901/363 299/839/299
f 298/838/298 500/1153/509 474/1117/483 250/790/250
f 288/828/288 568/1389/577 512/1311/521 252/792/252
f 289/829/289 347/887/348 568/1389/577 288/828/288
f 248/788/815 348/1070/349 347/887/348 289/829/289
f 295/835/805 480/1125/489 348/1070/349 248/788/815
f 251/791/816 503/1157/512 480/1125/489 295/835/805
f 252/792/252 512/1311/521 503/1157/512 251/791/816
f 295/835/796 572/1401/581 513/1323/522 251/791/807
f 249/789/249 334/1082/334 333/873/333 294/834/294
f 250/790/250 485/1133/494 334/1082/334 249/789/249
f 251/791/807 513/1323/522 506/1161/515 253/793/801
