# Blender v2.79 (sub 0) OBJ File: ''
# www.blender.org
mtllib steel.mtl
o Sphere
v 0.016908 -0.571400 -0.171667
v 0.011839 -0.585164 -0.120203
v 0.000000 -0.585404 -0.118347
v 0.000000 -0.571400 -0.172499
v 0.000000 -0.551665 -0.227409
v 0.022290 -0.551665 -0.226312
v 0.044365 -0.551665 -0.223040
v 0.033653 -0.571400 -0.169185
v 0.023088 -0.585404 -0.116073
v 0.057965 0.058527 -0.588527
v 0.058246 0.000000 -0.591381
v 0.000000 0.000000 -0.594249
v 0.000000 0.058527 -0.591381
v 0.000000 0.116492 -0.582831
v 0.057127 0.116492 -0.580018
v 0.113705 0.116492 -0.571632
v 0.115373 0.058527 -0.580018
v 0.115932 0.000000 -0.582831
v 0.007612 0.592314 -0.077286
v 0.011839 0.585164 -0.120203
v 0.000000 0.585404 -0.118347
v 0.000000 0.593275 -0.067907
v 0.000000 0.599400 0.000000
v 0.013248 0.593275 -0.066602
v 0.023088 0.585404 -0.116073
v 0.007612 -0.592314 -0.077286
v 0.013248 -0.593275 -0.066602
v 0.000000 -0.599400 -0.000000
v 0.000000 -0.593275 -0.067907
v 0.057965 -0.058527 -0.588527
v 0.057127 -0.116492 -0.580018
v 0.000000 -0.116492 -0.582831
v 0.000000 -0.058527 -0.591381
v 0.115373 -0.058527 -0.580018
v 0.113705 -0.116492 -0.571632
v 0.016908 0.571399 -0.171667
v 0.022290 0.551665 -0.226312
v 0.000000 0.551665 -0.227409
v 0.000000 0.571399 -0.172499
v 0.033653 0.571399 -0.169185
v 0.044365 0.551665 -0.223040
v 0.055737 -0.173332 -0.565910
v 0.053812 -0.228507 -0.546365
v 0.000000 -0.228507 -0.549015
v 0.000000 -0.173332 -0.568655
v 0.110939 -0.173332 -0.557728
v 0.107108 -0.228507 -0.538466
v 0.027457 0.526605 -0.278772
v 0.032360 0.496485 -0.328554
v 0.000000 0.496485 -0.330147
v 0.000000 0.526605 -0.280124
v 0.054650 0.526605 -0.274742
v 0.064409 0.496485 -0.323804
v 0.051368 -0.281476 -0.521545
v 0.048430 -0.331741 -0.491715
v 0.000000 -0.331741 -0.494100
v 0.000000 -0.281476 -0.524075
v 0.102242 -0.281476 -0.514005
v 0.096394 -0.331741 -0.484606
v 0.036950 0.461573 -0.375164
v 0.041186 0.422226 -0.418170
v 0.000000 0.422226 -0.420198
v 0.000000 0.461573 -0.376983
v 0.073546 0.461573 -0.369740
v 0.081977 0.422226 -0.412124
v 0.045024 -0.378803 -0.457138
v 0.041186 -0.422226 -0.418169
v 0.000000 -0.422226 -0.420198
v 0.000000 -0.378803 -0.459355
v 0.089616 -0.378803 -0.450529
v 0.081977 -0.422226 -0.412124
v 0.045024 0.378803 -0.457138
v 0.048430 0.331741 -0.491715
v 0.000000 0.331741 -0.494100
v 0.000000 0.378803 -0.459356
v 0.089616 0.378803 -0.450529
v 0.096394 0.331741 -0.484606
v 0.036950 -0.461573 -0.375164
v 0.032360 -0.496485 -0.328554
v 0.000000 -0.496485 -0.330147
v 0.000000 -0.461573 -0.376983
v 0.073546 -0.461573 -0.369740
v 0.064409 -0.496485 -0.323804
v 0.051368 0.281476 -0.521545
v 0.053812 0.228507 -0.546365
v 0.000000 0.228507 -0.549015
v 0.000000 0.281476 -0.524075
v 0.102242 0.281476 -0.514005
v 0.107108 0.228507 -0.538466
v 0.027457 -0.526605 -0.278772
v 0.000000 -0.526605 -0.280124
v 0.054650 -0.526605 -0.274741
v 0.055737 0.173332 -0.565910
v 0.000000 0.173332 -0.568655
v 0.110939 0.173332 -0.557728
v 0.081315 -0.526605 -0.268059
v 0.066013 -0.551665 -0.217615
v 0.095836 -0.496485 -0.315928
v 0.126342 -0.496485 -0.305016
v 0.107199 -0.526605 -0.258801
v 0.087026 -0.551665 -0.210099
v 0.165070 0.173332 -0.544162
v 0.169185 0.116492 -0.557728
v 0.159369 0.228507 -0.525368
v 0.210099 0.228507 -0.507224
v 0.217615 0.173332 -0.525368
v 0.223040 0.116492 -0.538466
v 0.050073 -0.571400 -0.165070
v 0.035062 -0.585164 -0.115584
v 0.066013 -0.571400 -0.159369
v 0.045290 -0.585404 -0.109339
v 0.171667 0.058527 -0.565910
v 0.172500 0.000000 -0.568655
v 0.226312 0.058527 -0.546365
v 0.227409 0.000000 -0.549015
v 0.022544 0.592314 -0.074316
v 0.035062 0.585164 -0.115584
v 0.025987 0.593275 -0.062738
v 0.045290 0.585404 -0.109339
v 0.022544 -0.592314 -0.074316
v 0.025987 -0.593275 -0.062737
v 0.171667 -0.058527 -0.565910
v 0.169185 -0.116492 -0.557728
v 0.226312 -0.058527 -0.546365
v 0.223040 -0.116492 -0.538466
v 0.050073 0.571399 -0.165070
v 0.066013 0.551665 -0.217615
v 0.066013 0.571399 -0.159369
v 0.087026 0.551665 -0.210099
v 0.165070 -0.173332 -0.544162
v 0.159369 -0.228507 -0.525368
v 0.217615 -0.173332 -0.525368
v 0.210099 -0.228507 -0.507224
v 0.081315 0.526605 -0.268059
v 0.095836 0.496485 -0.315928
v 0.107199 0.526605 -0.258801
v 0.126342 0.496485 -0.305016
v 0.152129 -0.281476 -0.501503
v 0.143428 -0.331741 -0.472819
v 0.200555 -0.281476 -0.484182
v 0.189084 -0.331741 -0.456489
v 0.109431 0.461573 -0.360746
v 0.121976 0.422226 -0.402100
v 0.144265 0.461573 -0.348287
v 0.160803 0.422226 -0.388212
v 0.133342 -0.378803 -0.439571
v 0.121976 -0.422226 -0.402100
v 0.175788 -0.378803 -0.424389
v 0.160803 -0.422226 -0.388212
v 0.133342 0.378803 -0.439571
v 0.143428 0.331741 -0.472819
v 0.175788 0.378803 -0.424389
v 0.189084 0.331741 -0.456489
v 0.109431 -0.461573 -0.360746
v 0.144265 -0.461573 -0.348287
v 0.152129 0.281476 -0.501503
v 0.200555 0.281476 -0.484182
v 0.132048 0.526605 -0.247044
v 0.155629 0.496485 -0.291160
v 0.107199 0.551665 -0.200555
v 0.126342 0.551665 -0.189084
v 0.155629 0.526605 -0.232915
v 0.183420 0.496485 -0.274507
v 0.247044 -0.281476 -0.462188
v 0.232915 -0.331741 -0.435752
v 0.258801 -0.228507 -0.484182
v 0.305016 -0.228507 -0.456489
v 0.291161 -0.281476 -0.435752
v 0.274508 -0.331741 -0.410829
v 0.177707 0.461573 -0.332466
v 0.198078 0.422226 -0.370577
v 0.209441 0.461573 -0.313450
v 0.233450 0.422226 -0.349382
v 0.216536 -0.378803 -0.405111
v 0.198078 -0.422226 -0.370577
v 0.255204 -0.378803 -0.381940
v 0.233450 -0.422226 -0.349382
v 0.216536 0.378803 -0.405111
v 0.232915 0.331741 -0.435753
v 0.255204 0.378803 -0.381940
v 0.274508 0.331741 -0.410829
v 0.177707 -0.461573 -0.332466
v 0.155629 -0.496485 -0.291160
v 0.209441 -0.461573 -0.313450
v 0.183420 -0.496485 -0.274507
v 0.247045 0.281476 -0.462188
v 0.258801 0.228507 -0.484182
v 0.291161 0.281476 -0.435752
v 0.305016 0.228507 -0.456489
v 0.132048 -0.526605 -0.247044
v 0.107199 -0.551665 -0.200555
v 0.155629 -0.526605 -0.232914
v 0.126342 -0.551665 -0.189084
v 0.268059 0.173332 -0.501503
v 0.274742 0.116492 -0.514005
v 0.315928 0.173332 -0.472819
v 0.323804 0.116492 -0.484606
v 0.081315 -0.571400 -0.152129
v 0.056938 -0.585164 -0.106522
v 0.095836 -0.571400 -0.143428
v 0.065750 -0.585404 -0.098402
v 0.278772 0.058527 -0.521545
v 0.280124 0.000000 -0.524075
v 0.328554 0.058527 -0.491715
v 0.330147 0.000000 -0.494100
v 0.036609 0.592314 -0.068490
v 0.056938 0.585164 -0.106523
v 0.037727 0.593275 -0.056462
v 0.065750 0.585404 -0.098402
v 0.036609 -0.592314 -0.068490
v 0.037727 -0.593275 -0.056462
v 0.278772 -0.058527 -0.521545
v 0.274742 -0.116492 -0.514005
v 0.328554 -0.058527 -0.491715
v 0.323804 -0.116492 -0.484606
v 0.081315 0.571399 -0.152129
v 0.095836 0.571399 -0.143428
v 0.268059 -0.173332 -0.501503
v 0.315928 -0.173332 -0.472819
v 0.360747 0.173332 -0.439571
v 0.369740 0.116492 -0.450529
v 0.348287 0.228507 -0.424389
v 0.388212 0.228507 -0.388212
v 0.402100 0.173332 -0.402099
v 0.412124 0.116492 -0.412124
v 0.109431 -0.571400 -0.133342
v 0.076625 -0.585164 -0.093368
v 0.144265 -0.551665 -0.175788
v 0.160803 -0.551665 -0.160803
v 0.121976 -0.571400 -0.121975
v 0.083684 -0.585404 -0.083684
v 0.375164 0.058527 -0.457138
v 0.376984 0.000000 -0.459356
v 0.418170 0.058527 -0.418169
v 0.420198 0.000000 -0.420198
v 0.049267 0.592314 -0.060032
v 0.076625 0.585164 -0.093368
v 0.048017 0.593275 -0.048017
v 0.083684 0.585404 -0.083684
v 0.049267 -0.592314 -0.060032
v 0.048017 -0.593275 -0.048017
v 0.375164 -0.058527 -0.457138
v 0.369740 -0.116492 -0.450529
v 0.418170 -0.058527 -0.418169
v 0.412124 -0.116492 -0.412124
v 0.109431 0.571399 -0.133342
v 0.144265 0.551665 -0.175788
v 0.121976 0.571399 -0.121976
v 0.160803 0.551665 -0.160803
v 0.360747 -0.173332 -0.439571
v 0.348287 -0.228507 -0.424389
v 0.402100 -0.173332 -0.402099
v 0.388212 -0.228507 -0.388212
v 0.177707 0.526605 -0.216536
v 0.209441 0.496485 -0.255204
v 0.198078 0.526605 -0.198078
v 0.233450 0.496485 -0.233449
v 0.332466 -0.281476 -0.405111
v 0.313450 -0.331741 -0.381940
v 0.370577 -0.281476 -0.370577
v 0.349382 -0.331741 -0.349382
v 0.239153 0.461573 -0.291409
v 0.266568 0.422226 -0.324813
v 0.266568 0.461573 -0.266567
v 0.297125 0.422226 -0.297125
v 0.291409 -0.378803 -0.355083
v 0.266568 -0.422226 -0.324813
v 0.324814 -0.378803 -0.324813
v 0.297125 -0.422226 -0.297125
v 0.291409 0.378803 -0.355083
v 0.313450 0.331741 -0.381940
v 0.324814 0.378803 -0.324813
v 0.349382 0.331741 -0.349382
v 0.239153 -0.461573 -0.291409
v 0.209441 -0.496485 -0.255204
v 0.266568 -0.461573 -0.266567
v 0.233450 -0.496485 -0.233449
v 0.332466 0.281476 -0.405111
v 0.370577 0.281476 -0.370577
v 0.177707 -0.526605 -0.216536
v 0.198078 -0.526605 -0.198077
v 0.405111 -0.281476 -0.332466
v 0.381940 -0.331741 -0.313450
v 0.424389 -0.228507 -0.348287
v 0.456489 -0.228507 -0.305016
v 0.435753 -0.281476 -0.291160
v 0.410830 -0.331741 -0.274507
v 0.291409 0.461573 -0.239153
v 0.324814 0.422226 -0.266567
v 0.255204 0.496485 -0.209441
v 0.274508 0.496485 -0.183420
v 0.313450 0.461573 -0.209441
v 0.349382 0.422226 -0.233449
v 0.355083 -0.378803 -0.291409
v 0.324814 -0.422226 -0.266567
v 0.381940 -0.378803 -0.255204
v 0.349382 -0.422226 -0.233449
v 0.355083 0.378803 -0.291409
v 0.381940 0.331741 -0.313450
v 0.381940 0.378803 -0.255204
v 0.410830 0.331741 -0.274507
v 0.291409 -0.461573 -0.239153
v 0.255204 -0.496485 -0.209441
v 0.313450 -0.461573 -0.209441
v 0.274508 -0.496485 -0.183420
v 0.405111 0.281476 -0.332466
v 0.424389 0.228507 -0.348287
v 0.435753 0.281476 -0.291160
v 0.456489 0.228507 -0.305016
v 0.216536 -0.526605 -0.177707
v 0.175788 -0.551665 -0.144265
v 0.232915 -0.526605 -0.155628
v 0.189084 -0.551665 -0.126342
v 0.439571 0.173332 -0.360746
v 0.450529 0.116492 -0.369740
v 0.472819 0.173332 -0.315927
v 0.484606 0.116492 -0.323803
v 0.133342 -0.571400 -0.109431
v 0.093368 -0.585164 -0.076625
v 0.143428 -0.571400 -0.095835
v 0.098402 -0.585404 -0.065750
v 0.457139 0.058527 -0.375164
v 0.459356 0.000000 -0.376983
v 0.491716 0.058527 -0.328554
v 0.494101 0.000000 -0.330147
v 0.060032 0.592314 -0.049267
v 0.093368 0.585164 -0.076625
v 0.056462 0.593275 -0.037727
v 0.098402 0.585404 -0.065750
v 0.060032 -0.592314 -0.049267
v 0.056462 -0.593275 -0.037727
v 0.457139 -0.058527 -0.375164
v 0.450529 -0.116492 -0.369740
v 0.491716 -0.058527 -0.328554
v 0.484606 -0.116492 -0.323803
v 0.133343 0.571399 -0.109431
v 0.175788 0.551665 -0.144265
v 0.143428 0.571399 -0.095836
v 0.189084 0.551665 -0.126342
v 0.439571 -0.173332 -0.360746
v 0.472819 -0.173332 -0.315927
v 0.216536 0.526605 -0.177707
v 0.232915 0.526605 -0.155628
v 0.152129 -0.571400 -0.081315
v 0.106523 -0.585164 -0.056937
v 0.200555 -0.551665 -0.107199
v 0.210099 -0.551665 -0.087026
v 0.159369 -0.571400 -0.066013
v 0.109339 -0.585404 -0.045289
v 0.521546 0.058527 -0.278772
v 0.524075 0.000000 -0.280124
v 0.514005 0.116492 -0.274741
v 0.538466 0.116492 -0.223040
v 0.546365 0.058527 -0.226312
v 0.549015 0.000000 -0.227409
v 0.068490 0.592314 -0.036609
v 0.106523 0.585164 -0.056937
v 0.062738 0.593275 -0.025987
v 0.109339 0.585404 -0.045289
v 0.068490 -0.592314 -0.036609
v 0.062738 -0.593275 -0.025987
v 0.521546 -0.058527 -0.278772
v 0.514005 -0.116492 -0.274741
v 0.546365 -0.058527 -0.226312
v 0.538466 -0.116492 -0.223040
v 0.152129 0.571399 -0.081315
v 0.200555 0.551665 -0.107199
v 0.159369 0.571399 -0.066013
v 0.210099 0.551665 -0.087026
v 0.501503 -0.173332 -0.268059
v 0.484182 -0.228507 -0.258801
v 0.525368 -0.173332 -0.217615
v 0.507224 -0.228507 -0.210099
v 0.247045 0.526605 -0.132048
v 0.291161 0.496485 -0.155628
v 0.258801 0.526605 -0.107199
v 0.305016 0.496485 -0.126342
v 0.462188 -0.281476 -0.247044
v 0.435753 -0.331741 -0.232914
v 0.484182 -0.281476 -0.200555
v 0.456489 -0.331741 -0.189084
v 0.332466 0.461573 -0.177707
v 0.370577 0.422226 -0.198077
v 0.348287 0.461573 -0.144265
v 0.388212 0.422226 -0.160803
v 0.405111 -0.378803 -0.216536
v 0.370577 -0.422226 -0.198077
v 0.424389 -0.378803 -0.175788
v 0.388212 -0.422226 -0.160803
v 0.405111 0.378803 -0.216536
v 0.435753 0.331741 -0.232914
v 0.424389 0.378803 -0.175788
v 0.456489 0.331741 -0.189084
v 0.332466 -0.461573 -0.177707
v 0.291161 -0.496485 -0.155628
v 0.348287 -0.461573 -0.144265
v 0.305016 -0.496485 -0.126342
v 0.462188 0.281476 -0.247044
v 0.484182 0.228507 -0.258801
v 0.484182 0.281476 -0.200555
v 0.507224 0.228507 -0.210099
v 0.247045 -0.526605 -0.132048
v 0.258801 -0.526605 -0.107199
v 0.501503 0.173332 -0.268059
v 0.525368 0.173332 -0.217615
v 0.360747 0.461573 -0.109431
v 0.402100 0.422226 -0.121975
v 0.315928 0.496485 -0.095835
v 0.323804 0.496485 -0.064408
v 0.369740 0.461573 -0.073546
v 0.412124 0.422226 -0.081976
v 0.439571 -0.378803 -0.133342
v 0.402100 -0.422226 -0.121975
v 0.472819 -0.331741 -0.143428
v 0.484606 -0.331741 -0.096394
v 0.450529 -0.378803 -0.089616
v 0.412124 -0.422226 -0.081976
v 0.439571 0.378803 -0.133342
v 0.472819 0.331741 -0.143428
v 0.450529 0.378803 -0.089616
v 0.484606 0.331741 -0.096394
v 0.360747 -0.461573 -0.109431
v 0.315928 -0.496485 -0.095835
v 0.369740 -0.461573 -0.073546
v 0.323804 -0.496485 -0.064408
v 0.501503 0.281476 -0.152129
v 0.525368 0.228507 -0.159369
v 0.514005 0.281476 -0.102242
v 0.538466 0.228507 -0.107107
v 0.268059 -0.526605 -0.081315
v 0.217615 -0.551665 -0.066013
v 0.274742 -0.526605 -0.054649
v 0.223040 -0.551665 -0.044365
v 0.544162 0.173332 -0.165070
v 0.557728 0.116492 -0.169185
v 0.557728 0.173332 -0.110939
v 0.571632 0.116492 -0.113704
v 0.165070 -0.571400 -0.050073
v 0.115584 -0.585164 -0.035062
v 0.169185 -0.571400 -0.033653
v 0.116074 -0.585404 -0.023088
v 0.565910 0.058527 -0.171667
v 0.568655 0.000000 -0.172499
v 0.580018 0.058527 -0.115373
v 0.582831 0.000000 -0.115932
v 0.074316 0.592314 -0.022543
v 0.115584 0.585164 -0.035062
v 0.066602 0.593275 -0.013248
v 0.116074 0.585404 -0.023088
v 0.074316 -0.592314 -0.022543
v 0.066602 -0.593275 -0.013248
v 0.565910 -0.058527 -0.171667
v 0.557728 -0.116492 -0.169185
v 0.580018 -0.058527 -0.115373
v 0.571632 -0.116492 -0.113705
v 0.165070 0.571399 -0.050073
v 0.217615 0.551665 -0.066013
v 0.169185 0.571399 -0.033653
v 0.223040 0.551665 -0.044365
v 0.544162 -0.173332 -0.165070
v 0.525369 -0.228507 -0.159369
v 0.557728 -0.173332 -0.110939
v 0.538466 -0.228507 -0.107107
v 0.268059 0.526605 -0.081315
v 0.274742 0.526605 -0.054649
v 0.501503 -0.281476 -0.152129
v 0.514005 -0.281476 -0.102242
v 0.588527 0.058527 -0.057965
v 0.591381 0.000000 -0.058246
v 0.580018 0.116492 -0.057127
v 0.582831 0.116492 0.000000
v 0.591381 0.058527 0.000000
v 0.594250 0.000000 0.000000
v 0.077286 0.592314 -0.007612
v 0.120203 0.585164 -0.011839
v 0.067907 0.593275 0.000000
v 0.118348 0.585404 0.000000
v 0.077286 -0.592314 -0.007612
v 0.067907 -0.593275 -0.000000
v 0.120203 -0.585164 -0.011839
v 0.118348 -0.585404 -0.000000
v 0.588527 -0.058527 -0.057965
v 0.580018 -0.116492 -0.057127
v 0.591381 -0.058527 -0.000000
v 0.582831 -0.116492 -0.000000
v 0.171667 0.571399 -0.016908
v 0.226312 0.551665 -0.022290
v 0.172500 0.571399 0.000000
v 0.227410 0.551665 0.000000
v 0.565910 -0.173332 -0.055737
v 0.546365 -0.228507 -0.053812
v 0.568655 -0.173332 -0.000000
v 0.549015 -0.228507 -0.000000
v 0.278772 0.526605 -0.027456
v 0.328554 0.496485 -0.032360
v 0.280124 0.526605 0.000000
v 0.330147 0.496485 0.000000
v 0.521546 -0.281476 -0.051368
v 0.491716 -0.331741 -0.048430
v 0.524075 -0.281476 -0.000000
v 0.494100 -0.331741 -0.000000
v 0.375164 0.461573 -0.036950
v 0.418170 0.422226 -0.041186
v 0.376984 0.461573 0.000000
v 0.420198 0.422226 0.000000
v 0.457139 -0.378803 -0.045024
v 0.418170 -0.422226 -0.041186
v 0.459356 -0.378803 -0.000000
v 0.420198 -0.422226 -0.000000
v 0.457139 0.378803 -0.045024
v 0.491716 0.331741 -0.048430
v 0.459356 0.378803 0.000000
v 0.494100 0.331741 0.000000
v 0.375164 -0.461573 -0.036950
v 0.328554 -0.496485 -0.032360
v 0.376984 -0.461573 -0.000000
v 0.330147 -0.496485 -0.000000
v 0.521546 0.281476 -0.051368
v 0.546365 0.228507 -0.053812
v 0.524075 0.281476 0.000000
v 0.549015 0.228507 0.000000
v 0.278772 -0.526605 -0.027456
v 0.226312 -0.551665 -0.022290
v 0.280124 -0.526605 -0.000000
v 0.227409 -0.551665 -0.000000
v 0.565910 0.173332 -0.055737
v 0.568655 0.173332 0.000000
v 0.171667 -0.571400 -0.016908
v 0.172500 -0.571400 -0.000000
v 0.457139 -0.378803 0.045024
v 0.418170 -0.422226 0.041186
v 0.491716 -0.331741 0.048430
v 0.484606 -0.331741 0.096394
v 0.450529 -0.378803 0.089616
v 0.412124 -0.422226 0.081977
v 0.457139 0.378803 0.045024
v 0.491716 0.331741 0.048430
v 0.418170 0.422226 0.041186
v 0.412124 0.422226 0.081977
v 0.450529 0.378803 0.089616
v 0.484606 0.331741 0.096394
v 0.375164 -0.461573 0.036951
v 0.328554 -0.496485 0.032360
v 0.369740 -0.461573 0.073546
v 0.323804 -0.496485 0.064409
v 0.521546 0.281476 0.051368
v 0.546365 0.228507 0.053812
v 0.514005 0.281476 0.102242
v 0.538466 0.228507 0.107108
v 0.278772 -0.526605 0.027457
v 0.226312 -0.551665 0.022290
v 0.274742 -0.526605 0.054650
v 0.223040 -0.551665 0.044366
v 0.565910 0.173332 0.055737
v 0.580018 0.116492 0.057127
v 0.557728 0.173332 0.110939
v 0.571632 0.116492 0.113705
v 0.171667 -0.571400 0.016908
v 0.120203 -0.585164 0.011839
v 0.169185 -0.571400 0.033653
v 0.116074 -0.585404 0.023089
v 0.588527 0.058527 0.057965
v 0.591381 -0.000000 0.058246
v 0.580018 0.058527 0.115373
v 0.582831 -0.000000 0.115933
v 0.077286 0.592314 0.007612
v 0.120203 0.585164 0.011839
v 0.066602 0.593275 0.013248
v 0.116074 0.585404 0.023089
v 0.077286 -0.592314 0.007612
v 0.066602 -0.593275 0.013248
v 0.588527 -0.058527 0.057965
v 0.580018 -0.116492 0.057127
v 0.580018 -0.058527 0.115373
v 0.571632 -0.116492 0.113705
v 0.171667 0.571399 0.016908
v 0.226312 0.551665 0.022290
v 0.169185 0.571399 0.033653
v 0.223040 0.551665 0.044366
v 0.565910 -0.173332 0.055737
v 0.546365 -0.228507 0.053812
v 0.557728 -0.173332 0.110939
v 0.538466 -0.228507 0.107108
v 0.278772 0.526605 0.027457
v 0.328554 0.496485 0.032360
v 0.274742 0.526605 0.054650
v 0.323804 0.496485 0.064409
v 0.521546 -0.281476 0.051368
v 0.514005 -0.281476 0.102242
v 0.375164 0.461573 0.036951
v 0.369740 0.461573 0.073546
v 0.074316 -0.592314 0.022544
v 0.062738 -0.593275 0.025987
v 0.115584 -0.585164 0.035062
v 0.109339 -0.585404 0.045290
v 0.565910 -0.058527 0.171667
v 0.557728 -0.116492 0.169185
v 0.568655 -0.000000 0.172500
v 0.549015 -0.000000 0.227410
v 0.546365 -0.058527 0.226312
v 0.538466 -0.116492 0.223040
v 0.165070 0.571399 0.050074
v 0.217615 0.551665 0.066013
v 0.115584 0.585164 0.035062
v 0.109339 0.585404 0.045290
v 0.159369 0.571399 0.066013
v 0.210099 0.551665 0.087026
v 0.544162 -0.173332 0.165070
v 0.525368 -0.228507 0.159369
v 0.525368 -0.173332 0.217615
v 0.507224 -0.228507 0.210099
v 0.268059 0.526605 0.081315
v 0.315928 0.496485 0.095836
v 0.258801 0.526605 0.107199
v 0.305016 0.496485 0.126342
v 0.501503 -0.281476 0.152129
v 0.472819 -0.331741 0.143428
v 0.484182 -0.281476 0.200555
v 0.456489 -0.331741 0.189084
v 0.360747 0.461573 0.109431
v 0.402100 0.422226 0.121976
v 0.348287 0.461573 0.144266
v 0.388212 0.422226 0.160803
v 0.439571 -0.378803 0.133343
v 0.402100 -0.422226 0.121976
v 0.424389 -0.378803 0.175788
v 0.388212 -0.422226 0.160803
v 0.439571 0.378803 0.133343
v 0.472819 0.331741 0.143428
v 0.424389 0.378803 0.175788
v 0.456489 0.331741 0.189084
v 0.360747 -0.461573 0.109431
v 0.315928 -0.496485 0.095836
v 0.348287 -0.461573 0.144266
v 0.305016 -0.496485 0.126342
v 0.501503 0.281476 0.152129
v 0.525368 0.228507 0.159369
v 0.484182 0.281476 0.200555
v 0.507224 0.228507 0.210099
v 0.268059 -0.526605 0.081315
v 0.217615 -0.551665 0.066013
v 0.258801 -0.526605 0.107199
v 0.210099 -0.551665 0.087026
v 0.544162 0.173332 0.165070
v 0.557728 0.116492 0.169185
v 0.525368 0.173332 0.217615
v 0.538466 0.116492 0.223040
v 0.165070 -0.571400 0.050074
v 0.159369 -0.571400 0.066013
v 0.565910 0.058527 0.171667
v 0.546365 0.058527 0.226312
v 0.074316 0.592314 0.022544
v 0.062738 0.593275 0.025987
v 0.332466 -0.461573 0.177707
v 0.291161 -0.496485 0.155629
v 0.370577 -0.422226 0.198078
v 0.349382 -0.422226 0.233450
v 0.313450 -0.461573 0.209441
v 0.274507 -0.496485 0.183420
v 0.462188 0.281476 0.247045
v 0.484182 0.228507 0.258801
v 0.435753 0.331741 0.232915
v 0.410830 0.331741 0.274508
v 0.435753 0.281476 0.291161
v 0.456489 0.228507 0.305017
v 0.247044 -0.526605 0.132048
v 0.200555 -0.551665 0.107199
v 0.232915 -0.526605 0.155629
v 0.189084 -0.551665 0.126342
v 0.501503 0.173332 0.268059
v 0.514005 0.116492 0.274742
v 0.472819 0.173332 0.315928
v 0.484606 0.116492 0.323804
v 0.152129 -0.571400 0.081315
v 0.106523 -0.585164 0.056938
v 0.143428 -0.571400 0.095836
v 0.098402 -0.585404 0.065751
v 0.521546 0.058527 0.278772
v 0.524075 -0.000000 0.280124
v 0.491715 0.058527 0.328554
v 0.494100 -0.000000 0.330148
v 0.068490 0.592314 0.036609
v 0.106523 0.585164 0.056938
v 0.056462 0.593275 0.037727
v 0.098402 0.585404 0.065751
v 0.068490 -0.592314 0.036609
v 0.056462 -0.593275 0.037727
v 0.521546 -0.058527 0.278772
v 0.514005 -0.116492 0.274742
v 0.491715 -0.058527 0.328554
v 0.484606 -0.116492 0.323804
v 0.152129 0.571399 0.081315
v 0.200555 0.551665 0.107199
v 0.143428 0.571399 0.095836
v 0.189084 0.551665 0.126342
v 0.501503 -0.173332 0.268059
v 0.484182 -0.228507 0.258801
v 0.472819 -0.173332 0.315928
v 0.456489 -0.228507 0.305017
v 0.247045 0.526605 0.132048
v 0.291161 0.496485 0.155629
v 0.232915 0.526605 0.155629
v 0.274508 0.496485 0.183420
v 0.462188 -0.281476 0.247045
v 0.435753 -0.331741 0.232915
v 0.435753 -0.281476 0.291161
v 0.410830 -0.331741 0.274508
v 0.332466 0.461573 0.177707
v 0.370577 0.422226 0.198078
v 0.313450 0.461573 0.209441
v 0.349382 0.422226 0.233450
v 0.405111 -0.378803 0.216536
v 0.381940 -0.378803 0.255205
v 0.405111 0.378803 0.216536
v 0.381940 0.378803 0.255205
v 0.133342 0.571399 0.109432
v 0.175788 0.551665 0.144266
v 0.093368 0.585164 0.076625
v 0.083684 0.585404 0.083685
v 0.121976 0.571399 0.121976
v 0.160803 0.551665 0.160803
v 0.439571 -0.173332 0.360747
v 0.424389 -0.228507 0.348287
v 0.450529 -0.116492 0.369740
v 0.412124 -0.116492 0.412124
v 0.402100 -0.173332 0.402100
v 0.388212 -0.228507 0.388212
v 0.216536 0.526605 0.177707
v 0.255204 0.496485 0.209441
v 0.198078 0.526605 0.198078
v 0.233449 0.496485 0.233450
v 0.405111 -0.281476 0.332466
v 0.381940 -0.331741 0.313451
v 0.370577 -0.281476 0.370577
v 0.349382 -0.331741 0.349382
v 0.291409 0.461573 0.239153
v 0.324814 0.422226 0.266568
v 0.266568 0.461573 0.266568
v 0.297125 0.422226 0.297125
v 0.355083 -0.378803 0.291409
v 0.324814 -0.422226 0.266568
v 0.324814 -0.378803 0.324814
v 0.297125 -0.422226 0.297125
v 0.355083 0.378803 0.291409
v 0.381940 0.331741 0.313451
v 0.324814 0.378803 0.324814
v 0.349382 0.331741 0.349382
v 0.291409 -0.461573 0.239153
v 0.255204 -0.496485 0.209441
v 0.266568 -0.461573 0.266568
v 0.233449 -0.496485 0.233450
v 0.405111 0.281476 0.332466
v 0.424389 0.228507 0.348287
v 0.370577 0.281476 0.370577
v 0.388212 0.228507 0.388212
v 0.216536 -0.526605 0.177707
v 0.175788 -0.551665 0.144266
v 0.198078 -0.526605 0.198078
v 0.160803 -0.551665 0.160803
v 0.439571 0.173332 0.360747
v 0.450529 0.116492 0.369740
v 0.402100 0.173332 0.402100
v 0.412124 0.116492 0.412124
v 0.133342 -0.571400 0.109431
v 0.093368 -0.585164 0.076625
v 0.121976 -0.571400 0.121976
v 0.083684 -0.585404 0.083685
v 0.457138 0.058527 0.375164
v 0.459356 -0.000000 0.376984
v 0.418170 0.058527 0.418170
v 0.420198 -0.000000 0.420198
v 0.060032 0.592314 0.049268
v 0.048017 0.593275 0.048018
v 0.060032 -0.592314 0.049267
v 0.048017 -0.593275 0.048018
v 0.457138 -0.058527 0.375164
v 0.418170 -0.058527 0.418170
v 0.332466 0.281476 0.405111
v 0.348287 0.228507 0.424390
v 0.313450 0.331741 0.381941
v 0.274507 0.331741 0.410830
v 0.291161 0.281476 0.435753
v 0.305016 0.228507 0.456489
v 0.177707 -0.526605 0.216536
v 0.144265 -0.551665 0.175788
v 0.209441 -0.496485 0.255205
v 0.183420 -0.496485 0.274508
v 0.155629 -0.526605 0.232915
v 0.126342 -0.551665 0.189084
v 0.360747 0.173332 0.439571
v 0.369740 0.116492 0.450529
v 0.315928 0.173332 0.472819
v 0.323804 0.116492 0.484607
v 0.109431 -0.571400 0.133343
v 0.076625 -0.585164 0.093368
v 0.095836 -0.571400 0.143428
v 0.065750 -0.585404 0.098403
v 0.375164 0.058527 0.457139
v 0.376983 -0.000000 0.459356
v 0.328554 0.058527 0.491716
v 0.330147 -0.000000 0.494101
v 0.049267 0.592314 0.060033
v 0.076625 0.585164 0.093368
v 0.037727 0.593275 0.056463
v 0.065750 0.585404 0.098403
v 0.049267 -0.592314 0.060032
v 0.037727 -0.593275 0.056463
v 0.375164 -0.058527 0.457139
v 0.369740 -0.116492 0.450529
v 0.328554 -0.058527 0.491716
v 0.323804 -0.116492 0.484607
v 0.109431 0.571399 0.133343
v 0.144265 0.551665 0.175788
v 0.095836 0.571399 0.143428
v 0.126342 0.551665 0.189084
v 0.360747 -0.173332 0.439571
v 0.348287 -0.228507 0.424390
v 0.315928 -0.173332 0.472819
v 0.305016 -0.228507 0.456489
v 0.177707 0.526605 0.216537
v 0.209441 0.496485 0.255205
v 0.155629 0.526605 0.232915
v 0.183420 0.496485 0.274508
v 0.332466 -0.281476 0.405111
v 0.313450 -0.331741 0.381941
v 0.291161 -0.281476 0.435753
v 0.274507 -0.331741 0.410830
v 0.239153 0.461573 0.291409
v 0.266568 0.422226 0.324814
v 0.209441 0.461573 0.313451
v 0.233449 0.422226 0.349382
v 0.291409 -0.378803 0.355083
v 0.266568 -0.422226 0.324814
v 0.255204 -0.378803 0.381941
v 0.233449 -0.422226 0.349382
v 0.291409 0.378803 0.355083
v 0.255204 0.378803 0.381941
v 0.239153 -0.461573 0.291409
v 0.209441 -0.461573 0.313451
v 0.268059 -0.173332 0.501503
v 0.258801 -0.228507 0.484182
v 0.274741 -0.116492 0.514005
v 0.223040 -0.116492 0.538466
v 0.217615 -0.173332 0.525369
v 0.210099 -0.228507 0.507224
v 0.132048 0.526605 0.247045
v 0.155629 0.496485 0.291161
v 0.107199 0.551665 0.200555
v 0.087026 0.551665 0.210099
v 0.107199 0.526605 0.258801
v 0.126342 0.496485 0.305017
v 0.247044 -0.281476 0.462188
v 0.232915 -0.331741 0.435753
v 0.200555 -0.281476 0.484182
v 0.189084 -0.331741 0.456489
v 0.177707 0.461573 0.332466
v 0.198078 0.422226 0.370577
v 0.144265 0.461573 0.348288
v 0.160803 0.422226 0.388212
v 0.216536 -0.378803 0.405111
v 0.198078 -0.422226 0.370577
v 0.175788 -0.378803 0.424390
v 0.160803 -0.422226 0.388212
v 0.216536 0.378803 0.405111
v 0.232915 0.331741 0.435753
v 0.175788 0.378803 0.424390
v 0.189084 0.331741 0.456489
v 0.177707 -0.461573 0.332466
v 0.155629 -0.496485 0.291161
v 0.144265 -0.461573 0.348287
v 0.126342 -0.496485 0.305017
v 0.247044 0.281476 0.462188
v 0.258801 0.228507 0.484182
v 0.200555 0.281476 0.484182
v 0.210099 0.228507 0.507224
v 0.132048 -0.526605 0.247045
v 0.107199 -0.551665 0.200555
v 0.107199 -0.526605 0.258801
v 0.087026 -0.551665 0.210099
v 0.268059 0.173332 0.501503
v 0.274741 0.116492 0.514005
v 0.217615 0.173332 0.525369
v 0.223040 0.116492 0.538466
v 0.081315 -0.571400 0.152129
v 0.056938 -0.585164 0.106523
v 0.066013 -0.571400 0.159369
v 0.045290 -0.585404 0.109339
v 0.278772 0.058527 0.521546
v 0.280124 -0.000000 0.524075
v 0.226312 0.058527 0.546365
v 0.227409 -0.000000 0.549015
v 0.036609 0.592314 0.068491
v 0.056938 0.585164 0.106523
v 0.025987 0.593275 0.062738
v 0.045290 0.585404 0.109339
v 0.036609 -0.592314 0.068491
v 0.025987 -0.593275 0.062738
v 0.278772 -0.058527 0.521546
v 0.226312 -0.058527 0.546365
v 0.081315 0.571399 0.152130
v 0.066013 0.571399 0.159369
v 0.081315 -0.526605 0.268059
v 0.066013 -0.551665 0.217615
v 0.095836 -0.496485 0.315928
v 0.064409 -0.496485 0.323804
v 0.054649 -0.526605 0.274742
v 0.044365 -0.551665 0.223040
v 0.165070 0.173332 0.544162
v 0.169185 0.116492 0.557728
v 0.159369 0.228507 0.525369
v 0.107108 0.228507 0.538466
v 0.110939 0.173332 0.557728
v 0.113705 0.116492 0.571632
v 0.050073 -0.571400 0.165070
v 0.035062 -0.585164 0.115584
v 0.033653 -0.571400 0.169185
v 0.023088 -0.585404 0.116074
v 0.171667 0.058527 0.565910
v 0.172499 -0.000000 0.568655
v 0.115373 0.058527 0.580018
v 0.115932 -0.000000 0.582831
v 0.022544 0.592314 0.074317
v 0.035062 0.585164 0.115584
v 0.013248 0.593275 0.066602
v 0.023088 0.585404 0.116074
v 0.022544 -0.592314 0.074317
v 0.013248 -0.593275 0.066602
v 0.171667 -0.058527 0.565910
v 0.169185 -0.116492 0.557728
v 0.115373 -0.058527 0.580018
v 0.113705 -0.116492 0.571632
v 0.050073 0.571399 0.165070
v 0.066013 0.551665 0.217615
v 0.033653 0.571399 0.169185
v 0.044365 0.551665 0.223040
v 0.165070 -0.173332 0.544162
v 0.159369 -0.228507 0.525369
v 0.110939 -0.173332 0.557728
v 0.107108 -0.228507 0.538466
v 0.081315 0.526605 0.268059
v 0.095836 0.496485 0.315928
v 0.054650 0.526605 0.274742
v 0.064409 0.496485 0.323804
v 0.152129 -0.281476 0.501503
v 0.143428 -0.331741 0.472819
v 0.102242 -0.281476 0.514005
v 0.096394 -0.331741 0.484606
v 0.109431 0.461573 0.360747
v 0.121976 0.422226 0.402100
v 0.073546 0.461573 0.369740
v 0.081977 0.422226 0.412124
v 0.133342 -0.378803 0.439571
v 0.121976 -0.422226 0.402100
v 0.089616 -0.378803 0.450529
v 0.081977 -0.422226 0.412124
v 0.133342 0.378803 0.439571
v 0.143428 0.331741 0.472819
v 0.089616 0.378803 0.450529
v 0.096394 0.331741 0.484606
v 0.109431 -0.461573 0.360747
v 0.073546 -0.461573 0.369740
v 0.152129 0.281476 0.501503
v 0.102242 0.281476 0.514005
v 0.027457 0.526605 0.278772
v 0.032360 0.496485 0.328554
v 0.022290 0.551665 0.226312
v 0.000000 0.551665 0.227410
v 0.000000 0.526605 0.280124
v 0.000000 0.496485 0.330148
v 0.051368 -0.281476 0.521546
v 0.048430 -0.331741 0.491716
v 0.053812 -0.228507 0.546365
v 0.000000 -0.228507 0.549015
v 0.000000 -0.281476 0.524075
v 0.000000 -0.331741 0.494100
v 0.036950 0.461573 0.375164
v 0.041186 0.422226 0.418170
v 0.000000 0.461573 0.376984
v 0.000000 0.422226 0.420198
v 0.045024 -0.378803 0.457139
v 0.041186 -0.422226 0.418170
v 0.000000 -0.378803 0.459356
v 0.000000 -0.422226 0.420198
v 0.045024 0.378803 0.457139
v 0.048430 0.331741 0.491716
v 0.000000 0.378803 0.459356
v 0.000000 0.331741 0.494100
v 0.036950 -0.461573 0.375164
v 0.032360 -0.496485 0.328554
v 0.000000 -0.461573 0.376984
v 0.000000 -0.496485 0.330147
v 0.051368 0.281476 0.521546
v 0.053812 0.228507 0.546365
v 0.000000 0.281476 0.524075
v 0.000000 0.228507 0.549015
v 0.027457 -0.526605 0.278772
v 0.022290 -0.551665 0.226312
v 0.000000 -0.526605 0.280124
v 0.000000 -0.551665 0.227410
v 0.055737 0.173332 0.565910
v 0.057127 0.116492 0.580018
v 0.000000 0.173332 0.568655
v 0.000000 0.116492 0.582831
v 0.016908 -0.571400 0.171667
v 0.011839 -0.585164 0.120203
v 0.000000 -0.571400 0.172500
v 0.000000 -0.585404 0.118348
v 0.057965 0.058527 0.588527
v 0.058246 -0.000000 0.591381
v 0.000000 0.058527 0.591381
v 0.000000 -0.000000 0.594250
v 0.007612 0.592314 0.077287
v 0.011839 0.585164 0.120203
v 0.000000 0.593275 0.067907
v 0.000000 0.585404 0.118348
v 0.007612 -0.592314 0.077287
v 0.000000 -0.593275 0.067907
v 0.057965 -0.058527 0.588527
v 0.057127 -0.116492 0.580018
v 0.000000 -0.058527 0.591381
v 0.000000 -0.116492 0.582831
v 0.016908 0.571399 0.171667
v 0.000000 0.571399 0.172500
v 0.055737 -0.173332 0.565910
v 0.000000 -0.173332 0.568655
v -0.055737 0.173332 0.565910
v -0.057127 0.116492 0.580018
v -0.053812 0.228507 0.546365
v -0.107107 0.228507 0.538466
v -0.110939 0.173332 0.557728
v -0.113705 0.116492 0.571632
v -0.016908 -0.571400 0.171667
v -0.011839 -0.585164 0.120203
v -0.022290 -0.551665 0.226312
v -0.044365 -0.551665 0.223040
v -0.033653 -0.571400 0.169185
v -0.023088 -0.585404 0.116074
v -0.057965 0.058527 0.588527
v -0.058246 -0.000000 0.591381
v -0.115373 0.058527 0.580018
v -0.115932 -0.000000 0.582831
v -0.007612 0.592314 0.077287
v -0.011839 0.585164 0.120203
v -0.013248 0.593275 0.066602
v -0.023088 0.585404 0.116074
v -0.007612 -0.592314 0.077287
v -0.013248 -0.593275 0.066602
v -0.057965 -0.058527 0.588527
v -0.057127 -0.116492 0.580018
v -0.115373 -0.058527 0.580018
v -0.113705 -0.116492 0.571632
v -0.016908 0.571399 0.171667
v -0.022290 0.551665 0.226312
v -0.033653 0.571399 0.169185
v -0.044365 0.551665 0.223040
v -0.055737 -0.173332 0.565910
v -0.053812 -0.228507 0.546365
v -0.110939 -0.173332 0.557728
v -0.107107 -0.228507 0.538466
v -0.027457 0.526605 0.278772
v -0.032360 0.496485 0.328554
v -0.054649 0.526605 0.274742
v -0.064409 0.496485 0.323804
v -0.051368 -0.281476 0.521546
v -0.048430 -0.331741 0.491715
v -0.102242 -0.281476 0.514005
v -0.096394 -0.331741 0.484606
v -0.036950 0.461573 0.375164
v -0.041186 0.422226 0.418170
v -0.073546 0.461573 0.369740
v -0.081977 0.422226 0.412124
v -0.045024 -0.378803 0.457139
v -0.041186 -0.422226 0.418170
v -0.089616 -0.378803 0.450529
v -0.081977 -0.422226 0.412124
v -0.045024 0.378803 0.457139
v -0.048430 0.331741 0.491715
v -0.089616 0.378803 0.450529
v -0.096394 0.331741 0.484606
v -0.036950 -0.461573 0.375164
v -0.032360 -0.496485 0.328554
v -0.073546 -0.461573 0.369740
v -0.064409 -0.496485 0.323804
v -0.051368 0.281476 0.521546
v -0.102242 0.281476 0.514005
v -0.027457 -0.526605 0.278772
v -0.054649 -0.526605 0.274742
v -0.152129 -0.281476 0.501503
v -0.143428 -0.331741 0.472819
v -0.159369 -0.228507 0.525369
v -0.210099 -0.228507 0.507224
v -0.200555 -0.281476 0.484182
v -0.189084 -0.331741 0.456489
v -0.109431 0.461573 0.360747
v -0.121976 0.422226 0.402100
v -0.095836 0.496485 0.315928
v -0.126342 0.496485 0.305017
v -0.144265 0.461573 0.348287
v -0.160803 0.422226 0.388212
v -0.133342 -0.378803 0.439571
v -0.121976 -0.422226 0.402100
v -0.175788 -0.378803 0.424389
v -0.160803 -0.422226 0.388212
v -0.133342 0.378803 0.439571
v -0.143428 0.331741 0.472819
v -0.175788 0.378803 0.424389
v -0.189084 0.331741 0.456489
v -0.109431 -0.461573 0.360747
v -0.095836 -0.496485 0.315928
v -0.144265 -0.461573 0.348287
v -0.126342 -0.496485 0.305016
v -0.152129 0.281476 0.501503
v -0.159369 0.228507 0.525369
v -0.200555 0.281476 0.484182
v -0.210099 0.228507 0.507224
v -0.081315 -0.526605 0.268059
v -0.066013 -0.551665 0.217615
v -0.107199 -0.526605 0.258801
v -0.087026 -0.551665 0.210099
v -0.165070 0.173332 0.544162
v -0.169185 0.116492 0.557728
v -0.217615 0.173332 0.525369
v -0.223040 0.116492 0.538466
v -0.050073 -0.571400 0.165070
v -0.035062 -0.585164 0.115584
v -0.066013 -0.571400 0.159369
v -0.045290 -0.585404 0.109339
v -0.171667 0.058527 0.565910
v -0.172500 -0.000000 0.568655
v -0.226312 0.058527 0.546365
v -0.227409 -0.000000 0.549015
v -0.022544 0.592314 0.074317
v -0.035062 0.585164 0.115584
v -0.025987 0.593275 0.062738
v -0.045290 0.585404 0.109339
v -0.022544 -0.592314 0.074317
v -0.025987 -0.593275 0.062738
v -0.171667 -0.058527 0.565910
v -0.169185 -0.116492 0.557728
v -0.226312 -0.058527 0.546365
v -0.223040 -0.116492 0.538466
v -0.050073 0.571399 0.165070
v -0.066013 0.551665 0.217615
v -0.066013 0.571399 0.159369
v -0.087026 0.551665 0.210099
v -0.165070 -0.173332 0.544162
v -0.217615 -0.173332 0.525369
v -0.081315 0.526605 0.268059
v -0.107199 0.526605 0.258801
v -0.081315 -0.571400 0.152129
v -0.056938 -0.585164 0.106523
v -0.107199 -0.551665 0.200555
v -0.126342 -0.551665 0.189084
v -0.095836 -0.571400 0.143428
v -0.065750 -0.585404 0.098403
v -0.278772 0.058527 0.521546
v -0.280124 -0.000000 0.524075
v -0.274741 0.116492 0.514005
v -0.323804 0.116492 0.484606
v -0.328554 0.058527 0.491715
v -0.330147 -0.000000 0.494100
v -0.036609 0.592314 0.068491
v -0.056938 0.585164 0.106523
v -0.037727 0.593275 0.056463
v -0.065750 0.585404 0.098403
v -0.036609 -0.592314 0.068491
v -0.037727 -0.593275 0.056463
v -0.278772 -0.058527 0.521546
v -0.274741 -0.116492 0.514005
v -0.328554 -0.058527 0.491715
v -0.323804 -0.116492 0.484606
v -0.081315 0.571399 0.152129
v -0.107199 0.551665 0.200555
v -0.095836 0.571399 0.143428
v -0.126342 0.551665 0.189084
v -0.268059 -0.173332 0.501503
v -0.258801 -0.228507 0.484182
v -0.315928 -0.173332 0.472819
v -0.305016 -0.228507 0.456489
v -0.132048 0.526605 0.247045
v -0.155629 0.496485 0.291161
v -0.155629 0.526605 0.232915
v -0.183420 0.496485 0.274508
v -0.247044 -0.281476 0.462188
v -0.232915 -0.331741 0.435753
v -0.291160 -0.281476 0.435753
v -0.274507 -0.331741 0.410829
v -0.177707 0.461573 0.332466
v -0.198078 0.422226 0.370577
v -0.209441 0.461573 0.313451
v -0.233449 0.422226 0.349382
v -0.216536 -0.378803 0.405111
v -0.198078 -0.422226 0.370577
v -0.255204 -0.378803 0.381940
v -0.233449 -0.422226 0.349382
v -0.216536 0.378803 0.405111
v -0.232915 0.331741 0.435753
v -0.255204 0.378803 0.381940
v -0.274507 0.331741 0.410829
v -0.177707 -0.461573 0.332466
v -0.155629 -0.496485 0.291161
v -0.209441 -0.461573 0.313450
v -0.183420 -0.496485 0.274508
v -0.247044 0.281476 0.462188
v -0.258801 0.228507 0.484182
v -0.291160 0.281476 0.435753
v -0.305016 0.228507 0.456489
v -0.132048 -0.526605 0.247045
v -0.155629 -0.526605 0.232915
v -0.268059 0.173332 0.501503
v -0.315928 0.173332 0.472819
v -0.291409 -0.378803 0.355083
v -0.266568 -0.422226 0.324814
v -0.313450 -0.331741 0.381940
v -0.349382 -0.331741 0.349382
v -0.324813 -0.378803 0.324814
v -0.297125 -0.422226 0.297125
v -0.291409 0.378803 0.355083
v -0.313450 0.331741 0.381940
v -0.266568 0.422226 0.324814
v -0.297125 0.422226 0.297125
v -0.324813 0.378803 0.324814
v -0.349382 0.331741 0.349382
v -0.239153 -0.461573 0.291409
v -0.209441 -0.496485 0.255204
v -0.266568 -0.461573 0.266568
v -0.233449 -0.496485 0.233450
v -0.332466 0.281476 0.405111
v -0.348287 0.228507 0.424389
v -0.370577 0.281476 0.370577
v -0.388212 0.228507 0.388212
v -0.177707 -0.526605 0.216536
v -0.144265 -0.551665 0.175788
v -0.198078 -0.526605 0.198078
v -0.160803 -0.551665 0.160803
v -0.360746 0.173332 0.439571
v -0.369740 0.116492 0.450529
v -0.402099 0.173332 0.402100
v -0.412124 0.116492 0.412124
v -0.109431 -0.571400 0.133343
v -0.076625 -0.585164 0.093368
v -0.121976 -0.571400 0.121976
v -0.083684 -0.585404 0.083684
v -0.375164 0.058527 0.457138
v -0.376983 -0.000000 0.459356
v -0.418170 0.058527 0.418170
v -0.420198 -0.000000 0.420198
v -0.049267 0.592314 0.060033
v -0.076625 0.585164 0.093368
v -0.048017 0.593275 0.048018
v -0.083684 0.585404 0.083685
v -0.049267 -0.592314 0.060032
v -0.048017 -0.593275 0.048018
v -0.375164 -0.058527 0.457138
v -0.369740 -0.116492 0.450529
v -0.418170 -0.058527 0.418170
v -0.412124 -0.116492 0.412124
v -0.109431 0.571399 0.133343
v -0.144265 0.551665 0.175788
v -0.121976 0.571399 0.121976
v -0.160803 0.551665 0.160803
v -0.360746 -0.173332 0.439571
v -0.348287 -0.228507 0.424389
v -0.402099 -0.173332 0.402100
v -0.388212 -0.228507 0.388212
v -0.177707 0.526605 0.216536
v -0.209441 0.496485 0.255205
v -0.198078 0.526605 0.198078
v -0.233449 0.496485 0.233450
v -0.332466 -0.281476 0.405111
v -0.370577 -0.281476 0.370577
v -0.239153 0.461573 0.291409
v -0.266568 0.461573 0.266568
v -0.060032 0.592314 0.049267
v -0.093368 0.585164 0.076625
v -0.056463 0.593275 0.037727
v -0.098402 0.585404 0.065751
v -0.060032 -0.592314 0.049267
v -0.056462 -0.593275 0.037727
v -0.093368 -0.585164 0.076625
v -0.098402 -0.585404 0.065751
v -0.457138 -0.058527 0.375164
v -0.450529 -0.116492 0.369740
v -0.459356 -0.000000 0.376984
v -0.494100 -0.000000 0.330147
v -0.491715 -0.058527 0.328554
v -0.484606 -0.116492 0.323804
v -0.133342 0.571399 0.109431
v -0.175788 0.551665 0.144266
v -0.143428 0.571399 0.095836
v -0.189084 0.551665 0.126342
v -0.439571 -0.173332 0.360747
v -0.424389 -0.228507 0.348287
v -0.472819 -0.173332 0.315928
v -0.456489 -0.228507 0.305016
v -0.216536 0.526605 0.177707
v -0.255204 0.496485 0.209441
v -0.232915 0.526605 0.155629
v -0.274507 0.496485 0.183420
v -0.405111 -0.281476 0.332466
v -0.381940 -0.331741 0.313450
v -0.435752 -0.281476 0.291161
v -0.410829 -0.331741 0.274507
v -0.291409 0.461573 0.239153
v -0.324814 0.422226 0.266568
v -0.313450 0.461573 0.209441
v -0.349382 0.422226 0.233450
v -0.355083 -0.378803 0.291409
v -0.324814 -0.422226 0.266568
v -0.381940 -0.378803 0.255204
v -0.349382 -0.422226 0.233450
v -0.355083 0.378803 0.291409
v -0.381940 0.331741 0.313450
v -0.381940 0.378803 0.255204
v -0.410829 0.331741 0.274507
v -0.291409 -0.461573 0.239153
v -0.255204 -0.496485 0.209441
v -0.313450 -0.461573 0.209441
v -0.274507 -0.496485 0.183420
v -0.405111 0.281476 0.332466
v -0.424389 0.228507 0.348287
v -0.435752 0.281476 0.291161
v -0.456489 0.228507 0.305016
v -0.216536 -0.526605 0.177707
v -0.175788 -0.551665 0.144265
v -0.232915 -0.526605 0.155629
v -0.189084 -0.551665 0.126342
v -0.439571 0.173332 0.360747
v -0.450529 0.116492 0.369740
v -0.472819 0.173332 0.315928
v -0.484606 0.116492 0.323804
v -0.133342 -0.571400 0.109431
v -0.143428 -0.571400 0.095836
v -0.457138 0.058527 0.375164
v -0.491715 0.058527 0.328554
v -0.405111 0.378803 0.216536
v -0.435752 0.331741 0.232915
v -0.370577 0.422226 0.198078
v -0.388212 0.422226 0.160803
v -0.424389 0.378803 0.175788
v -0.456489 0.331741 0.189084
v -0.332466 -0.461573 0.177707
v -0.291160 -0.496485 0.155629
v -0.370577 -0.422226 0.198078
v -0.388212 -0.422226 0.160803
v -0.348287 -0.461573 0.144265
v -0.305016 -0.496485 0.126342
v -0.462187 0.281476 0.247045
v -0.484182 0.228507 0.258801
v -0.484182 0.281476 0.200555
v -0.507224 0.228507 0.210099
v -0.247044 -0.526605 0.132048
v -0.200555 -0.551665 0.107199
v -0.258801 -0.526605 0.107199
v -0.210099 -0.551665 0.087026
v -0.501503 0.173332 0.268059
v -0.514005 0.116492 0.274742
v -0.525368 0.173332 0.217615
v -0.538466 0.116492 0.223040
v -0.152129 -0.571400 0.081315
v -0.106523 -0.585164 0.056938
v -0.159369 -0.571400 0.066013
v -0.109339 -0.585404 0.045290
v -0.521545 0.058527 0.278772
v -0.524075 -0.000000 0.280124
v -0.546365 0.058527 0.226312
v -0.549015 -0.000000 0.227409
v -0.068490 0.592314 0.036609
v -0.106523 0.585164 0.056938
v -0.062738 0.593275 0.025987
v -0.109339 0.585404 0.045290
v -0.068490 -0.592314 0.036609
v -0.062738 -0.593275 0.025987
v -0.521545 -0.058527 0.278772
v -0.514005 -0.116492 0.274742
v -0.546365 -0.058527 0.226312
v -0.538466 -0.116492 0.223040
v -0.152129 0.571399 0.081315
v -0.200555 0.551665 0.107199
v -0.159369 0.571399 0.066013
v -0.210099 0.551665 0.087026
v -0.501503 -0.173332 0.268059
v -0.484182 -0.228507 0.258801
v -0.525368 -0.173332 0.217615
v -0.507224 -0.228507 0.210099
v -0.247044 0.526605 0.132048
v -0.291161 0.496485 0.155629
v -0.258801 0.526605 0.107199
v -0.305016 0.496485 0.126342
v -0.462187 -0.281476 0.247045
v -0.435752 -0.331741 0.232915
v -0.484182 -0.281476 0.200555
v -0.456489 -0.331741 0.189084
v -0.332466 0.461573 0.177707
v -0.348287 0.461573 0.144266
v -0.405111 -0.378803 0.216536
v -0.424389 -0.378803 0.175788
v -0.565910 -0.058527 0.171667
v -0.557728 -0.116492 0.169185
v -0.568655 -0.000000 0.172500
v -0.582831 -0.000000 0.115932
v -0.580018 -0.058527 0.115373
v -0.571632 -0.116492 0.113705
v -0.165070 0.571399 0.050074
v -0.217615 0.551665 0.066013
v -0.115584 0.585164 0.035062
v -0.116074 0.585404 0.023089
v -0.169185 0.571399 0.033653
v -0.223040 0.551665 0.044366
v -0.544162 -0.173332 0.165070
v -0.525368 -0.228507 0.159369
v -0.557728 -0.173332 0.110939
v -0.538466 -0.228507 0.107108
v -0.268059 0.526605 0.081315
v -0.315928 0.496485 0.095836
v -0.274741 0.526605 0.054650
v -0.323804 0.496485 0.064409
v -0.501503 -0.281476 0.152129
v -0.472819 -0.331741 0.143428
v -0.514005 -0.281476 0.102242
v -0.484606 -0.331741 0.096394
v -0.360746 0.461573 0.109431
v -0.402100 0.422226 0.121976
v -0.369740 0.461573 0.073546
v -0.412124 0.422226 0.081977
v -0.439571 -0.378803 0.133342
v -0.402099 -0.422226 0.121976
v -0.450529 -0.378803 0.089616
v -0.412124 -0.422226 0.081977
v -0.439571 0.378803 0.133342
v -0.472819 0.331741 0.143428
v -0.450529 0.378803 0.089616
v -0.484606 0.331741 0.096394
v -0.360746 -0.461573 0.109431
v -0.315928 -0.496485 0.095836
v -0.369740 -0.461573 0.073546
v -0.323804 -0.496485 0.064409
v -0.501503 0.281476 0.152129
v -0.525368 0.228507 0.159369
v -0.514005 0.281476 0.102242
v -0.538466 0.228507 0.107108
v -0.268059 -0.526605 0.081315
v -0.217615 -0.551665 0.066013
v -0.274741 -0.526605 0.054650
v -0.223040 -0.551665 0.044366
v -0.544162 0.173332 0.165070
v -0.557728 0.116492 0.169185
v -0.557728 0.173332 0.110939
v -0.571632 0.116492 0.113705
v -0.165070 -0.571400 0.050074
v -0.115584 -0.585164 0.035062
v -0.169185 -0.571400 0.033653
v -0.116073 -0.585404 0.023089
v -0.565910 0.058527 0.171667
v -0.580018 0.058527 0.115373
v -0.074316 0.592314 0.022544
v -0.066602 0.593275 0.013248
v -0.074316 -0.592314 0.022544
v -0.066602 -0.593275 0.013248
v -0.375164 -0.461573 0.036951
v -0.328554 -0.496485 0.032360
v -0.418170 -0.422226 0.041186
v -0.420198 -0.422226 -0.000000
v -0.376983 -0.461573 -0.000000
v -0.330147 -0.496485 -0.000000
v -0.521545 0.281476 0.051368
v -0.546365 0.228507 0.053812
v -0.491715 0.331741 0.048430
v -0.494100 0.331741 0.000000
v -0.524075 0.281476 0.000000
v -0.549015 0.228507 0.000000
v -0.278772 -0.526605 0.027457
v -0.226312 -0.551665 0.022290
v -0.280124 -0.526605 -0.000000
v -0.227409 -0.551665 -0.000000
v -0.565910 0.173332 0.055737
v -0.580018 0.116492 0.057127
v -0.568654 0.173332 0.000000
v -0.582831 0.116492 0.000000
v -0.171667 -0.571400 0.016908
v -0.120203 -0.585164 0.011839
v -0.172499 -0.571400 -0.000000
v -0.118347 -0.585404 -0.000000
v -0.588526 0.058527 0.057965
v -0.591381 -0.000000 0.058246
v -0.591381 0.058527 0.000000
v -0.594249 0.000000 0.000000
v -0.077287 0.592314 0.007612
v -0.120203 0.585164 0.011839
v -0.067907 0.593275 0.000000
v -0.118348 0.585404 0.000000
v -0.077286 -0.592314 0.007612
v -0.067907 -0.593275 -0.000000
v -0.588526 -0.058527 0.057965
v -0.580018 -0.116492 0.057127
v -0.591381 -0.058527 -0.000000
v -0.582831 -0.116492 -0.000000
v -0.171667 0.571399 0.016908
v -0.226312 0.551665 0.022290
v -0.172500 0.571399 0.000000
v -0.227409 0.551665 0.000000
v -0.565910 -0.173332 0.055737
v -0.546365 -0.228507 0.053812
v -0.568654 -0.173332 -0.000000
v -0.549015 -0.228507 -0.000000
v -0.278772 0.526605 0.027457
v -0.328554 0.496485 0.032360
v -0.280124 0.526605 0.000000
v -0.330147 0.496485 0.000000
v -0.521545 -0.281476 0.051368
v -0.491715 -0.331741 0.048430
v -0.524075 -0.281476 -0.000000
v -0.494100 -0.331741 -0.000000
v -0.375164 0.461573 0.036951
v -0.418170 0.422226 0.041186
v -0.376983 0.461573 0.000000
v -0.420198 0.422226 0.000000
v -0.457138 -0.378803 0.045024
v -0.459356 -0.378803 -0.000000
v -0.457138 0.378803 0.045024
v -0.459356 0.378803 0.000000
v -0.171667 0.571399 -0.016908
v -0.226312 0.551665 -0.022290
v -0.120203 0.585164 -0.011839
v -0.116074 0.585404 -0.023088
v -0.169185 0.571399 -0.033653
v -0.223040 0.551665 -0.044365
v -0.565910 -0.173332 -0.055737
v -0.546365 -0.228507 -0.053812
v -0.580018 -0.116492 -0.057127
v -0.571632 -0.116492 -0.113705
v -0.557728 -0.173332 -0.110939
v -0.538466 -0.228507 -0.107107
v -0.278772 0.526605 -0.027456
v -0.328554 0.496485 -0.032360
v -0.274741 0.526605 -0.054649
v -0.323804 0.496485 -0.064408
v -0.521545 -0.281476 -0.051368
v -0.491715 -0.331741 -0.048430
v -0.514005 -0.281476 -0.102242
v -0.484606 -0.331741 -0.096394
v -0.375164 0.461573 -0.036950
v -0.418169 0.422226 -0.041186
v -0.369740 0.461573 -0.073546
v -0.412124 0.422226 -0.081976
v -0.457138 -0.378803 -0.045024
v -0.418169 -0.422226 -0.041186
v -0.450529 -0.378803 -0.089616
v -0.412124 -0.422226 -0.081976
v -0.457138 0.378803 -0.045024
v -0.491715 0.331741 -0.048430
v -0.450529 0.378803 -0.089616
v -0.484606 0.331741 -0.096394
v -0.375164 -0.461573 -0.036950
v -0.328554 -0.496485 -0.032360
v -0.369740 -0.461573 -0.073546
v -0.323804 -0.496485 -0.064408
v -0.521545 0.281476 -0.051368
v -0.546365 0.228507 -0.053812
v -0.514005 0.281476 -0.102242
v -0.538466 0.228507 -0.107107
v -0.278772 -0.526605 -0.027456
v -0.226312 -0.551665 -0.022290
v -0.274741 -0.526605 -0.054649
v -0.223040 -0.551665 -0.044365
v -0.565910 0.173332 -0.055737
v -0.580018 0.116492 -0.057127
v -0.557728 0.173332 -0.110939
v -0.571632 0.116492 -0.113705
v -0.171667 -0.571400 -0.016908
v -0.120203 -0.585164 -0.011839
v -0.169185 -0.571400 -0.033653
v -0.116073 -0.585404 -0.023088
v -0.588526 0.058527 -0.057965
v -0.591381 0.000000 -0.058246
v -0.580018 0.058527 -0.115373
v -0.582831 0.000000 -0.115932
v -0.077287 0.592314 -0.007612
v -0.066602 0.593275 -0.013248
v -0.077286 -0.592314 -0.007612
v -0.066602 -0.593275 -0.013248
v -0.588526 -0.058527 -0.057965
v -0.580018 -0.058527 -0.115373
v -0.501503 0.281476 -0.152129
v -0.525368 0.228507 -0.159369
v -0.472819 0.331741 -0.143428
v -0.456489 0.331741 -0.189084
v -0.484182 0.281476 -0.200555
v -0.507224 0.228507 -0.210099
v -0.268059 -0.526605 -0.081315
v -0.217615 -0.551665 -0.066013
v -0.315927 -0.496485 -0.095835
v -0.305016 -0.496485 -0.126342
v -0.258801 -0.526605 -0.107199
v -0.210099 -0.551665 -0.087026
v -0.544162 0.173332 -0.165070
v -0.557728 0.116492 -0.169185
v -0.525368 0.173332 -0.217615
v -0.538465 0.116492 -0.223040
v -0.165070 -0.571400 -0.050073
v -0.115584 -0.585164 -0.035062
v -0.159369 -0.571400 -0.066013
v -0.109339 -0.585404 -0.045289
v -0.565910 0.058527 -0.171667
v -0.568654 0.000000 -0.172499
v -0.546365 0.058527 -0.226312
v -0.549015 0.000000 -0.227409
v -0.074316 0.592314 -0.022543
v -0.115584 0.585164 -0.035062
v -0.062738 0.593275 -0.025987
v -0.109339 0.585404 -0.045289
v -0.074316 -0.592314 -0.022543
v -0.062738 -0.593275 -0.025987
v -0.565910 -0.058527 -0.171667
v -0.557728 -0.116492 -0.169185
v -0.546365 -0.058527 -0.226312
v -0.538465 -0.116492 -0.223040
v -0.165070 0.571399 -0.050073
v -0.217615 0.551665 -0.066013
v -0.159369 0.571399 -0.066013
v -0.210099 0.551665 -0.087026
v -0.544162 -0.173332 -0.165070
v -0.525368 -0.228507 -0.159369
v -0.525368 -0.173332 -0.217615
v -0.507224 -0.228507 -0.210099
v -0.268059 0.526605 -0.081315
v -0.315928 0.496485 -0.095835
v -0.258801 0.526605 -0.107199
v -0.305016 0.496485 -0.126342
v -0.501503 -0.281476 -0.152129
v -0.472819 -0.331741 -0.143428
v -0.484182 -0.281476 -0.200555
v -0.456489 -0.331741 -0.189084
v -0.360746 0.461573 -0.109431
v -0.402099 0.422226 -0.121975
v -0.348287 0.461573 -0.144265
v -0.388212 0.422226 -0.160803
v -0.439571 -0.378803 -0.133342
v -0.402099 -0.422226 -0.121975
v -0.424389 -0.378803 -0.175788
v -0.388212 -0.422226 -0.160803
v -0.439571 0.378803 -0.133342
v -0.424389 0.378803 -0.175788
v -0.360746 -0.461573 -0.109431
v -0.348287 -0.461573 -0.144265
v -0.501503 -0.173332 -0.268059
v -0.484182 -0.228507 -0.258801
v -0.514005 -0.116492 -0.274741
v -0.484606 -0.116492 -0.323803
v -0.472819 -0.173332 -0.315927
v -0.456489 -0.228507 -0.305016
v -0.247044 0.526605 -0.132048
v -0.291160 0.496485 -0.155628
v -0.200555 0.551665 -0.107199
v -0.189084 0.551665 -0.126342
v -0.232915 0.526605 -0.155628
v -0.274507 0.496485 -0.183420
v -0.462187 -0.281476 -0.247044
v -0.435752 -0.331741 -0.232914
v -0.435752 -0.281476 -0.291160
v -0.410829 -0.331741 -0.274507
v -0.332466 0.461573 -0.177707
v -0.370577 0.422226 -0.198077
v -0.313450 0.461573 -0.209441
v -0.349382 0.422226 -0.233449
v -0.405111 -0.378803 -0.216536
v -0.370577 -0.422226 -0.198077
v -0.381940 -0.378803 -0.255204
v -0.349382 -0.422226 -0.233449
v -0.405111 0.378803 -0.216536
v -0.435752 0.331741 -0.232914
v -0.381940 0.378803 -0.255204
v -0.410829 0.331741 -0.274507
v -0.332466 -0.461573 -0.177707
v -0.291160 -0.496485 -0.155628
v -0.313450 -0.461573 -0.209441
v -0.274507 -0.496485 -0.183420
v -0.462187 0.281476 -0.247044
v -0.484182 0.228507 -0.258801
v -0.435752 0.281476 -0.291160
v -0.456489 0.228507 -0.305016
v -0.247044 -0.526605 -0.132048
v -0.200555 -0.551665 -0.107199
v -0.232914 -0.526605 -0.155628
v -0.189084 -0.551665 -0.126342
v -0.501503 0.173332 -0.268059
v -0.514005 0.116492 -0.274741
v -0.472819 0.173332 -0.315927
v -0.484606 0.116492 -0.323803
v -0.152129 -0.571400 -0.081315
v -0.106523 -0.585164 -0.056937
v -0.143428 -0.571400 -0.095835
v -0.098402 -0.585404 -0.065750
v -0.521545 0.058527 -0.278772
v -0.524075 0.000000 -0.280124
v -0.491715 0.058527 -0.328553
v -0.494100 0.000000 -0.330147
v -0.068490 0.592314 -0.036609
v -0.106523 0.585164 -0.056937
v -0.056462 0.593275 -0.037727
v -0.098402 0.585404 -0.065750
v -0.068490 -0.592314 -0.036609
v -0.056462 -0.593275 -0.037727
v -0.521545 -0.058527 -0.278772
v -0.491715 -0.058527 -0.328553
v -0.152129 0.571399 -0.081315
v -0.143428 0.571399 -0.095835
v -0.216536 -0.526605 -0.177706
v -0.175788 -0.551665 -0.144265
v -0.255204 -0.496485 -0.209441
v -0.233449 -0.496485 -0.233449
v -0.198077 -0.526605 -0.198077
v -0.160803 -0.551665 -0.160803
v -0.439571 0.173332 -0.360746
v -0.450529 0.116492 -0.369740
v -0.424389 0.228507 -0.348287
v -0.388212 0.228507 -0.388212
v -0.402099 0.173332 -0.402099
v -0.412124 0.116492 -0.412124
v -0.133342 -0.571400 -0.109431
v -0.093368 -0.585164 -0.076625
v -0.121975 -0.571400 -0.121975
v -0.083684 -0.585404 -0.083684
v -0.457138 0.058527 -0.375164
v -0.459355 0.000000 -0.376983
v -0.418169 0.058527 -0.418169
v -0.420198 0.000000 -0.420198
v -0.060032 0.592314 -0.049267
v -0.093368 0.585164 -0.076625
v -0.048017 0.593275 -0.048017
v -0.083684 0.585404 -0.083684
v -0.060032 -0.592314 -0.049267
v -0.048017 -0.593275 -0.048017
v -0.457138 -0.058527 -0.375164
v -0.450529 -0.116492 -0.369740
v -0.418169 -0.058527 -0.418169
v -0.412124 -0.116492 -0.412124
v -0.133342 0.571399 -0.109431
v -0.175788 0.551665 -0.144265
v -0.121976 0.571399 -0.121975
v -0.160803 0.551665 -0.160803
v -0.439571 -0.173332 -0.360746
v -0.424389 -0.228507 -0.348287
v -0.402099 -0.173332 -0.402099
v -0.388212 -0.228507 -0.388212
v -0.216536 0.526605 -0.177707
v -0.255204 0.496485 -0.209441
v -0.198077 0.526605 -0.198077
v -0.233449 0.496485 -0.233449
v -0.405111 -0.281476 -0.332466
v -0.381940 -0.331741 -0.313450
v -0.370577 -0.281476 -0.370577
v -0.349381 -0.331741 -0.349381
v -0.291409 0.461573 -0.239153
v -0.324813 0.422226 -0.266567
v -0.266567 0.461573 -0.266567
v -0.297125 0.422226 -0.297125
v -0.355082 -0.378803 -0.291409
v -0.324813 -0.422226 -0.266567
v -0.324813 -0.378803 -0.324813
v -0.297125 -0.422226 -0.297125
v -0.355082 0.378803 -0.291409
v -0.381940 0.331741 -0.313450
v -0.324813 0.378803 -0.324813
v -0.349381 0.331741 -0.349381
v -0.291409 -0.461573 -0.239153
v -0.266567 -0.461573 -0.266567
v -0.405111 0.281476 -0.332466
v -0.370577 0.281476 -0.370577
v -0.332466 -0.281476 -0.405111
v -0.313450 -0.331741 -0.381940
v -0.348287 -0.228507 -0.424389
v -0.305016 -0.228507 -0.456489
v -0.291160 -0.281476 -0.435752
v -0.274507 -0.331741 -0.410829
v -0.239153 0.461573 -0.291409
v -0.266567 0.422226 -0.324813
v -0.209441 0.496485 -0.255204
v -0.183420 0.496485 -0.274507
v -0.209441 0.461573 -0.313450
v -0.233449 0.422226 -0.349381
v -0.291409 -0.378803 -0.355082
v -0.266567 -0.422226 -0.324813
v -0.255204 -0.378803 -0.381940
v -0.233449 -0.422226 -0.349381
v -0.291409 0.378803 -0.355082
v -0.313450 0.331741 -0.381940
v -0.255204 0.378803 -0.381940
v -0.274507 0.331741 -0.410829
v -0.239153 -0.461573 -0.291409
v -0.209441 -0.496485 -0.255204
v -0.209441 -0.461573 -0.313450
v -0.183420 -0.496485 -0.274507
v -0.332466 0.281476 -0.405111
v -0.348287 0.228507 -0.424389
v -0.291160 0.281476 -0.435752
v -0.305016 0.228507 -0.456489
v -0.177707 -0.526605 -0.216536
v -0.144265 -0.551665 -0.175788
v -0.155628 -0.526605 -0.232914
v -0.126342 -0.551665 -0.189084
v -0.360746 0.173332 -0.439571
v -0.369740 0.116492 -0.450529
v -0.315927 0.173332 -0.472819
v -0.323803 0.116492 -0.484606
v -0.109431 -0.571400 -0.133342
v -0.076625 -0.585164 -0.093368
v -0.095836 -0.571400 -0.143428
v -0.065750 -0.585404 -0.098402
v -0.375164 0.058527 -0.457138
v -0.376983 0.000000 -0.459355
v -0.328553 0.058527 -0.491715
v -0.330147 0.000000 -0.494100
v -0.049267 0.592314 -0.060032
v -0.076625 0.585164 -0.093368
v -0.037727 0.593275 -0.056462
v -0.065750 0.585404 -0.098402
v -0.049267 -0.592314 -0.060032
v -0.037727 -0.593275 -0.056462
v -0.375164 -0.058527 -0.457138
v -0.369740 -0.116492 -0.450529
v -0.328553 -0.058527 -0.491715
v -0.323803 -0.116492 -0.484606
v -0.109431 0.571399 -0.133342
v -0.144265 0.551665 -0.175788
v -0.095836 0.571399 -0.143428
v -0.126342 0.551665 -0.189084
v -0.360746 -0.173332 -0.439571
v -0.315927 -0.173332 -0.472819
v -0.177707 0.526605 -0.216536
v -0.155628 0.526605 -0.232914
v -0.081315 -0.571400 -0.152129
v -0.056937 -0.585164 -0.106522
v -0.107199 -0.551665 -0.200555
v -0.087026 -0.551665 -0.210099
v -0.066013 -0.571400 -0.159369
v -0.045290 -0.585404 -0.109339
v -0.278772 0.058527 -0.521545
v -0.280124 0.000000 -0.524075
v -0.274741 0.116492 -0.514005
v -0.223040 0.116492 -0.538465
v -0.226311 0.058527 -0.546364
v -0.227409 0.000000 -0.549015
v -0.036609 0.592314 -0.068490
v -0.056938 0.585164 -0.106522
v -0.025987 0.593275 -0.062737
v -0.045290 0.585404 -0.109339
v -0.036609 -0.592314 -0.068490
v -0.025987 -0.593275 -0.062737
v -0.278772 -0.058527 -0.521545
v -0.274741 -0.116492 -0.514005
v -0.226312 -0.058527 -0.546364
v -0.223040 -0.116492 -0.538465
v -0.081315 0.571399 -0.152129
v -0.107199 0.551665 -0.200555
v -0.066013 0.571399 -0.159369
v -0.087026 0.551665 -0.210099
v -0.268059 -0.173332 -0.501502
v -0.258801 -0.228507 -0.484182
v -0.217615 -0.173332 -0.525368
v -0.210099 -0.228507 -0.507223
v -0.132048 0.526605 -0.247044
v -0.155628 0.496485 -0.291160
v -0.107199 0.526605 -0.258801
v -0.126342 0.496485 -0.305016
v -0.247044 -0.281476 -0.462187
v -0.232914 -0.331741 -0.435752
v -0.200555 -0.281476 -0.484182
v -0.189084 -0.331741 -0.456489
v -0.177707 0.461573 -0.332466
v -0.198077 0.422226 -0.370577
v -0.144265 0.461573 -0.348287
v -0.160803 0.422226 -0.388212
v -0.216536 -0.378803 -0.405111
v -0.198077 -0.422226 -0.370577
v -0.175788 -0.378803 -0.424389
v -0.160803 -0.422226 -0.388212
v -0.216536 0.378803 -0.405111
v -0.232914 0.331741 -0.435752
v -0.175788 0.378803 -0.424389
v -0.189084 0.331741 -0.456489
v -0.177707 -0.461573 -0.332466
v -0.155628 -0.496485 -0.291160
v -0.144265 -0.461573 -0.348287
v -0.126342 -0.496485 -0.305016
v -0.247044 0.281476 -0.462187
v -0.258801 0.228507 -0.484182
v -0.200555 0.281476 -0.484182
v -0.210099 0.228507 -0.507223
v -0.132048 -0.526605 -0.247044
v -0.107199 -0.526605 -0.258801
v -0.268059 0.173332 -0.501502
v -0.217615 0.173332 -0.525368
v -0.109431 0.461573 -0.360746
v -0.121975 0.422226 -0.402099
v -0.095835 0.496485 -0.315927
v -0.064408 0.496485 -0.323803
v -0.073546 0.461573 -0.369740
v -0.081976 0.422226 -0.412124
v -0.133342 -0.378803 -0.439571
v -0.121975 -0.422226 -0.402099
v -0.143428 -0.331741 -0.472819
v -0.096394 -0.331741 -0.484606
v -0.089616 -0.378803 -0.450529
v -0.081976 -0.422226 -0.412124
v -0.133342 0.378803 -0.439571
v -0.143428 0.331741 -0.472819
v -0.089616 0.378803 -0.450529
v -0.096394 0.331741 -0.484606
v -0.109431 -0.461573 -0.360746
v -0.095835 -0.496485 -0.315927
v -0.073546 -0.461573 -0.369740
v -0.064408 -0.496485 -0.323803
v -0.152129 0.281476 -0.501502
v -0.159369 0.228507 -0.525368
v -0.102242 0.281476 -0.514005
v -0.107107 0.228507 -0.538465
v -0.081315 -0.526605 -0.268059
v -0.066013 -0.551665 -0.217614
v -0.054649 -0.526605 -0.274741
v -0.044365 -0.551665 -0.223040
v -0.165070 0.173332 -0.544162
v -0.169185 0.116492 -0.557728
v -0.110939 0.173332 -0.557728
v -0.113705 0.116492 -0.571632
v -0.050073 -0.571400 -0.165070
v -0.035062 -0.585164 -0.115584
v -0.033653 -0.571400 -0.169185
v -0.023088 -0.585404 -0.116073
v -0.171667 0.058527 -0.565909
v -0.172499 0.000000 -0.568654
v -0.115373 0.058527 -0.580017
v -0.115932 0.000000 -0.582831
v -0.022544 0.592314 -0.074316
v -0.035062 0.585164 -0.115584
v -0.013248 0.593275 -0.066602
v -0.023088 0.585404 -0.116073
v -0.022544 -0.592314 -0.074316
v -0.013248 -0.593275 -0.066602
v -0.171667 -0.058527 -0.565909
v -0.169185 -0.116492 -0.557728
v -0.115373 -0.058527 -0.580017
v -0.113705 -0.116492 -0.571632
v -0.050073 0.571399 -0.165070
v -0.066013 0.551665 -0.217614
v -0.033653 0.571399 -0.169185
v -0.044365 0.551665 -0.223040
v -0.165070 -0.173332 -0.544162
v -0.159369 -0.228507 -0.525368
v -0.110939 -0.173332 -0.557728
v -0.107107 -0.228507 -0.538465
v -0.081315 0.526605 -0.268059
v -0.054649 0.526605 -0.274741
v -0.152129 -0.281476 -0.501502
v -0.102242 -0.281476 -0.514005
v -0.057965 0.058527 -0.588526
v -0.058246 0.000000 -0.591381
v -0.057127 0.116492 -0.580018
v -0.007612 0.592314 -0.077286
v -0.011839 0.585164 -0.120203
v -0.007612 -0.592314 -0.077286
v -0.011839 -0.585164 -0.120203
v -0.057965 -0.058527 -0.588526
v -0.057127 -0.116492 -0.580018
v -0.016908 0.571399 -0.171667
v -0.022290 0.551665 -0.226312
v -0.055737 -0.173332 -0.565910
v -0.053812 -0.228507 -0.546365
v -0.027457 0.526605 -0.278772
v -0.032360 0.496485 -0.328554
v -0.051368 -0.281476 -0.521545
v -0.048430 -0.331741 -0.491715
v -0.036950 0.461573 -0.375164
v -0.041186 0.422226 -0.418169
v -0.045024 -0.378803 -0.457138
v -0.041186 -0.422226 -0.418169
v -0.045024 0.378803 -0.457138
v -0.048430 0.331741 -0.491715
v -0.036950 -0.461573 -0.375164
v -0.032360 -0.496485 -0.328554
v -0.051368 0.281476 -0.521545
v -0.053812 0.228507 -0.546365
v -0.027457 -0.526605 -0.278772
v -0.022290 -0.551665 -0.226311
v -0.055737 0.173332 -0.565910
v -0.016908 -0.571400 -0.171667
vn 0.0291 -0.9548 -0.2958
vn 0.0209 -0.9771 -0.2118
vn -0.0000 -0.9792 -0.2029
vn -0.0000 -0.9546 -0.2978
vn -0.0000 -0.9227 -0.3856
vn 0.0378 -0.9227 -0.3837
vn 0.0752 -0.9227 -0.3782
vn 0.0581 -0.9546 -0.2921
vn 0.0396 -0.9792 -0.1990
vn 0.0975 0.0974 -0.9905
vn 0.0980 -0.0000 -0.9952
vn -0.0000 -0.0000 -1.0000
vn -0.0000 0.0974 -0.9952
vn -0.0000 0.1939 -0.9810
vn 0.0962 0.1939 -0.9763
vn 0.1914 0.1939 -0.9622
vn 0.1942 0.0974 -0.9761
vn 0.1951 -0.0000 -0.9808
vn 0.0142 0.9895 -0.1437
vn 0.0209 0.9771 -0.2118
vn -0.0000 0.9792 -0.2029
vn 0.0000 0.9944 -0.1056
vn 0.0000 1.0000 -0.0000
vn 0.0206 0.9944 -0.1036
vn 0.0396 0.9792 -0.1990
vn 0.0142 -0.9895 -0.1437
vn 0.0206 -0.9944 -0.1036
vn -0.0000 -1.0000 -0.0000
vn 0.0000 -0.9944 -0.1056
vn 0.0975 -0.0974 -0.9905
vn 0.0962 -0.1939 -0.9763
vn -0.0000 -0.1939 -0.9810
vn -0.0000 -0.0974 -0.9952
vn 0.1942 -0.0974 -0.9761
vn 0.1914 -0.1939 -0.9622
vn 0.0291 0.9548 -0.2958
vn 0.0378 0.9227 -0.3837
vn -0.0000 0.9227 -0.3856
vn -0.0000 0.9546 -0.2978
vn 0.0581 0.9546 -0.2921
vn 0.0752 0.9227 -0.3782
vn 0.0938 -0.2886 -0.9528
vn 0.0906 -0.3806 -0.9203
vn 0.0000 -0.3806 -0.9247
vn 0.0000 -0.2886 -0.9575
vn 0.1868 -0.2886 -0.9391
vn 0.1804 -0.3806 -0.9070
vn 0.0465 0.8803 -0.4721
vn 0.0547 0.8295 -0.5558
vn -0.0000 0.8295 -0.5585
vn 0.0000 0.8803 -0.4743
vn 0.0925 0.8803 -0.4652
vn 0.1090 0.8295 -0.5477
vn 0.0866 -0.4690 -0.8789
vn 0.0817 -0.5530 -0.8292
vn 0.0000 -0.5530 -0.8332
vn 0.0000 -0.4690 -0.8832
vn 0.1723 -0.4690 -0.8662
vn 0.1625 -0.5530 -0.8172
vn 0.0624 0.7708 -0.6341
vn 0.0695 0.7046 -0.7061
vn -0.0000 0.7046 -0.7096
vn -0.0000 0.7708 -0.6371
vn 0.1243 0.7708 -0.6249
vn 0.1384 0.7046 -0.6959
vn 0.0760 -0.6318 -0.7714
vn 0.0695 -0.7046 -0.7062
vn 0.0000 -0.7046 -0.7096
vn 0.0000 -0.6318 -0.7751
vn 0.1512 -0.6318 -0.7602
vn 0.1384 -0.7046 -0.6959
vn 0.0760 0.6318 -0.7714
vn 0.0817 0.5530 -0.8292
vn -0.0000 0.5530 -0.8332
vn -0.0000 0.6318 -0.7751
vn 0.1512 0.6318 -0.7602
vn 0.1625 0.5530 -0.8172
vn 0.0624 -0.7708 -0.6341
vn 0.0547 -0.8295 -0.5558
vn -0.0000 -0.8295 -0.5585
vn 0.0000 -0.7708 -0.6371
vn 0.1243 -0.7708 -0.6249
vn 0.1090 -0.8295 -0.5477
vn 0.0866 0.4690 -0.8789
vn 0.0906 0.3806 -0.9203
vn 0.0000 0.3806 -0.9247
vn 0.0000 0.4690 -0.8832
vn 0.1723 0.4690 -0.8662
vn 0.1804 0.3806 -0.9070
vn 0.0465 -0.8803 -0.4721
vn -0.0000 -0.8803 -0.4743
vn 0.0925 -0.8803 -0.4652
vn 0.0938 0.2886 -0.9528
vn 0.0000 0.2886 -0.9575
vn 0.1868 0.2886 -0.9391
vn 0.1377 -0.8803 -0.4539
vn 0.1119 -0.9227 -0.3690
vn 0.1621 -0.8295 -0.5344
vn 0.2137 -0.8295 -0.5160
vn 0.1815 -0.8803 -0.4382
vn 0.1476 -0.9227 -0.3562
vn 0.2779 0.2886 -0.9162
vn 0.2848 0.1939 -0.9388
vn 0.2684 0.3806 -0.8849
vn 0.3539 0.3806 -0.8544
vn 0.3664 0.2886 -0.8846
vn 0.3754 0.1939 -0.9063
vn 0.0863 -0.9548 -0.2844
vn 0.0618 -0.9771 -0.2036
vn 0.1140 -0.9546 -0.2751
vn 0.0776 -0.9792 -0.1874
vn 0.2889 0.0974 -0.9524
vn 0.2903 0.0000 -0.9569
vn 0.3809 0.0974 -0.9195
vn 0.3827 0.0000 -0.9239
vn 0.0419 0.9895 -0.1381
vn 0.0618 0.9771 -0.2037
vn 0.0404 0.9944 -0.0976
vn 0.0776 0.9792 -0.1874
vn 0.0419 -0.9895 -0.1381
vn 0.0404 -0.9944 -0.0976
vn 0.2889 -0.0974 -0.9524
vn 0.2848 -0.1939 -0.9388
vn 0.3809 -0.0974 -0.9195
vn 0.3754 -0.1939 -0.9063
vn 0.0863 0.9548 -0.2844
vn 0.1119 0.9227 -0.3690
vn 0.1140 0.9546 -0.2751
vn 0.1476 0.9227 -0.3562
vn 0.2779 -0.2886 -0.9162
vn 0.2684 -0.3806 -0.8849
vn 0.3664 -0.2886 -0.8846
vn 0.3539 -0.3806 -0.8544
vn 0.1377 0.8803 -0.4539
vn 0.1621 0.8295 -0.5344
vn 0.1815 0.8803 -0.4382
vn 0.2137 0.8295 -0.5160
vn 0.2564 -0.4690 -0.8452
vn 0.2419 -0.5530 -0.7973
vn 0.3380 -0.4690 -0.8160
vn 0.3188 -0.5530 -0.7697
vn 0.1850 0.7708 -0.6097
vn 0.2060 0.7046 -0.6790
vn 0.2438 0.7708 -0.5886
vn 0.2715 0.7046 -0.6556
vn 0.2250 -0.6318 -0.7417
vn 0.2060 -0.7046 -0.6790
vn 0.2966 -0.6318 -0.7161
vn 0.2715 -0.7046 -0.6556
vn 0.2250 0.6318 -0.7417
vn 0.2419 0.5530 -0.7973
vn 0.2966 0.6318 -0.7161
vn 0.3188 0.5530 -0.7697
vn 0.1850 -0.7708 -0.6097
vn 0.2438 -0.7708 -0.5886
vn 0.2564 0.4690 -0.8452
vn 0.3380 0.4690 -0.8160
vn 0.2236 0.8803 -0.4183
vn 0.2633 0.8295 -0.4925
vn 0.1818 0.9227 -0.3400
vn 0.2142 0.9227 -0.3206
vn 0.2635 0.8803 -0.3944
vn 0.3103 0.8295 -0.4644
vn 0.4163 -0.4690 -0.7789
vn 0.3928 -0.5530 -0.7348
vn 0.4359 -0.3806 -0.8156
vn 0.5138 -0.3806 -0.7689
vn 0.4907 -0.4690 -0.7343
vn 0.4629 -0.5530 -0.6928
vn 0.3003 0.7708 -0.5619
vn 0.3345 0.7046 -0.6258
vn 0.3540 0.7708 -0.5297
vn 0.3942 0.7046 -0.5900
vn 0.3654 -0.6318 -0.6836
vn 0.3345 -0.7046 -0.6258
vn 0.4306 -0.6318 -0.6445
vn 0.3942 -0.7046 -0.5900
vn 0.3654 0.6318 -0.6836
vn 0.3928 0.5530 -0.7348
vn 0.4306 0.6318 -0.6445
vn 0.4629 0.5530 -0.6927
vn 0.3003 -0.7708 -0.5619
vn 0.2633 -0.8295 -0.4925
vn 0.3540 -0.7708 -0.5297
vn 0.3103 -0.8295 -0.4644
vn 0.4163 0.4690 -0.7789
vn 0.4359 0.3806 -0.8156
vn 0.4907 0.4690 -0.7343
vn 0.5138 0.3806 -0.7689
vn 0.2236 -0.8803 -0.4183
vn 0.1818 -0.9227 -0.3400
vn 0.2635 -0.8803 -0.3944
vn 0.2142 -0.9227 -0.3206
vn 0.4513 0.2886 -0.8444
vn 0.4625 0.1939 -0.8652
vn 0.5319 0.2886 -0.7961
vn 0.5450 0.1939 -0.8157
vn 0.1401 -0.9548 -0.2621
vn 0.1003 -0.9771 -0.1877
vn 0.1655 -0.9546 -0.2476
vn 0.1127 -0.9792 -0.1687
vn 0.4692 0.0974 -0.8777
vn 0.4714 0.0000 -0.8819
vn 0.5529 0.0974 -0.8275
vn 0.5556 0.0000 -0.8315
vn 0.0681 0.9895 -0.1273
vn 0.1003 0.9771 -0.1877
vn 0.0587 0.9944 -0.0878
vn 0.1127 0.9792 -0.1687
vn 0.0681 -0.9895 -0.1273
vn 0.0587 -0.9944 -0.0878
vn 0.4692 -0.0974 -0.8777
vn 0.4625 -0.1939 -0.8652
vn 0.5529 -0.0974 -0.8275
vn 0.5450 -0.1939 -0.8157
vn 0.1401 0.9548 -0.2621
vn 0.1655 0.9546 -0.2476
vn 0.4513 -0.2886 -0.8444
vn 0.5319 -0.2886 -0.7961
vn 0.6074 0.2886 -0.7401
vn 0.6224 0.1939 -0.7583
vn 0.5867 0.3806 -0.7148
vn 0.6539 0.3806 -0.6539
vn 0.6770 0.2886 -0.6770
vn 0.6937 0.1939 -0.6937
vn 0.1886 -0.9548 -0.2298
vn 0.1350 -0.9771 -0.1645
vn 0.2446 -0.9227 -0.2980
vn 0.2726 -0.9227 -0.2726
vn 0.2106 -0.9546 -0.2106
vn 0.1434 -0.9792 -0.1434
vn 0.6314 0.0974 -0.7693
vn 0.6344 -0.0000 -0.7730
vn 0.7037 0.0974 -0.7037
vn 0.7071 -0.0000 -0.7071
vn 0.0916 0.9895 -0.1116
vn 0.1350 0.9771 -0.1645
vn 0.0747 0.9944 -0.0747
vn 0.1434 0.9792 -0.1434
vn 0.0916 -0.9895 -0.1116
vn 0.0747 -0.9944 -0.0747
vn 0.6314 -0.0974 -0.7693
vn 0.6224 -0.1939 -0.7583
vn 0.7037 -0.0974 -0.7037
vn 0.6937 -0.1939 -0.6937
vn 0.1886 0.9548 -0.2298
vn 0.2446 0.9227 -0.2980
vn 0.2106 0.9546 -0.2106
vn 0.2726 0.9227 -0.2726
vn 0.6074 -0.2886 -0.7401
vn 0.5867 -0.3806 -0.7148
vn 0.6770 -0.2886 -0.6770
vn 0.6539 -0.3806 -0.6539
vn 0.3009 0.8803 -0.3667
vn 0.3543 0.8295 -0.4317
vn 0.3354 0.8803 -0.3354
vn 0.3949 0.8295 -0.3949
vn 0.5603 -0.4690 -0.6827
vn 0.5286 -0.5530 -0.6440
vn 0.6245 -0.4690 -0.6245
vn 0.5891 -0.5530 -0.5891
vn 0.4042 0.7708 -0.4925
vn 0.4501 0.7046 -0.5485
vn 0.4505 0.7708 -0.4505
vn 0.5017 0.7046 -0.5017
vn 0.4917 -0.6318 -0.5992
vn 0.4501 -0.7046 -0.5485
vn 0.5481 -0.6318 -0.5481
vn 0.5017 -0.7046 -0.5017
vn 0.4917 0.6318 -0.5992
vn 0.5286 0.5530 -0.6440
vn 0.5481 0.6318 -0.5481
vn 0.5891 0.5530 -0.5891
vn 0.4042 -0.7708 -0.4925
vn 0.3543 -0.8295 -0.4317
vn 0.4505 -0.7708 -0.4505
vn 0.3949 -0.8295 -0.3949
vn 0.5603 0.4690 -0.6827
vn 0.6245 0.4690 -0.6245
vn 0.3009 -0.8803 -0.3667
vn 0.3354 -0.8803 -0.3354
vn 0.6827 -0.4690 -0.5603
vn 0.6440 -0.5530 -0.5286
vn 0.7148 -0.3806 -0.5867
vn 0.7689 -0.3806 -0.5138
vn 0.7344 -0.4690 -0.4907
vn 0.6928 -0.5530 -0.4629
vn 0.4925 0.7708 -0.4042
vn 0.5485 0.7046 -0.4501
vn 0.4317 0.8295 -0.3543
vn 0.4644 0.8295 -0.3103
vn 0.5297 0.7708 -0.3540
vn 0.5900 0.7046 -0.3942
vn 0.5992 -0.6318 -0.4917
vn 0.5485 -0.7046 -0.4501
vn 0.6445 -0.6318 -0.4306
vn 0.5900 -0.7046 -0.3942
vn 0.5992 0.6318 -0.4917
vn 0.6440 0.5530 -0.5286
vn 0.6445 0.6318 -0.4306
vn 0.6928 0.5530 -0.4629
vn 0.4925 -0.7708 -0.4042
vn 0.4317 -0.8295 -0.3543
vn 0.5297 -0.7708 -0.3540
vn 0.4644 -0.8295 -0.3103
vn 0.6827 0.4690 -0.5603
vn 0.7148 0.3806 -0.5867
vn 0.7344 0.4690 -0.4907
vn 0.7689 0.3806 -0.5138
vn 0.3667 -0.8803 -0.3009
vn 0.2980 -0.9227 -0.2446
vn 0.3944 -0.8803 -0.2635
vn 0.3206 -0.9227 -0.2142
vn 0.7401 0.2886 -0.6074
vn 0.7583 0.1939 -0.6224
vn 0.7961 0.2886 -0.5319
vn 0.8157 0.1939 -0.5450
vn 0.2298 -0.9548 -0.1886
vn 0.1645 -0.9771 -0.1350
vn 0.2476 -0.9546 -0.1655
vn 0.1687 -0.9792 -0.1127
vn 0.7693 0.0974 -0.6314
vn 0.7730 -0.0000 -0.6344
vn 0.8275 0.0974 -0.5529
vn 0.8315 -0.0000 -0.5556
vn 0.1116 0.9895 -0.0916
vn 0.1645 0.9771 -0.1350
vn 0.0878 0.9944 -0.0587
vn 0.1687 0.9792 -0.1127
vn 0.1116 -0.9895 -0.0916
vn 0.0878 -0.9944 -0.0587
vn 0.7693 -0.0974 -0.6314
vn 0.7583 -0.1939 -0.6224
vn 0.8275 -0.0974 -0.5529
vn 0.8157 -0.1939 -0.5450
vn 0.2298 0.9548 -0.1886
vn 0.2980 0.9227 -0.2446
vn 0.2476 0.9546 -0.1655
vn 0.3206 0.9227 -0.2142
vn 0.7401 -0.2886 -0.6074
vn 0.7961 -0.2886 -0.5319
vn 0.3667 0.8803 -0.3009
vn 0.3944 0.8803 -0.2635
vn 0.2621 -0.9548 -0.1401
vn 0.1877 -0.9771 -0.1003
vn 0.3400 -0.9227 -0.1818
vn 0.3562 -0.9227 -0.1476
vn 0.2751 -0.9546 -0.1140
vn 0.1874 -0.9792 -0.0776
vn 0.8777 0.0974 -0.4692
vn 0.8819 -0.0000 -0.4714
vn 0.8652 0.1939 -0.4625
vn 0.9063 0.1939 -0.3754
vn 0.9195 0.0974 -0.3809
vn 0.9239 -0.0000 -0.3827
vn 0.1273 0.9895 -0.0681
vn 0.1877 0.9771 -0.1003
vn 0.0976 0.9944 -0.0404
vn 0.1874 0.9792 -0.0776
vn 0.1273 -0.9895 -0.0681
vn 0.0976 -0.9944 -0.0404
vn 0.8777 -0.0974 -0.4692
vn 0.8652 -0.1939 -0.4625
vn 0.9195 -0.0974 -0.3809
vn 0.9063 -0.1939 -0.3754
vn 0.2621 0.9548 -0.1401
vn 0.3400 0.9227 -0.1818
vn 0.2751 0.9546 -0.1140
vn 0.3562 0.9227 -0.1475
vn 0.8444 -0.2886 -0.4513
vn 0.8156 -0.3806 -0.4359
vn 0.8846 -0.2886 -0.3664
vn 0.8544 -0.3806 -0.3539
vn 0.4183 0.8803 -0.2236
vn 0.4925 0.8295 -0.2633
vn 0.4382 0.8803 -0.1815
vn 0.5160 0.8295 -0.2137
vn 0.7789 -0.4690 -0.4163
vn 0.7348 -0.5530 -0.3927
vn 0.8160 -0.4690 -0.3380
vn 0.7697 -0.5530 -0.3188
vn 0.5619 0.7708 -0.3003
vn 0.6258 0.7046 -0.3345
vn 0.5886 0.7708 -0.2438
vn 0.6556 0.7046 -0.2715
vn 0.6836 -0.6318 -0.3654
vn 0.6258 -0.7046 -0.3345
vn 0.7161 -0.6318 -0.2966
vn 0.6556 -0.7046 -0.2715
vn 0.6836 0.6318 -0.3654
vn 0.7348 0.5530 -0.3927
vn 0.7161 0.6318 -0.2966
vn 0.7697 0.5530 -0.3188
vn 0.5619 -0.7708 -0.3003
vn 0.4925 -0.8295 -0.2633
vn 0.5886 -0.7708 -0.2438
vn 0.5160 -0.8295 -0.2137
vn 0.7789 0.4690 -0.4163
vn 0.8156 0.3806 -0.4359
vn 0.8160 0.4690 -0.3380
vn 0.8544 0.3806 -0.3539
vn 0.4183 -0.8803 -0.2236
vn 0.4382 -0.8803 -0.1815
vn 0.8444 0.2886 -0.4513
vn 0.8846 0.2886 -0.3664
vn 0.6097 0.7708 -0.1849
vn 0.6790 0.7046 -0.2060
vn 0.5344 0.8295 -0.1621
vn 0.5477 0.8295 -0.1090
vn 0.6249 0.7708 -0.1243
vn 0.6959 0.7046 -0.1384
vn 0.7417 -0.6318 -0.2250
vn 0.6790 -0.7046 -0.2060
vn 0.7973 -0.5530 -0.2419
vn 0.8172 -0.5530 -0.1625
vn 0.7602 -0.6318 -0.1512
vn 0.6959 -0.7046 -0.1384
vn 0.7417 0.6318 -0.2250
vn 0.7973 0.5530 -0.2419
vn 0.7602 0.6318 -0.1512
vn 0.8172 0.5530 -0.1625
vn 0.6097 -0.7708 -0.1849
vn 0.5344 -0.8295 -0.1621
vn 0.6249 -0.7708 -0.1243
vn 0.5477 -0.8295 -0.1090
vn 0.8452 0.4690 -0.2564
vn 0.8849 0.3806 -0.2684
vn 0.8662 0.4690 -0.1723
vn 0.9070 0.3806 -0.1804
vn 0.4539 -0.8803 -0.1377
vn 0.3690 -0.9227 -0.1119
vn 0.4652 -0.8803 -0.0925
vn 0.3782 -0.9227 -0.0752
vn 0.9162 0.2886 -0.2779
vn 0.9388 0.1939 -0.2848
vn 0.9391 0.2886 -0.1868
vn 0.9622 0.1939 -0.1914
vn 0.2844 -0.9548 -0.0863
vn 0.2036 -0.9771 -0.0618
vn 0.2921 -0.9546 -0.0581
vn 0.1990 -0.9792 -0.0396
vn 0.9524 0.0974 -0.2889
vn 0.9569 -0.0000 -0.2903
vn 0.9761 0.0974 -0.1942
vn 0.9808 -0.0000 -0.1951
vn 0.1381 0.9895 -0.0419
vn 0.2036 0.9771 -0.0618
vn 0.1036 0.9944 -0.0206
vn 0.1990 0.9792 -0.0396
vn 0.1381 -0.9895 -0.0419
vn 0.1036 -0.9944 -0.0206
vn 0.9524 -0.0974 -0.2889
vn 0.9388 -0.1939 -0.2848
vn 0.9761 -0.0974 -0.1942
vn 0.9622 -0.1939 -0.1914
vn 0.2844 0.9548 -0.0863
vn 0.3690 0.9227 -0.1119
vn 0.2921 0.9546 -0.0581
vn 0.3782 0.9227 -0.0752
vn 0.9162 -0.2886 -0.2779
vn 0.8849 -0.3806 -0.2684
vn 0.9391 -0.2886 -0.1868
vn 0.9070 -0.3806 -0.1804
vn 0.4539 0.8803 -0.1377
vn 0.4652 0.8803 -0.0925
vn 0.8452 -0.4690 -0.2564
vn 0.8662 -0.4690 -0.1723
vn 0.9905 0.0974 -0.0976
vn 0.9952 -0.0000 -0.0980
vn 0.9763 0.1939 -0.0962
vn 0.9810 0.1939 0.0000
vn 0.9952 0.0974 0.0000
vn 1.0000 0.0000 0.0000
vn 0.1437 0.9895 -0.0142
vn 0.2118 0.9771 -0.0209
vn 0.1056 0.9944 0.0000
vn 0.2029 0.9792 0.0000
vn 0.1437 -0.9895 -0.0142
vn 0.1056 -0.9944 -0.0000
vn 0.2118 -0.9771 -0.0209
vn 0.2029 -0.9792 -0.0000
vn 0.9905 -0.0974 -0.0976
vn 0.9763 -0.1939 -0.0962
vn 0.9952 -0.0974 -0.0000
vn 0.9810 -0.1939 -0.0000
vn 0.2958 0.9548 -0.0291
vn 0.3837 0.9227 -0.0378
vn 0.2978 0.9546 -0.0000
vn 0.3856 0.9227 -0.0000
vn 0.9528 -0.2886 -0.0938
vn 0.9203 -0.3806 -0.0906
vn 0.9575 -0.2886 -0.0000
vn 0.9247 -0.3806 0.0000
vn 0.4721 0.8803 -0.0465
vn 0.5558 0.8295 -0.0547
vn 0.4744 0.8803 -0.0000
vn 0.5585 0.8295 -0.0000
vn 0.8789 -0.4690 -0.0866
vn 0.8292 -0.5530 -0.0817
vn 0.8832 -0.4690 -0.0000
vn 0.8332 -0.5530 -0.0000
vn 0.6341 0.7708 -0.0624
vn 0.7061 0.7046 -0.0696
vn 0.6371 0.7708 -0.0000
vn 0.7096 0.7046 -0.0000
vn 0.7714 -0.6318 -0.0760
vn 0.7061 -0.7046 -0.0696
vn 0.7751 -0.6318 -0.0000
vn 0.7096 -0.7046 -0.0000
vn 0.7714 0.6318 -0.0760
vn 0.8292 0.5530 -0.0817
vn 0.7751 0.6318 0.0000
vn 0.8332 0.5530 0.0000
vn 0.6341 -0.7708 -0.0624
vn 0.5558 -0.8295 -0.0547
vn 0.6371 -0.7708 -0.0000
vn 0.5585 -0.8295 -0.0000
vn 0.8789 0.4690 -0.0866
vn 0.9203 0.3806 -0.0906
vn 0.8832 0.4690 0.0000
vn 0.9247 0.3806 -0.0000
vn 0.4721 -0.8803 -0.0465
vn 0.3837 -0.9227 -0.0378
vn 0.4743 -0.8803 -0.0000
vn 0.3856 -0.9227 -0.0000
vn 0.9528 0.2886 -0.0938
vn 0.9575 0.2886 0.0000
vn 0.2958 -0.9548 -0.0291
vn 0.2978 -0.9546 -0.0000
vn 0.7714 -0.6318 0.0760
vn 0.7061 -0.7046 0.0696
vn 0.8292 -0.5530 0.0817
vn 0.8172 -0.5530 0.1625
vn 0.7602 -0.6318 0.1512
vn 0.6959 -0.7046 0.1384
vn 0.7714 0.6318 0.0760
vn 0.8292 0.5530 0.0817
vn 0.7061 0.7046 0.0696
vn 0.6959 0.7046 0.1384
vn 0.7602 0.6318 0.1512
vn 0.8172 0.5530 0.1625
vn 0.6341 -0.7708 0.0624
vn 0.5558 -0.8295 0.0547
vn 0.6249 -0.7708 0.1243
vn 0.5477 -0.8295 0.1090
vn 0.8789 0.4690 0.0866
vn 0.9203 0.3806 0.0906
vn 0.8662 0.4690 0.1723
vn 0.9070 0.3806 0.1804
vn 0.4721 -0.8803 0.0465
vn 0.3837 -0.9227 0.0378
vn 0.4652 -0.8803 0.0925
vn 0.3782 -0.9227 0.0752
vn 0.9528 0.2886 0.0938
vn 0.9763 0.1939 0.0962
vn 0.9391 0.2886 0.1868
vn 0.9622 0.1939 0.1914
vn 0.2958 -0.9548 0.0291
vn 0.2118 -0.9771 0.0209
vn 0.2921 -0.9546 0.0581
vn 0.1990 -0.9792 0.0396
vn 0.9905 0.0974 0.0976
vn 0.9952 0.0000 0.0980
vn 0.9761 0.0974 0.1942
vn 0.9808 0.0000 0.1951
vn 0.1437 0.9895 0.0142
vn 0.2118 0.9771 0.0209
vn 0.1036 0.9944 0.0206
vn 0.1990 0.9792 0.0396
vn 0.1437 -0.9895 0.0142
vn 0.1036 -0.9944 0.0206
vn 0.9905 -0.0974 0.0976
vn 0.9763 -0.1939 0.0962
vn 0.9761 -0.0974 0.1942
vn 0.9622 -0.1939 0.1914
vn 0.2958 0.9548 0.0291
vn 0.3837 0.9227 0.0378
vn 0.2921 0.9546 0.0581
vn 0.3782 0.9227 0.0752
vn 0.9528 -0.2886 0.0938
vn 0.9203 -0.3806 0.0906
vn 0.9391 -0.2886 0.1868
vn 0.9070 -0.3806 0.1804
vn 0.4721 0.8803 0.0465
vn 0.5558 0.8295 0.0547
vn 0.4652 0.8803 0.0925
vn 0.5477 0.8295 0.1090
vn 0.8789 -0.4690 0.0866
vn 0.8662 -0.4690 0.1723
vn 0.6341 0.7708 0.0624
vn 0.6249 0.7708 0.1243
vn 0.1381 -0.9895 0.0419
vn 0.0976 -0.9944 0.0404
vn 0.2036 -0.9771 0.0618
vn 0.1874 -0.9792 0.0776
vn 0.9524 -0.0974 0.2889
vn 0.9388 -0.1939 0.2848
vn 0.9569 -0.0000 0.2903
vn 0.9239 -0.0000 0.3827
vn 0.9195 -0.0974 0.3809
vn 0.9063 -0.1939 0.3754
vn 0.2844 0.9548 0.0863
vn 0.3690 0.9227 0.1119
vn 0.2036 0.9771 0.0618
vn 0.1874 0.9792 0.0776
vn 0.2751 0.9546 0.1140
vn 0.3562 0.9227 0.1475
vn 0.9162 -0.2886 0.2779
vn 0.8849 -0.3806 0.2684
vn 0.8846 -0.2886 0.3664
vn 0.8544 -0.3806 0.3539
vn 0.4539 0.8803 0.1377
vn 0.5344 0.8295 0.1621
vn 0.4382 0.8803 0.1815
vn 0.5160 0.8295 0.2137
vn 0.8452 -0.4690 0.2564
vn 0.7973 -0.5530 0.2419
vn 0.8160 -0.4690 0.3380
vn 0.7697 -0.5530 0.3188
vn 0.6097 0.7708 0.1849
vn 0.6790 0.7046 0.2060
vn 0.5886 0.7708 0.2438
vn 0.6556 0.7046 0.2715
vn 0.7417 -0.6318 0.2250
vn 0.6790 -0.7046 0.2060
vn 0.7161 -0.6318 0.2966
vn 0.6556 -0.7046 0.2715
vn 0.7417 0.6318 0.2250
vn 0.7973 0.5530 0.2419
vn 0.7161 0.6318 0.2966
vn 0.7697 0.5530 0.3188
vn 0.6097 -0.7708 0.1849
vn 0.5344 -0.8295 0.1621
vn 0.5886 -0.7708 0.2438
vn 0.5160 -0.8295 0.2137
vn 0.8452 0.4690 0.2564
vn 0.8849 0.3806 0.2684
vn 0.8160 0.4690 0.3380
vn 0.8544 0.3806 0.3539
vn 0.4539 -0.8803 0.1377
vn 0.3690 -0.9227 0.1119
vn 0.4382 -0.8803 0.1815
vn 0.3562 -0.9227 0.1476
vn 0.9162 0.2886 0.2779
vn 0.9388 0.1939 0.2848
vn 0.8846 0.2886 0.3664
vn 0.9063 0.1939 0.3754
vn 0.2844 -0.9548 0.0863
vn 0.2751 -0.9546 0.1140
vn 0.9524 0.0974 0.2889
vn 0.9195 0.0974 0.3809
vn 0.1381 0.9895 0.0419
vn 0.0976 0.9944 0.0404
vn 0.5619 -0.7708 0.3003
vn 0.4925 -0.8295 0.2633
vn 0.6258 -0.7046 0.3345
vn 0.5900 -0.7046 0.3942
vn 0.5297 -0.7708 0.3540
vn 0.4644 -0.8295 0.3103
vn 0.7789 0.4690 0.4163
vn 0.8156 0.3806 0.4359
vn 0.7348 0.5530 0.3927
vn 0.6928 0.5530 0.4629
vn 0.7343 0.4690 0.4907
vn 0.7689 0.3806 0.5138
vn 0.4183 -0.8803 0.2236
vn 0.3400 -0.9227 0.1818
vn 0.3944 -0.8803 0.2635
vn 0.3206 -0.9227 0.2142
vn 0.8444 0.2886 0.4513
vn 0.8652 0.1939 0.4625
vn 0.7961 0.2886 0.5319
vn 0.8157 0.1939 0.5450
vn 0.2621 -0.9548 0.1401
vn 0.1877 -0.9771 0.1003
vn 0.2476 -0.9546 0.1655
vn 0.1687 -0.9792 0.1127
vn 0.8777 0.0974 0.4692
vn 0.8819 0.0000 0.4714
vn 0.8275 0.0974 0.5529
vn 0.8315 0.0000 0.5556
vn 0.1273 0.9895 0.0681
vn 0.1877 0.9771 0.1003
vn 0.0878 0.9944 0.0587
vn 0.1687 0.9792 0.1127
vn 0.1273 -0.9895 0.0681
vn 0.0878 -0.9944 0.0587
vn 0.8777 -0.0974 0.4692
vn 0.8652 -0.1939 0.4625
vn 0.8275 -0.0974 0.5529
vn 0.8157 -0.1939 0.5450
vn 0.2621 0.9548 0.1401
vn 0.3400 0.9227 0.1818
vn 0.2476 0.9546 0.1655
vn 0.3206 0.9227 0.2142
vn 0.8444 -0.2886 0.4513
vn 0.8156 -0.3806 0.4359
vn 0.7961 -0.2886 0.5319
vn 0.7689 -0.3806 0.5138
vn 0.4183 0.8803 0.2236
vn 0.4925 0.8295 0.2633
vn 0.3944 0.8803 0.2635
vn 0.4644 0.8295 0.3103
vn 0.7789 -0.4690 0.4163
vn 0.7348 -0.5530 0.3927
vn 0.7343 -0.4690 0.4907
vn 0.6928 -0.5530 0.4629
vn 0.5619 0.7708 0.3003
vn 0.6258 0.7046 0.3345
vn 0.5297 0.7708 0.3540
vn 0.5900 0.7046 0.3942
vn 0.6836 -0.6318 0.3654
vn 0.6445 -0.6318 0.4306
vn 0.6836 0.6318 0.3654
vn 0.6445 0.6318 0.4306
vn 0.2298 0.9548 0.1886
vn 0.2980 0.9227 0.2446
vn 0.1645 0.9771 0.1350
vn 0.1434 0.9792 0.1434
vn 0.2106 0.9546 0.2106
vn 0.2726 0.9227 0.2726
vn 0.7401 -0.2886 0.6074
vn 0.7148 -0.3806 0.5867
vn 0.7583 -0.1939 0.6224
vn 0.6937 -0.1939 0.6937
vn 0.6770 -0.2886 0.6770
vn 0.6539 -0.3806 0.6539
vn 0.3667 0.8803 0.3009
vn 0.4317 0.8295 0.3543
vn 0.3354 0.8803 0.3354
vn 0.3949 0.8295 0.3949
vn 0.6827 -0.4690 0.5603
vn 0.6440 -0.5530 0.5286
vn 0.6245 -0.4690 0.6245
vn 0.5891 -0.5530 0.5891
vn 0.4925 0.7708 0.4042
vn 0.5485 0.7046 0.4501
vn 0.4505 0.7708 0.4505
vn 0.5017 0.7046 0.5017
vn 0.5992 -0.6318 0.4917
vn 0.5485 -0.7046 0.4501
vn 0.5481 -0.6318 0.5481
vn 0.5017 -0.7046 0.5017
vn 0.5992 0.6318 0.4917
vn 0.6440 0.5530 0.5286
vn 0.5481 0.6318 0.5481
vn 0.5891 0.5530 0.5891
vn 0.4925 -0.7708 0.4042
vn 0.4317 -0.8295 0.3543
vn 0.4505 -0.7708 0.4505
vn 0.3949 -0.8295 0.3949
vn 0.6827 0.4690 0.5603
vn 0.7148 0.3806 0.5867
vn 0.6245 0.4690 0.6245
vn 0.6539 0.3806 0.6539
vn 0.3667 -0.8803 0.3009
vn 0.2980 -0.9227 0.2446
vn 0.3354 -0.8803 0.3354
vn 0.2726 -0.9227 0.2726
vn 0.7401 0.2886 0.6074
vn 0.7583 0.1939 0.6224
vn 0.6770 0.2886 0.6770
vn 0.6937 0.1939 0.6937
vn 0.2298 -0.9548 0.1886
vn 0.1645 -0.9771 0.1350
vn 0.2106 -0.9546 0.2106
vn 0.1434 -0.9792 0.1434
vn 0.7693 0.0974 0.6314
vn 0.7730 0.0000 0.6344
vn 0.7037 0.0974 0.7037
vn 0.7071 0.0000 0.7071
vn 0.1116 0.9895 0.0916
vn 0.0747 0.9944 0.0747
vn 0.1116 -0.9895 0.0916
vn 0.0747 -0.9944 0.0747
vn 0.7693 -0.0974 0.6314
vn 0.7037 -0.0974 0.7037
vn 0.5603 0.4690 0.6827
vn 0.5867 0.3806 0.7148
vn 0.5286 0.5530 0.6440
vn 0.4629 0.5530 0.6928
vn 0.4907 0.4690 0.7344
vn 0.5138 0.3806 0.7689
vn 0.3009 -0.8803 0.3667
vn 0.2446 -0.9227 0.2980
vn 0.3543 -0.8295 0.4317
vn 0.3103 -0.8295 0.4644
vn 0.2635 -0.8803 0.3944
vn 0.2142 -0.9227 0.3206
vn 0.6074 0.2886 0.7401
vn 0.6224 0.1939 0.7583
vn 0.5319 0.2886 0.7961
vn 0.5450 0.1939 0.8157
vn 0.1886 -0.9548 0.2298
vn 0.1350 -0.9771 0.1645
vn 0.1655 -0.9546 0.2476
vn 0.1127 -0.9792 0.1687
vn 0.6314 0.0974 0.7693
vn 0.6344 0.0000 0.7730
vn 0.5529 0.0974 0.8275
vn 0.5556 -0.0000 0.8315
vn 0.0916 0.9895 0.1116
vn 0.1350 0.9771 0.1645
vn 0.0587 0.9944 0.0878
vn 0.1127 0.9792 0.1687
vn 0.0916 -0.9895 0.1116
vn 0.0587 -0.9944 0.0878
vn 0.6314 -0.0974 0.7693
vn 0.6224 -0.1939 0.7583
vn 0.5529 -0.0974 0.8275
vn 0.5450 -0.1939 0.8157
vn 0.1886 0.9548 0.2298
vn 0.2446 0.9227 0.2980
vn 0.1655 0.9546 0.2476
vn 0.2142 0.9227 0.3206
vn 0.6074 -0.2886 0.7401
vn 0.5867 -0.3806 0.7148
vn 0.5319 -0.2886 0.7961
vn 0.5138 -0.3806 0.7689
vn 0.3009 0.8803 0.3667
vn 0.3543 0.8295 0.4317
vn 0.2635 0.8803 0.3944
vn 0.3103 0.8295 0.4644
vn 0.5603 -0.4690 0.6827
vn 0.5286 -0.5530 0.6440
vn 0.4907 -0.4690 0.7344
vn 0.4629 -0.5530 0.6928
vn 0.4042 0.7708 0.4925
vn 0.4501 0.7046 0.5485
vn 0.3540 0.7708 0.5297
vn 0.3942 0.7046 0.5900
vn 0.4917 -0.6318 0.5992
vn 0.4501 -0.7046 0.5485
vn 0.4306 -0.6318 0.6445
vn 0.3942 -0.7046 0.5900
vn 0.4917 0.6318 0.5992
vn 0.4306 0.6318 0.6445
vn 0.4042 -0.7708 0.4925
vn 0.3540 -0.7708 0.5297
vn 0.4513 -0.2886 0.8444
vn 0.4359 -0.3806 0.8156
vn 0.4624 -0.1939 0.8652
vn 0.3754 -0.1939 0.9063
vn 0.3664 -0.2886 0.8846
vn 0.3539 -0.3806 0.8544
vn 0.2236 0.8803 0.4183
vn 0.2633 0.8295 0.4925
vn 0.1818 0.9227 0.3400
vn 0.1475 0.9227 0.3562
vn 0.1815 0.8803 0.4382
vn 0.2137 0.8295 0.5160
vn 0.4163 -0.4690 0.7789
vn 0.3927 -0.5530 0.7348
vn 0.3380 -0.4690 0.8160
vn 0.3188 -0.5530 0.7697
vn 0.3003 0.7708 0.5619
vn 0.3345 0.7046 0.6258
vn 0.2438 0.7708 0.5886
vn 0.2715 0.7046 0.6556
vn 0.3654 -0.6318 0.6836
vn 0.3345 -0.7046 0.6258
vn 0.2966 -0.6318 0.7161
vn 0.2715 -0.7046 0.6555
vn 0.3654 0.6318 0.6836
vn 0.3927 0.5530 0.7348
vn 0.2966 0.6318 0.7161
vn 0.3188 0.5530 0.7697
vn 0.3003 -0.7708 0.5619
vn 0.2633 -0.8295 0.4925
vn 0.2438 -0.7708 0.5886
vn 0.2137 -0.8295 0.5160
vn 0.4163 0.4690 0.7789
vn 0.4359 0.3806 0.8156
vn 0.3380 0.4690 0.8160
vn 0.3539 0.3806 0.8544
vn 0.2236 -0.8803 0.4183
vn 0.1818 -0.9227 0.3400
vn 0.1815 -0.8803 0.4382
vn 0.1476 -0.9227 0.3562
vn 0.4513 0.2886 0.8444
vn 0.4624 0.1939 0.8652
vn 0.3664 0.2886 0.8846
vn 0.3754 0.1939 0.9063
vn 0.1401 -0.9548 0.2621
vn 0.1003 -0.9771 0.1877
vn 0.1140 -0.9546 0.2751
vn 0.0776 -0.9792 0.1874
vn 0.4692 0.0974 0.8777
vn 0.4714 -0.0000 0.8819
vn 0.3809 0.0974 0.9195
vn 0.3827 -0.0000 0.9239
vn 0.0680 0.9895 0.1273
vn 0.1003 0.9771 0.1877
vn 0.0404 0.9944 0.0976
vn 0.0776 0.9792 0.1874
vn 0.0680 -0.9895 0.1273
vn 0.0404 -0.9944 0.0976
vn 0.4692 -0.0974 0.8777
vn 0.3809 -0.0974 0.9195
vn 0.1401 0.9548 0.2621
vn 0.1140 0.9546 0.2751
vn 0.1377 -0.8803 0.4539
vn 0.1119 -0.9227 0.3690
vn 0.1621 -0.8295 0.5344
vn 0.1090 -0.8295 0.5477
vn 0.0925 -0.8803 0.4652
vn 0.0752 -0.9227 0.3782
vn 0.2779 0.2886 0.9162
vn 0.2848 0.1939 0.9388
vn 0.2684 0.3806 0.8849
vn 0.1804 0.3806 0.9070
vn 0.1868 0.2886 0.9391
vn 0.1914 0.1939 0.9622
vn 0.0863 -0.9548 0.2844
vn 0.0618 -0.9771 0.2036
vn 0.0581 -0.9546 0.2921
vn 0.0396 -0.9792 0.1990
vn 0.2889 0.0974 0.9524
vn 0.2903 -0.0000 0.9569
vn 0.1942 0.0974 0.9761
vn 0.1951 0.0000 0.9808
vn 0.0419 0.9895 0.1381
vn 0.0618 0.9771 0.2036
vn 0.0206 0.9944 0.1036
vn 0.0396 0.9792 0.1990
vn 0.0419 -0.9895 0.1381
vn 0.0206 -0.9944 0.1036
vn 0.2889 -0.0974 0.9524
vn 0.2848 -0.1939 0.9388
vn 0.1942 -0.0974 0.9761
vn 0.1914 -0.1939 0.9622
vn 0.0863 0.9548 0.2844
vn 0.1119 0.9227 0.3690
vn 0.0581 0.9546 0.2921
vn 0.0752 0.9227 0.3782
vn 0.2779 -0.2886 0.9162
vn 0.2684 -0.3806 0.8849
vn 0.1868 -0.2886 0.9391
vn 0.1804 -0.3806 0.9070
vn 0.1377 0.8803 0.4539
vn 0.1621 0.8295 0.5344
vn 0.0925 0.8803 0.4652
vn 0.1090 0.8295 0.5477
vn 0.2564 -0.4690 0.8452
vn 0.2419 -0.5530 0.7973
vn 0.1723 -0.4690 0.8662
vn 0.1625 -0.5530 0.8172
vn 0.1849 0.7708 0.6097
vn 0.2060 0.7046 0.6790
vn 0.1243 0.7708 0.6249
vn 0.1384 0.7046 0.6959
vn 0.2250 -0.6318 0.7417
vn 0.2060 -0.7046 0.6790
vn 0.1512 -0.6318 0.7602
vn 0.1384 -0.7046 0.6959
vn 0.2250 0.6318 0.7417
vn 0.2419 0.5530 0.7973
vn 0.1512 0.6318 0.7602
vn 0.1625 0.5530 0.8172
vn 0.1849 -0.7708 0.6097
vn 0.1243 -0.7708 0.6249
vn 0.2564 0.4690 0.8452
vn 0.1723 0.4690 0.8662
vn 0.0465 0.8803 0.4721
vn 0.0547 0.8295 0.5558
vn 0.0378 0.9227 0.3837
vn -0.0000 0.9227 0.3856
vn 0.0000 0.8803 0.4743
vn 0.0000 0.8295 0.5585
vn 0.0866 -0.4690 0.8789
vn 0.0817 -0.5530 0.8292
vn 0.0906 -0.3806 0.9203
vn -0.0000 -0.3806 0.9247
vn -0.0000 -0.4690 0.8832
vn -0.0000 -0.5530 0.8332
vn 0.0625 0.7708 0.6341
vn 0.0696 0.7046 0.7061
vn 0.0000 0.7708 0.6371
vn 0.0000 0.7046 0.7096
vn 0.0760 -0.6318 0.7714
vn 0.0696 -0.7046 0.7061
vn -0.0000 -0.6318 0.7751
vn 0.0000 -0.7046 0.7096
vn 0.0760 0.6318 0.7714
vn 0.0817 0.5530 0.8292
vn -0.0000 0.6318 0.7751
vn -0.0000 0.5530 0.8332
vn 0.0624 -0.7708 0.6341
vn 0.0547 -0.8295 0.5558
vn 0.0000 -0.7708 0.6371
vn 0.0000 -0.8295 0.5585
vn 0.0866 0.4690 0.8789
vn 0.0906 0.3806 0.9203
vn -0.0000 0.4690 0.8832
vn 0.0000 0.3806 0.9247
vn 0.0465 -0.8803 0.4721
vn 0.0378 -0.9227 0.3837
vn 0.0000 -0.8803 0.4744
vn 0.0000 -0.9227 0.3856
vn 0.0938 0.2886 0.9528
vn 0.0962 0.1939 0.9763
vn 0.0000 0.2886 0.9575
vn 0.0000 0.1939 0.9810
vn 0.0291 -0.9548 0.2958
vn 0.0209 -0.9771 0.2118
vn 0.0000 -0.9546 0.2978
vn 0.0000 -0.9792 0.2029
vn 0.0976 0.0974 0.9905
vn 0.0980 0.0000 0.9952
vn -0.0000 0.0974 0.9952
vn -0.0000 0.0000 1.0000
vn 0.0142 0.9895 0.1437
vn 0.0209 0.9771 0.2118
vn 0.0000 0.9944 0.1056
vn 0.0000 0.9792 0.2029
vn 0.0142 -0.9895 0.1437
vn 0.0000 -0.9944 0.1056
vn 0.0976 -0.0974 0.9905
vn 0.0962 -0.1939 0.9763
vn -0.0000 -0.0974 0.9952
vn 0.0000 -0.1939 0.9810
vn 0.0291 0.9548 0.2958
vn 0.0000 0.9546 0.2978
vn 0.0938 -0.2886 0.9528
vn 0.0000 -0.2886 0.9575
vn -0.0938 0.2886 0.9528
vn -0.0962 0.1939 0.9763
vn -0.0906 0.3806 0.9203
vn -0.1804 0.3806 0.9070
vn -0.1868 0.2886 0.9391
vn -0.1914 0.1939 0.9622
vn -0.0291 -0.9548 0.2958
vn -0.0209 -0.9771 0.2118
vn -0.0378 -0.9227 0.3837
vn -0.0752 -0.9227 0.3782
vn -0.0581 -0.9546 0.2921
vn -0.0396 -0.9792 0.1990
vn -0.0976 0.0974 0.9905
vn -0.0980 0.0000 0.9952
vn -0.1942 0.0974 0.9761
vn -0.1951 -0.0000 0.9808
vn -0.0142 0.9895 0.1437
vn -0.0209 0.9771 0.2118
vn -0.0206 0.9944 0.1036
vn -0.0396 0.9792 0.1990
vn -0.0142 -0.9895 0.1437
vn -0.0206 -0.9944 0.1036
vn -0.0976 -0.0974 0.9905
vn -0.0962 -0.1939 0.9763
vn -0.1942 -0.0974 0.9761
vn -0.1914 -0.1939 0.9622
vn -0.0291 0.9548 0.2958
vn -0.0378 0.9227 0.3837
vn -0.0581 0.9546 0.2921
vn -0.0752 0.9227 0.3782
vn -0.0938 -0.2886 0.9528
vn -0.0906 -0.3806 0.9203
vn -0.1868 -0.2886 0.9391
vn -0.1804 -0.3806 0.9070
vn -0.0465 0.8803 0.4721
vn -0.0547 0.8295 0.5558
vn -0.0925 0.8803 0.4652
vn -0.1090 0.8295 0.5477
vn -0.0866 -0.4690 0.8789
vn -0.0817 -0.5530 0.8292
vn -0.1723 -0.4690 0.8662
vn -0.1625 -0.5530 0.8172
vn -0.0625 0.7708 0.6341
vn -0.0696 0.7046 0.7061
vn -0.1243 0.7708 0.6249
vn -0.1384 0.7046 0.6959
vn -0.0760 -0.6318 0.7714
vn -0.0696 -0.7046 0.7061
vn -0.1512 -0.6318 0.7602
vn -0.1384 -0.7046 0.6959
vn -0.0760 0.6318 0.7714
vn -0.0817 0.5530 0.8292
vn -0.1512 0.6318 0.7602
vn -0.1625 0.5530 0.8172
vn -0.0624 -0.7708 0.6341
vn -0.0547 -0.8295 0.5558
vn -0.1243 -0.7708 0.6249
vn -0.1090 -0.8295 0.5477
vn -0.0866 0.4690 0.8789
vn -0.1723 0.4690 0.8662
vn -0.0465 -0.8803 0.4721
vn -0.0925 -0.8803 0.4652
vn -0.2564 -0.4690 0.8452
vn -0.2419 -0.5530 0.7973
vn -0.2684 -0.3806 0.8849
vn -0.3539 -0.3806 0.8544
vn -0.3380 -0.4690 0.8160
vn -0.3188 -0.5530 0.7697
vn -0.1849 0.7708 0.6097
vn -0.2060 0.7046 0.6790
vn -0.1621 0.8295 0.5344
vn -0.2137 0.8295 0.5160
vn -0.2438 0.7708 0.5886
vn -0.2715 0.7046 0.6556
vn -0.2250 -0.6318 0.7417
vn -0.2060 -0.7046 0.6790
vn -0.2966 -0.6318 0.7161
vn -0.2715 -0.7046 0.6556
vn -0.2250 0.6318 0.7417
vn -0.2419 0.5530 0.7973
vn -0.2966 0.6318 0.7161
vn -0.3188 0.5530 0.7697
vn -0.1850 -0.7708 0.6097
vn -0.1621 -0.8295 0.5344
vn -0.2438 -0.7708 0.5886
vn -0.2137 -0.8295 0.5160
vn -0.2564 0.4690 0.8452
vn -0.2684 0.3806 0.8849
vn -0.3380 0.4690 0.8160
vn -0.3539 0.3806 0.8544
vn -0.1377 -0.8803 0.4539
vn -0.1119 -0.9227 0.3690
vn -0.1815 -0.8803 0.4382
vn -0.1476 -0.9227 0.3562
vn -0.2779 0.2886 0.9162
vn -0.2848 0.1939 0.9388
vn -0.3664 0.2886 0.8846
vn -0.3754 0.1939 0.9063
vn -0.0863 -0.9548 0.2844
vn -0.0618 -0.9771 0.2036
vn -0.1140 -0.9546 0.2751
vn -0.0776 -0.9792 0.1874
vn -0.2889 0.0974 0.9524
vn -0.2903 -0.0000 0.9569
vn -0.3809 0.0974 0.9195
vn -0.3827 0.0000 0.9239
vn -0.0419 0.9895 0.1381
vn -0.0618 0.9771 0.2036
vn -0.0404 0.9944 0.0976
vn -0.0776 0.9792 0.1874
vn -0.0419 -0.9895 0.1381
vn -0.0404 -0.9944 0.0976
vn -0.2889 -0.0974 0.9524
vn -0.2848 -0.1939 0.9388
vn -0.3809 -0.0974 0.9195
vn -0.3754 -0.1939 0.9063
vn -0.0863 0.9548 0.2844
vn -0.1119 0.9227 0.3690
vn -0.1140 0.9546 0.2751
vn -0.1475 0.9227 0.3562
vn -0.2779 -0.2886 0.9162
vn -0.3664 -0.2886 0.8846
vn -0.1377 0.8803 0.4539
vn -0.1815 0.8803 0.4382
vn -0.1401 -0.9548 0.2621
vn -0.1003 -0.9771 0.1877
vn -0.1818 -0.9227 0.3400
vn -0.2142 -0.9227 0.3206
vn -0.1655 -0.9546 0.2476
vn -0.1127 -0.9792 0.1687
vn -0.4692 0.0974 0.8777
vn -0.4714 0.0000 0.8819
vn -0.4625 0.1939 0.8652
vn -0.5450 0.1939 0.8157
vn -0.5529 0.0974 0.8275
vn -0.5556 0.0000 0.8315
vn -0.0680 0.9895 0.1273
vn -0.1003 0.9771 0.1877
vn -0.0587 0.9944 0.0878
vn -0.1127 0.9792 0.1687
vn -0.0680 -0.9895 0.1273
vn -0.0587 -0.9944 0.0878
vn -0.4692 -0.0974 0.8777
vn -0.4625 -0.1939 0.8652
vn -0.5529 -0.0974 0.8275
vn -0.5450 -0.1939 0.8157
vn -0.1401 0.9548 0.2621
vn -0.1818 0.9227 0.3400
vn -0.1655 0.9546 0.2476
vn -0.2142 0.9227 0.3206
vn -0.4513 -0.2886 0.8444
vn -0.4359 -0.3806 0.8156
vn -0.5319 -0.2886 0.7961
vn -0.5138 -0.3806 0.7689
vn -0.2236 0.8803 0.4183
vn -0.2633 0.8295 0.4925
vn -0.2635 0.8803 0.3944
vn -0.3103 0.8295 0.4644
vn -0.4163 -0.4690 0.7789
vn -0.3928 -0.5530 0.7348
vn -0.4907 -0.4690 0.7343
vn -0.4629 -0.5530 0.6927
vn -0.3003 0.7708 0.5619
vn -0.3345 0.7046 0.6258
vn -0.3540 0.7708 0.5297
vn -0.3942 0.7046 0.5900
vn -0.3654 -0.6318 0.6836
vn -0.3345 -0.7046 0.6258
vn -0.4306 -0.6318 0.6445
vn -0.3942 -0.7046 0.5900
vn -0.3654 0.6318 0.6836
vn -0.3928 0.5530 0.7348
vn -0.4306 0.6318 0.6445
vn -0.4629 0.5530 0.6928
vn -0.3003 -0.7708 0.5619
vn -0.2633 -0.8295 0.4925
vn -0.3540 -0.7708 0.5297
vn -0.3103 -0.8295 0.4644
vn -0.4163 0.4690 0.7789
vn -0.4359 0.3806 0.8156
vn -0.4907 0.4690 0.7343
vn -0.5138 0.3806 0.7689
vn -0.2236 -0.8803 0.4183
vn -0.2635 -0.8803 0.3944
vn -0.4513 0.2886 0.8444
vn -0.5319 0.2886 0.7961
vn -0.4917 -0.6318 0.5992
vn -0.4501 -0.7046 0.5485
vn -0.5286 -0.5530 0.6441
vn -0.5891 -0.5530 0.5891
vn -0.5481 -0.6318 0.5481
vn -0.5017 -0.7046 0.5017
vn -0.4917 0.6318 0.5992
vn -0.5286 0.5530 0.6441
vn -0.4501 0.7046 0.5485
vn -0.5017 0.7046 0.5017
vn -0.5481 0.6318 0.5481
vn -0.5891 0.5530 0.5891
vn -0.4042 -0.7708 0.4925
vn -0.3543 -0.8295 0.4317
vn -0.4505 -0.7708 0.4505
vn -0.3949 -0.8295 0.3949
vn -0.5603 0.4690 0.6827
vn -0.5867 0.3806 0.7148
vn -0.6245 0.4690 0.6245
vn -0.6539 0.3806 0.6539
vn -0.3009 -0.8803 0.3667
vn -0.2446 -0.9227 0.2980
vn -0.3354 -0.8803 0.3354
vn -0.2726 -0.9227 0.2726
vn -0.6074 0.2886 0.7401
vn -0.6224 0.1939 0.7583
vn -0.6770 0.2886 0.6770
vn -0.6937 0.1939 0.6937
vn -0.1886 -0.9548 0.2298
vn -0.1350 -0.9771 0.1645
vn -0.2106 -0.9546 0.2106
vn -0.1434 -0.9792 0.1434
vn -0.6314 0.0974 0.7693
vn -0.6344 -0.0000 0.7730
vn -0.7037 0.0974 0.7037
vn -0.7071 -0.0000 0.7071
vn -0.0916 0.9895 0.1116
vn -0.1350 0.9771 0.1645
vn -0.0747 0.9944 0.0747
vn -0.1434 0.9792 0.1434
vn -0.0916 -0.9895 0.1116
vn -0.0747 -0.9944 0.0747
vn -0.6314 -0.0974 0.7693
vn -0.6224 -0.1939 0.7583
vn -0.7037 -0.0974 0.7037
vn -0.6937 -0.1939 0.6937
vn -0.1886 0.9548 0.2298
vn -0.2446 0.9227 0.2980
vn -0.2106 0.9546 0.2106
vn -0.2726 0.9227 0.2726
vn -0.6074 -0.2886 0.7401
vn -0.5867 -0.3806 0.7148
vn -0.6770 -0.2886 0.6770
vn -0.6539 -0.3806 0.6539
vn -0.3009 0.8803 0.3667
vn -0.3543 0.8295 0.4317
vn -0.3354 0.8803 0.3354
vn -0.3949 0.8295 0.3949
vn -0.5603 -0.4690 0.6827
vn -0.6245 -0.4690 0.6245
vn -0.4042 0.7708 0.4925
vn -0.4505 0.7708 0.4505
vn -0.1116 0.9895 0.0916
vn -0.1645 0.9771 0.1350
vn -0.0878 0.9944 0.0587
vn -0.1687 0.9792 0.1127
vn -0.1116 -0.9895 0.0916
vn -0.0878 -0.9944 0.0587
vn -0.1645 -0.9771 0.1350
vn -0.1687 -0.9792 0.1127
vn -0.7693 -0.0974 0.6314
vn -0.7583 -0.1939 0.6224
vn -0.7730 -0.0000 0.6344
vn -0.8315 -0.0000 0.5556
vn -0.8275 -0.0974 0.5529
vn -0.8157 -0.1939 0.5450
vn -0.2298 0.9548 0.1886
vn -0.2980 0.9227 0.2446
vn -0.2476 0.9546 0.1655
vn -0.3206 0.9227 0.2142
vn -0.7401 -0.2886 0.6074
vn -0.7148 -0.3806 0.5867
vn -0.7961 -0.2886 0.5319
vn -0.7689 -0.3806 0.5138
vn -0.3667 0.8803 0.3009
vn -0.4317 0.8295 0.3543
vn -0.3944 0.8803 0.2635
vn -0.4644 0.8295 0.3103
vn -0.6827 -0.4690 0.5603
vn -0.6441 -0.5530 0.5286
vn -0.7343 -0.4690 0.4907
vn -0.6928 -0.5530 0.4629
vn -0.4925 0.7708 0.4042
vn -0.5485 0.7046 0.4501
vn -0.5297 0.7708 0.3540
vn -0.5900 0.7046 0.3942
vn -0.5992 -0.6318 0.4917
vn -0.5485 -0.7046 0.4501
vn -0.6445 -0.6318 0.4306
vn -0.5900 -0.7046 0.3942
vn -0.5992 0.6318 0.4917
vn -0.6441 0.5530 0.5286
vn -0.6445 0.6318 0.4306
vn -0.6928 0.5530 0.4629
vn -0.4925 -0.7708 0.4042
vn -0.4317 -0.8295 0.3543
vn -0.5297 -0.7708 0.3540
vn -0.4644 -0.8295 0.3103
vn -0.6827 0.4690 0.5603
vn -0.7148 0.3806 0.5867
vn -0.7343 0.4690 0.4907
vn -0.7689 0.3806 0.5138
vn -0.3667 -0.8803 0.3009
vn -0.2980 -0.9227 0.2446
vn -0.3944 -0.8803 0.2635
vn -0.3206 -0.9227 0.2142
vn -0.7401 0.2886 0.6074
vn -0.7583 0.1939 0.6224
vn -0.7961 0.2886 0.5319
vn -0.8157 0.1939 0.5450
vn -0.2298 -0.9548 0.1886
vn -0.2476 -0.9546 0.1655
vn -0.7693 0.0974 0.6314
vn -0.8275 0.0974 0.5529
vn -0.6836 0.6318 0.3654
vn -0.7348 0.5530 0.3928
vn -0.6258 0.7046 0.3345
vn -0.6556 0.7046 0.2715
vn -0.7161 0.6318 0.2966
vn -0.7697 0.5530 0.3188
vn -0.5619 -0.7708 0.3003
vn -0.4925 -0.8295 0.2633
vn -0.6258 -0.7046 0.3345
vn -0.6556 -0.7046 0.2715
vn -0.5886 -0.7708 0.2438
vn -0.5160 -0.8295 0.2137
vn -0.7789 0.4690 0.4163
vn -0.8156 0.3806 0.4359
vn -0.8160 0.4690 0.3380
vn -0.8544 0.3806 0.3539
vn -0.4183 -0.8803 0.2236
vn -0.3400 -0.9227 0.1818
vn -0.4382 -0.8803 0.1815
vn -0.3562 -0.9227 0.1476
vn -0.8444 0.2886 0.4513
vn -0.8652 0.1939 0.4625
vn -0.8846 0.2886 0.3664
vn -0.9063 0.1939 0.3754
vn -0.2621 -0.9548 0.1401
vn -0.1877 -0.9771 0.1003
vn -0.2751 -0.9546 0.1140
vn -0.1874 -0.9792 0.0776
vn -0.8777 0.0974 0.4692
vn -0.8819 -0.0000 0.4714
vn -0.9195 0.0974 0.3809
vn -0.9239 -0.0000 0.3827
vn -0.1273 0.9895 0.0680
vn -0.1877 0.9771 0.1003
vn -0.0976 0.9944 0.0404
vn -0.1874 0.9792 0.0776
vn -0.1273 -0.9895 0.0681
vn -0.0976 -0.9944 0.0404
vn -0.8777 -0.0974 0.4692
vn -0.8652 -0.1939 0.4625
vn -0.9195 -0.0974 0.3809
vn -0.9063 -0.1939 0.3754
vn -0.2621 0.9548 0.1401
vn -0.3400 0.9227 0.1818
vn -0.2751 0.9546 0.1140
vn -0.3562 0.9227 0.1476
vn -0.8444 -0.2886 0.4513
vn -0.8156 -0.3806 0.4359
vn -0.8846 -0.2886 0.3664
vn -0.8544 -0.3806 0.3539
vn -0.4183 0.8803 0.2236
vn -0.4925 0.8295 0.2633
vn -0.4382 0.8803 0.1815
vn -0.5160 0.8295 0.2137
vn -0.7789 -0.4690 0.4163
vn -0.7348 -0.5530 0.3928
vn -0.8160 -0.4690 0.3380
vn -0.7697 -0.5530 0.3188
vn -0.5619 0.7708 0.3003
vn -0.5886 0.7708 0.2438
vn -0.6836 -0.6318 0.3654
vn -0.7161 -0.6318 0.2966
vn -0.9524 -0.0974 0.2889
vn -0.9388 -0.1939 0.2848
vn -0.9569 -0.0000 0.2903
vn -0.9808 -0.0000 0.1951
vn -0.9761 -0.0974 0.1942
vn -0.9622 -0.1939 0.1914
vn -0.2844 0.9548 0.0863
vn -0.3690 0.9227 0.1119
vn -0.2036 0.9771 0.0618
vn -0.1990 0.9792 0.0396
vn -0.2921 0.9546 0.0581
vn -0.3782 0.9227 0.0752
vn -0.9162 -0.2886 0.2779
vn -0.8849 -0.3806 0.2684
vn -0.9391 -0.2886 0.1868
vn -0.9070 -0.3806 0.1804
vn -0.4539 0.8803 0.1377
vn -0.5344 0.8295 0.1621
vn -0.4652 0.8803 0.0925
vn -0.5477 0.8295 0.1090
vn -0.8452 -0.4690 0.2564
vn -0.7973 -0.5530 0.2419
vn -0.8662 -0.4690 0.1723
vn -0.8172 -0.5530 0.1625
vn -0.6097 0.7708 0.1849
vn -0.6790 0.7046 0.2060
vn -0.6249 0.7708 0.1243
vn -0.6959 0.7046 0.1384
vn -0.7417 -0.6318 0.2250
vn -0.6790 -0.7046 0.2060
vn -0.7602 -0.6318 0.1512
vn -0.6959 -0.7046 0.1384
vn -0.7417 0.6318 0.2250
vn -0.7973 0.5530 0.2419
vn -0.7602 0.6318 0.1512
vn -0.8172 0.5530 0.1625
vn -0.6097 -0.7708 0.1850
vn -0.5344 -0.8295 0.1621
vn -0.6249 -0.7708 0.1243
vn -0.5477 -0.8295 0.1090
vn -0.8452 0.4690 0.2564
vn -0.8849 0.3806 0.2684
vn -0.8662 0.4690 0.1723
vn -0.9070 0.3806 0.1804
vn -0.4539 -0.8803 0.1377
vn -0.3690 -0.9227 0.1119
vn -0.4652 -0.8803 0.0925
vn -0.3782 -0.9227 0.0752
vn -0.9162 0.2886 0.2779
vn -0.9388 0.1939 0.2848
vn -0.9391 0.2886 0.1868
vn -0.9622 0.1939 0.1914
vn -0.2844 -0.9548 0.0863
vn -0.2036 -0.9771 0.0618
vn -0.2921 -0.9546 0.0581
vn -0.1990 -0.9792 0.0396
vn -0.9524 0.0974 0.2889
vn -0.9761 0.0974 0.1942
vn -0.1381 0.9895 0.0419
vn -0.1036 0.9944 0.0206
vn -0.1381 -0.9895 0.0419
vn -0.1036 -0.9944 0.0206
vn -0.6341 -0.7708 0.0624
vn -0.5558 -0.8295 0.0547
vn -0.7061 -0.7046 0.0695
vn -0.7096 -0.7046 -0.0000
vn -0.6371 -0.7708 -0.0000
vn -0.5585 -0.8295 -0.0000
vn -0.8789 0.4690 0.0866
vn -0.9203 0.3806 0.0906
vn -0.8292 0.5530 0.0817
vn -0.8332 0.5530 0.0000
vn -0.8832 0.4690 0.0000
vn -0.9247 0.3806 0.0000
vn -0.4721 -0.8803 0.0465
vn -0.3837 -0.9227 0.0378
vn -0.4743 -0.8803 -0.0000
vn -0.3856 -0.9227 0.0000
vn -0.9528 0.2886 0.0938
vn -0.9763 0.1939 0.0962
vn -0.9575 0.2886 -0.0000
vn -0.9810 0.1939 -0.0000
vn -0.2958 -0.9548 0.0291
vn -0.2118 -0.9771 0.0209
vn -0.2978 -0.9546 0.0000
vn -0.2029 -0.9792 0.0000
vn -0.9905 0.0974 0.0975
vn -0.9952 0.0000 0.0980
vn -0.9952 0.0974 0.0000
vn -1.0000 -0.0000 0.0000
vn -0.1437 0.9895 0.0142
vn -0.2118 0.9771 0.0209
vn -0.1056 0.9944 0.0000
vn -0.2029 0.9792 0.0000
vn -0.1437 -0.9895 0.0142
vn -0.1056 -0.9944 -0.0000
vn -0.9905 -0.0974 0.0975
vn -0.9763 -0.1939 0.0962
vn -0.9952 -0.0974 -0.0000
vn -0.9810 -0.1939 0.0000
vn -0.2958 0.9548 0.0291
vn -0.3837 0.9227 0.0378
vn -0.2978 0.9546 -0.0000
vn -0.3856 0.9227 -0.0000
vn -0.9528 -0.2886 0.0938
vn -0.9203 -0.3806 0.0906
vn -0.9575 -0.2886 0.0000
vn -0.9247 -0.3806 -0.0000
vn -0.4721 0.8803 0.0465
vn -0.5558 0.8295 0.0547
vn -0.4743 0.8803 -0.0000
vn -0.5585 0.8295 -0.0000
vn -0.8789 -0.4690 0.0866
vn -0.8292 -0.5530 0.0817
vn -0.8832 -0.4690 -0.0000
vn -0.8332 -0.5530 -0.0000
vn -0.6341 0.7708 0.0624
vn -0.7061 0.7046 0.0695
vn -0.6371 0.7708 -0.0000
vn -0.7096 0.7046 -0.0000
vn -0.7714 -0.6318 0.0760
vn -0.7751 -0.6318 -0.0000
vn -0.7714 0.6318 0.0760
vn -0.7751 0.6318 -0.0000
vn -0.2958 0.9548 -0.0291
vn -0.3837 0.9227 -0.0378
vn -0.2118 0.9771 -0.0209
vn -0.1990 0.9792 -0.0396
vn -0.2921 0.9546 -0.0581
vn -0.3782 0.9227 -0.0752
vn -0.9528 -0.2886 -0.0938
vn -0.9203 -0.3806 -0.0906
vn -0.9763 -0.1939 -0.0962
vn -0.9622 -0.1939 -0.1914
vn -0.9391 -0.2886 -0.1868
vn -0.9070 -0.3806 -0.1804
vn -0.4721 0.8803 -0.0465
vn -0.5558 0.8295 -0.0547
vn -0.4652 0.8803 -0.0925
vn -0.5477 0.8295 -0.1090
vn -0.8789 -0.4690 -0.0866
vn -0.8292 -0.5530 -0.0817
vn -0.8662 -0.4690 -0.1723
vn -0.8172 -0.5530 -0.1625
vn -0.6341 0.7708 -0.0624
vn -0.7061 0.7046 -0.0695
vn -0.6249 0.7708 -0.1243
vn -0.6959 0.7046 -0.1384
vn -0.7714 -0.6318 -0.0760
vn -0.7061 -0.7046 -0.0695
vn -0.7602 -0.6318 -0.1512
vn -0.6959 -0.7046 -0.1384
vn -0.7714 0.6318 -0.0760
vn -0.8292 0.5530 -0.0817
vn -0.7602 0.6318 -0.1512
vn -0.8172 0.5530 -0.1625
vn -0.6341 -0.7708 -0.0624
vn -0.5558 -0.8295 -0.0547
vn -0.6249 -0.7708 -0.1243
vn -0.5477 -0.8295 -0.1090
vn -0.8789 0.4690 -0.0866
vn -0.9203 0.3806 -0.0906
vn -0.8662 0.4690 -0.1723
vn -0.9070 0.3806 -0.1804
vn -0.4721 -0.8803 -0.0465
vn -0.3837 -0.9227 -0.0378
vn -0.4652 -0.8803 -0.0925
vn -0.3782 -0.9227 -0.0752
vn -0.9528 0.2886 -0.0938
vn -0.9763 0.1939 -0.0962
vn -0.9391 0.2886 -0.1868
vn -0.9622 0.1939 -0.1914
vn -0.2958 -0.9548 -0.0291
vn -0.2118 -0.9771 -0.0209
vn -0.2921 -0.9546 -0.0581
vn -0.1990 -0.9792 -0.0396
vn -0.9905 0.0974 -0.0975
vn -0.9952 -0.0000 -0.0980
vn -0.9761 0.0974 -0.1942
vn -0.9808 0.0000 -0.1951
vn -0.1437 0.9895 -0.0142
vn -0.1036 0.9944 -0.0206
vn -0.1437 -0.9895 -0.0142
vn -0.1036 -0.9944 -0.0206
vn -0.9905 -0.0974 -0.0975
vn -0.9761 -0.0974 -0.1942
vn -0.8452 0.4690 -0.2564
vn -0.8849 0.3806 -0.2684
vn -0.7973 0.5530 -0.2419
vn -0.7697 0.5530 -0.3188
vn -0.8160 0.4690 -0.3380
vn -0.8544 0.3806 -0.3539
vn -0.4539 -0.8803 -0.1377
vn -0.3690 -0.9227 -0.1119
vn -0.5344 -0.8295 -0.1621
vn -0.5160 -0.8295 -0.2137
vn -0.4382 -0.8803 -0.1815
vn -0.3562 -0.9227 -0.1476
vn -0.9162 0.2886 -0.2779
vn -0.9388 0.1939 -0.2848
vn -0.8846 0.2886 -0.3664
vn -0.9063 0.1939 -0.3754
vn -0.2844 -0.9548 -0.0863
vn -0.2036 -0.9771 -0.0618
vn -0.2751 -0.9546 -0.1140
vn -0.1874 -0.9792 -0.0776
vn -0.9524 0.0974 -0.2889
vn -0.9569 0.0000 -0.2903
vn -0.9195 0.0974 -0.3809
vn -0.9239 0.0000 -0.3827
vn -0.1381 0.9895 -0.0419
vn -0.2036 0.9771 -0.0618
vn -0.0976 0.9944 -0.0404
vn -0.1874 0.9792 -0.0776
vn -0.1381 -0.9895 -0.0419
vn -0.0976 -0.9944 -0.0404
vn -0.9524 -0.0974 -0.2889
vn -0.9388 -0.1939 -0.2848
vn -0.9195 -0.0974 -0.3809
vn -0.9063 -0.1939 -0.3754
vn -0.2844 0.9548 -0.0863
vn -0.3690 0.9227 -0.1119
vn -0.2751 0.9546 -0.1140
vn -0.3562 0.9227 -0.1476
vn -0.9162 -0.2886 -0.2779
vn -0.8849 -0.3806 -0.2684
vn -0.8846 -0.2886 -0.3664
vn -0.8544 -0.3806 -0.3539
vn -0.4539 0.8803 -0.1377
vn -0.5344 0.8295 -0.1621
vn -0.4382 0.8803 -0.1815
vn -0.5160 0.8295 -0.2137
vn -0.8452 -0.4690 -0.2564
vn -0.7973 -0.5530 -0.2419
vn -0.8160 -0.4690 -0.3380
vn -0.7697 -0.5530 -0.3188
vn -0.6097 0.7708 -0.1849
vn -0.6790 0.7046 -0.2060
vn -0.5886 0.7708 -0.2438
vn -0.6556 0.7046 -0.2715
vn -0.7417 -0.6318 -0.2250
vn -0.6790 -0.7046 -0.2060
vn -0.7161 -0.6318 -0.2966
vn -0.6556 -0.7046 -0.2715
vn -0.7417 0.6318 -0.2250
vn -0.7161 0.6318 -0.2966
vn -0.6097 -0.7708 -0.1849
vn -0.5886 -0.7708 -0.2438
vn -0.8444 -0.2886 -0.4513
vn -0.8156 -0.3806 -0.4359
vn -0.8652 -0.1939 -0.4625
vn -0.8157 -0.1939 -0.5450
vn -0.7961 -0.2886 -0.5319
vn -0.7689 -0.3806 -0.5138
vn -0.4183 0.8803 -0.2236
vn -0.4925 0.8295 -0.2633
vn -0.3400 0.9227 -0.1818
vn -0.3206 0.9227 -0.2142
vn -0.3944 0.8803 -0.2635
vn -0.4644 0.8295 -0.3103
vn -0.7789 -0.4690 -0.4163
vn -0.7348 -0.5530 -0.3928
vn -0.7344 -0.4690 -0.4907
vn -0.6928 -0.5530 -0.4629
vn -0.5619 0.7708 -0.3003
vn -0.6258 0.7046 -0.3345
vn -0.5297 0.7708 -0.3540
vn -0.5900 0.7046 -0.3942
vn -0.6836 -0.6318 -0.3654
vn -0.6258 -0.7046 -0.3345
vn -0.6445 -0.6318 -0.4306
vn -0.5900 -0.7046 -0.3942
vn -0.6836 0.6318 -0.3654
vn -0.7348 0.5530 -0.3928
vn -0.6445 0.6318 -0.4306
vn -0.6928 0.5530 -0.4629
vn -0.5619 -0.7708 -0.3003
vn -0.4925 -0.8295 -0.2633
vn -0.5297 -0.7708 -0.3540
vn -0.4644 -0.8295 -0.3103
vn -0.7789 0.4690 -0.4163
vn -0.8156 0.3806 -0.4359
vn -0.7344 0.4690 -0.4907
vn -0.7689 0.3806 -0.5138
vn -0.4183 -0.8803 -0.2236
vn -0.3400 -0.9227 -0.1818
vn -0.3944 -0.8803 -0.2635
vn -0.3206 -0.9227 -0.2142
vn -0.8444 0.2886 -0.4513
vn -0.8652 0.1939 -0.4625
vn -0.7961 0.2886 -0.5319
vn -0.8157 0.1939 -0.5450
vn -0.2621 -0.9548 -0.1401
vn -0.1877 -0.9771 -0.1003
vn -0.2476 -0.9546 -0.1655
vn -0.1687 -0.9792 -0.1127
vn -0.8777 0.0974 -0.4692
vn -0.8819 0.0000 -0.4714
vn -0.8275 0.0974 -0.5529
vn -0.8315 0.0000 -0.5556
vn -0.1273 0.9895 -0.0681
vn -0.1877 0.9771 -0.1003
vn -0.0878 0.9944 -0.0587
vn -0.1687 0.9792 -0.1127
vn -0.1273 -0.9895 -0.0681
vn -0.0878 -0.9944 -0.0587
vn -0.8777 -0.0974 -0.4692
vn -0.8275 -0.0974 -0.5529
vn -0.2621 0.9548 -0.1401
vn -0.2476 0.9546 -0.1655
vn -0.3667 -0.8803 -0.3009
vn -0.2980 -0.9227 -0.2446
vn -0.4317 -0.8295 -0.3543
vn -0.3949 -0.8295 -0.3949
vn -0.3354 -0.8803 -0.3354
vn -0.2726 -0.9227 -0.2726
vn -0.7401 0.2886 -0.6074
vn -0.7583 0.1939 -0.6224
vn -0.7148 0.3806 -0.5867
vn -0.6539 0.3806 -0.6539
vn -0.6770 0.2886 -0.6770
vn -0.6937 0.1939 -0.6937
vn -0.2298 -0.9548 -0.1886
vn -0.1645 -0.9771 -0.1350
vn -0.2106 -0.9546 -0.2106
vn -0.1434 -0.9792 -0.1434
vn -0.7693 0.0974 -0.6314
vn -0.7730 0.0000 -0.6344
vn -0.7037 0.0974 -0.7037
vn -0.7071 -0.0000 -0.7071
vn -0.1116 0.9895 -0.0916
vn -0.1645 0.9771 -0.1350
vn -0.0747 0.9944 -0.0747
vn -0.1434 0.9792 -0.1434
vn -0.1116 -0.9895 -0.0916
vn -0.0747 -0.9944 -0.0747
vn -0.7693 -0.0974 -0.6314
vn -0.7583 -0.1939 -0.6224
vn -0.7037 -0.0974 -0.7037
vn -0.6937 -0.1939 -0.6937
vn -0.2298 0.9548 -0.1886
vn -0.2980 0.9227 -0.2446
vn -0.2106 0.9546 -0.2106
vn -0.2726 0.9227 -0.2726
vn -0.7401 -0.2886 -0.6074
vn -0.7148 -0.3806 -0.5867
vn -0.6770 -0.2886 -0.6770
vn -0.6539 -0.3806 -0.6539
vn -0.3667 0.8803 -0.3009
vn -0.4317 0.8295 -0.3543
vn -0.3354 0.8803 -0.3354
vn -0.3949 0.8295 -0.3949
vn -0.6827 -0.4690 -0.5603
vn -0.6440 -0.5530 -0.5286
vn -0.6245 -0.4690 -0.6245
vn -0.5891 -0.5530 -0.5891
vn -0.4925 0.7708 -0.4042
vn -0.5485 0.7046 -0.4501
vn -0.4505 0.7708 -0.4505
vn -0.5017 0.7046 -0.5017
vn -0.5992 -0.6318 -0.4917
vn -0.5485 -0.7046 -0.4501
vn -0.5481 -0.6318 -0.5481
vn -0.5017 -0.7046 -0.5017
vn -0.5992 0.6318 -0.4917
vn -0.6440 0.5530 -0.5286
vn -0.5481 0.6318 -0.5481
vn -0.5891 0.5530 -0.5891
vn -0.4925 -0.7708 -0.4042
vn -0.4505 -0.7708 -0.4505
vn -0.6827 0.4690 -0.5603
vn -0.6245 0.4690 -0.6245
vn -0.5603 -0.4690 -0.6827
vn -0.5286 -0.5530 -0.6440
vn -0.5867 -0.3806 -0.7148
vn -0.5138 -0.3806 -0.7689
vn -0.4907 -0.4690 -0.7344
vn -0.4629 -0.5530 -0.6928
vn -0.4042 0.7708 -0.4925
vn -0.4501 0.7046 -0.5485
vn -0.3543 0.8295 -0.4317
vn -0.3103 0.8295 -0.4644
vn -0.3540 0.7708 -0.5297
vn -0.3942 0.7046 -0.5900
vn -0.4917 -0.6318 -0.5992
vn -0.4501 -0.7046 -0.5485
vn -0.4306 -0.6318 -0.6445
vn -0.3942 -0.7046 -0.5900
vn -0.4917 0.6318 -0.5992
vn -0.5286 0.5530 -0.6440
vn -0.4306 0.6318 -0.6445
vn -0.4629 0.5530 -0.6928
vn -0.4042 -0.7708 -0.4925
vn -0.3543 -0.8295 -0.4317
vn -0.3540 -0.7708 -0.5297
vn -0.3103 -0.8295 -0.4644
vn -0.5603 0.4690 -0.6827
vn -0.5867 0.3806 -0.7148
vn -0.4907 0.4690 -0.7344
vn -0.5138 0.3806 -0.7689
vn -0.3009 -0.8803 -0.3667
vn -0.2446 -0.9227 -0.2980
vn -0.2635 -0.8803 -0.3944
vn -0.2142 -0.9227 -0.3206
vn -0.6074 0.2886 -0.7401
vn -0.6224 0.1939 -0.7583
vn -0.5319 0.2886 -0.7961
vn -0.5450 0.1939 -0.8157
vn -0.1886 -0.9548 -0.2298
vn -0.1350 -0.9771 -0.1645
vn -0.1655 -0.9546 -0.2476
vn -0.1127 -0.9792 -0.1687
vn -0.6314 0.0974 -0.7693
vn -0.6344 -0.0000 -0.7730
vn -0.5529 0.0974 -0.8275
vn -0.5556 -0.0000 -0.8315
vn -0.0916 0.9895 -0.1116
vn -0.1350 0.9771 -0.1645
vn -0.0587 0.9944 -0.0878
vn -0.1127 0.9792 -0.1687
vn -0.0916 -0.9895 -0.1116
vn -0.0587 -0.9944 -0.0878
vn -0.6314 -0.0974 -0.7693
vn -0.6224 -0.1939 -0.7583
vn -0.5529 -0.0974 -0.8275
vn -0.5450 -0.1939 -0.8157
vn -0.1886 0.9548 -0.2298
vn -0.2446 0.9227 -0.2980
vn -0.1655 0.9546 -0.2476
vn -0.2142 0.9227 -0.3206
vn -0.6074 -0.2886 -0.7401
vn -0.5319 -0.2886 -0.7961
vn -0.3009 0.8803 -0.3667
vn -0.2635 0.8803 -0.3944
vn -0.1401 -0.9548 -0.2621
vn -0.1003 -0.9771 -0.1877
vn -0.1818 -0.9227 -0.3400
vn -0.1475 -0.9227 -0.3562
vn -0.1140 -0.9546 -0.2751
vn -0.0776 -0.9792 -0.1874
vn -0.4692 0.0974 -0.8777
vn -0.4714 0.0000 -0.8819
vn -0.4624 0.1939 -0.8652
vn -0.3754 0.1939 -0.9063
vn -0.3809 0.0974 -0.9195
vn -0.3827 0.0000 -0.9239
vn -0.0681 0.9895 -0.1273
vn -0.1003 0.9771 -0.1877
vn -0.0404 0.9944 -0.0976
vn -0.0776 0.9792 -0.1874
vn -0.0681 -0.9895 -0.1273
vn -0.0404 -0.9944 -0.0976
vn -0.4692 -0.0974 -0.8777
vn -0.4625 -0.1939 -0.8652
vn -0.3809 -0.0974 -0.9195
vn -0.3754 -0.1939 -0.9063
vn -0.1401 0.9548 -0.2621
vn -0.1818 0.9227 -0.3400
vn -0.1140 0.9546 -0.2751
vn -0.1475 0.9227 -0.3562
vn -0.4513 -0.2886 -0.8444
vn -0.4359 -0.3806 -0.8156
vn -0.3664 -0.2886 -0.8846
vn -0.3539 -0.3806 -0.8544
vn -0.2236 0.8803 -0.4183
vn -0.2633 0.8295 -0.4925
vn -0.1815 0.8803 -0.4382
vn -0.2137 0.8295 -0.5160
vn -0.4163 -0.4690 -0.7789
vn -0.3928 -0.5530 -0.7348
vn -0.3380 -0.4690 -0.8160
vn -0.3188 -0.5530 -0.7697
vn -0.3003 0.7708 -0.5619
vn -0.3345 0.7046 -0.6258
vn -0.2438 0.7708 -0.5886
vn -0.2715 0.7046 -0.6556
vn -0.3654 -0.6318 -0.6836
vn -0.3345 -0.7046 -0.6258
vn -0.2966 -0.6318 -0.7161
vn -0.2715 -0.7046 -0.6556
vn -0.3654 0.6318 -0.6836
vn -0.3928 0.5530 -0.7348
vn -0.2966 0.6318 -0.7161
vn -0.3188 0.5530 -0.7697
vn -0.3003 -0.7708 -0.5619
vn -0.2633 -0.8295 -0.4925
vn -0.2438 -0.7708 -0.5886
vn -0.2137 -0.8295 -0.5160
vn -0.4163 0.4690 -0.7789
vn -0.4359 0.3806 -0.8156
vn -0.3380 0.4690 -0.8160
vn -0.3539 0.3806 -0.8544
vn -0.2236 -0.8803 -0.4183
vn -0.1815 -0.8803 -0.4382
vn -0.4513 0.2886 -0.8444
vn -0.3664 0.2886 -0.8846
vn -0.1849 0.7708 -0.6097
vn -0.2060 0.7046 -0.6790
vn -0.1621 0.8295 -0.5344
vn -0.1090 0.8295 -0.5477
vn -0.1243 0.7708 -0.6249
vn -0.1384 0.7046 -0.6959
vn -0.2250 -0.6318 -0.7417
vn -0.2060 -0.7046 -0.6790
vn -0.2419 -0.5530 -0.7973
vn -0.1625 -0.5530 -0.8172
vn -0.1512 -0.6318 -0.7602
vn -0.1384 -0.7046 -0.6959
vn -0.2250 0.6318 -0.7417
vn -0.2419 0.5530 -0.7973
vn -0.1512 0.6318 -0.7602
vn -0.1625 0.5530 -0.8172
vn -0.1849 -0.7708 -0.6097
vn -0.1621 -0.8295 -0.5344
vn -0.1243 -0.7708 -0.6249
vn -0.1090 -0.8295 -0.5477
vn -0.2564 0.4690 -0.8452
vn -0.2684 0.3806 -0.8849
vn -0.1723 0.4690 -0.8662
vn -0.1804 0.3806 -0.9070
vn -0.1377 -0.8803 -0.4539
vn -0.1119 -0.9227 -0.3690
vn -0.0925 -0.8803 -0.4652
vn -0.0752 -0.9227 -0.3782
vn -0.2779 0.2886 -0.9162
vn -0.2848 0.1939 -0.9388
vn -0.1868 0.2886 -0.9391
vn -0.1914 0.1939 -0.9622
vn -0.0863 -0.9548 -0.2844
vn -0.0618 -0.9771 -0.2036
vn -0.0581 -0.9546 -0.2921
vn -0.0396 -0.9792 -0.1990
vn -0.2889 0.0974 -0.9524
vn -0.2903 0.0000 -0.9569
vn -0.1942 0.0974 -0.9761
vn -0.1951 -0.0000 -0.9808
vn -0.0419 0.9895 -0.1381
vn -0.0618 0.9771 -0.2036
vn -0.0206 0.9944 -0.1036
vn -0.0396 0.9792 -0.1990
vn -0.0419 -0.9895 -0.1381
vn -0.0206 -0.9944 -0.1036
vn -0.2889 -0.0974 -0.9524
vn -0.2848 -0.1939 -0.9388
vn -0.1942 -0.0974 -0.9761
vn -0.1914 -0.1939 -0.9622
vn -0.0863 0.9548 -0.2844
vn -0.1119 0.9227 -0.3690
vn -0.0581 0.9546 -0.2921
vn -0.0752 0.9227 -0.3782
vn -0.2779 -0.2886 -0.9162
vn -0.2684 -0.3806 -0.8849
vn -0.1868 -0.2886 -0.9391
vn -0.1804 -0.3806 -0.9070
vn -0.1377 0.8803 -0.4539
vn -0.0925 0.8803 -0.4652
vn -0.2564 -0.4690 -0.8452
vn -0.1723 -0.4690 -0.8662
vn -0.0976 0.0974 -0.9905
vn -0.0980 -0.0000 -0.9952
vn -0.0962 0.1939 -0.9763
vn -0.0142 0.9895 -0.1437
vn -0.0209 0.9771 -0.2118
vn -0.0142 -0.9895 -0.1437
vn -0.0209 -0.9771 -0.2118
vn -0.0976 -0.0974 -0.9905
vn -0.0962 -0.1939 -0.9763
vn -0.0291 0.9548 -0.2958
vn -0.0378 0.9227 -0.3837
vn -0.0939 -0.2886 -0.9528
vn -0.0906 -0.3806 -0.9203
vn -0.0465 0.8803 -0.4721
vn -0.0547 0.8295 -0.5558
vn -0.0866 -0.4690 -0.8789
vn -0.0817 -0.5530 -0.8292
vn -0.0624 0.7708 -0.6341
vn -0.0695 0.7046 -0.7061
vn -0.0760 -0.6318 -0.7714
vn -0.0695 -0.7046 -0.7062
vn -0.0760 0.6318 -0.7714
vn -0.0817 0.5530 -0.8292
vn -0.0624 -0.7708 -0.6341
vn -0.0547 -0.8295 -0.5558
vn -0.0866 0.4690 -0.8789
vn -0.0906 0.3806 -0.9203
vn -0.0465 -0.8803 -0.4721
vn -0.0378 -0.9227 -0.3837
vn -0.0939 0.2886 -0.9528
vn -0.0291 -0.9548 -0.2958
usemtl Material.001
s 1
f 1//1 2//2 3//3 4//4
f 1//1 4//4 5//5 6//6
f 1//1 6//6 7//7 8//8
f 1//1 8//8 9//9 2//2
f 10//10 11//11 12//12 13//13
f 10//10 13//13 14//14 15//15
f 10//10 15//15 16//16 17//17
f 10//10 17//17 18//18 11//11
f 19//19 20//20 21//21 22//22
f 19//19 22//22 23//23 24//24
f 19//19 24//24 25//25 20//20
f 26//26 27//27 28//28 29//29
f 26//26 29//29 3//3 2//2
f 26//26 2//2 9//9 27//27
f 30//30 31//31 32//32 33//33
f 30//30 33//33 12//12 11//11
f 30//30 11//11 18//18 34//34
f 30//30 34//34 35//35 31//31
f 36//36 37//37 38//38 39//39
f 36//36 39//39 21//21 20//20
f 36//36 20//20 25//25 40//40
f 36//36 40//40 41//41 37//37
f 42//42 43//43 44//44 45//45
f 42//42 45//45 32//32 31//31
f 42//42 31//31 35//35 46//46
f 42//42 46//46 47//47 43//43
f 48//48 49//49 50//50 51//51
f 48//48 51//51 38//38 37//37
f 48//48 37//37 41//41 52//52
f 48//48 52//52 53//53 49//49
f 54//54 55//55 56//56 57//57
f 54//54 57//57 44//44 43//43
f 54//54 43//43 47//47 58//58
f 54//54 58//58 59//59 55//55
f 60//60 61//61 62//62 63//63
f 60//60 63//63 50//50 49//49
f 60//60 49//49 53//53 64//64
f 60//60 64//64 65//65 61//61
f 66//66 67//67 68//68 69//69
f 66//66 69//69 56//56 55//55
f 66//66 55//55 59//59 70//70
f 66//66 70//70 71//71 67//67
f 72//72 73//73 74//74 75//75
f 72//72 75//75 62//62 61//61
f 72//72 61//61 65//65 76//76
f 72//72 76//76 77//77 73//73
f 78//78 79//79 80//80 81//81
f 78//78 81//81 68//68 67//67
f 78//78 67//67 71//71 82//82
f 78//78 82//82 83//83 79//79
f 84//84 85//85 86//86 87//87
f 84//84 87//87 74//74 73//73
f 84//84 73//73 77//77 88//88
f 84//84 88//88 89//89 85//85
f 90//90 6//6 5//5 91//91
f 90//90 91//91 80//80 79//79
f 90//90 79//79 83//83 92//92
f 90//90 92//92 7//7 6//6
f 93//93 15//15 14//14 94//94
f 93//93 94//94 86//86 85//85
f 93//93 85//85 89//89 95//95
f 93//93 95//95 16//16 15//15
f 96//96 97//97 7//7 92//92
f 96//96 92//92 83//83 98//98
f 96//96 98//98 99//99 100//100
f 96//96 100//100 101//101 97//97
f 102//102 103//103 16//16 95//95
f 102//102 95//95 89//89 104//104
f 102//102 104//104 105//105 106//106
f 102//102 106//106 107//107 103//103
f 108//108 109//109 9//9 8//8
f 108//108 8//8 7//7 97//97
f 108//108 97//97 101//101 110//110
f 108//108 110//110 111//111 109//109
f 112//112 113//113 18//18 17//17
f 112//112 17//17 16//16 103//103
f 112//112 103//103 107//107 114//114
f 112//112 114//114 115//115 113//113
f 116//116 117//117 25//25 24//24
f 116//116 24//24 23//23 118//118
f 116//116 118//118 119//119 117//117
f 120//120 121//121 28//28 27//27
f 120//120 27//27 9//9 109//109
f 120//120 109//109 111//111 121//121
f 122//122 123//123 35//35 34//34
f 122//122 34//34 18//18 113//113
f 122//122 113//113 115//115 124//124
f 122//122 124//124 125//125 123//123
f 126//126 127//127 41//41 40//40
f 126//126 40//40 25//25 117//117
f 126//126 117//117 119//119 128//128
f 126//126 128//128 129//129 127//127
f 130//130 131//131 47//47 46//46
f 130//130 46//46 35//35 123//123
f 130//130 123//123 125//125 132//132
f 130//130 132//132 133//133 131//131
f 134//134 135//135 53//53 52//52
f 134//134 52//52 41//41 127//127
f 134//134 127//127 129//129 136//136
f 134//134 136//136 137//137 135//135
f 138//138 139//139 59//59 58//58
f 138//138 58//58 47//47 131//131
f 138//138 131//131 133//133 140//140
f 138//138 140//140 141//141 139//139
f 142//142 143//143 65//65 64//64
f 142//142 64//64 53//53 135//135
f 142//142 135//135 137//137 144//144
f 142//142 144//144 145//145 143//143
f 146//146 147//147 71//71 70//70
f 146//146 70//70 59//59 139//139
f 146//146 139//139 141//141 148//148
f 146//146 148//148 149//149 147//147
f 150//150 151//151 77//77 76//76
f 150//150 76//76 65//65 143//143
f 150//150 143//143 145//145 152//152
f 150//150 152//152 153//153 151//151
f 154//154 98//98 83//83 82//82
f 154//154 82//82 71//71 147//147
f 154//154 147//147 149//149 155//155
f 154//154 155//155 99//99 98//98
f 156//156 104//104 89//89 88//88
f 156//156 88//88 77//77 151//151
f 156//156 151//151 153//153 157//157
f 156//156 157//157 105//105 104//104
f 158//158 159//159 137//137 136//136
f 158//158 136//136 129//129 160//160
f 158//158 160//160 161//161 162//162
f 158//158 162//162 163//163 159//159
f 164//164 165//165 141//141 140//140
f 164//164 140//140 133//133 166//166
f 164//164 166//166 167//167 168//168
f 164//164 168//168 169//169 165//165
f 170//170 171//171 145//145 144//144
f 170//170 144//144 137//137 159//159
f 170//170 159//159 163//163 172//172
f 170//170 172//172 173//173 171//171
f 174//174 175//175 149//149 148//148
f 174//174 148//148 141//141 165//165
f 174//174 165//165 169//169 176//176
f 174//174 176//176 177//177 175//175
f 178//178 179//179 153//153 152//152
f 178//178 152//152 145//145 171//171
f 178//178 171//171 173//173 180//180
f 178//178 180//180 181//181 179//179
f 182//182 183//183 99//99 155//155
f 182//182 155//155 149//149 175//175
f 182//182 175//175 177//177 184//184
f 182//182 184//184 185//185 183//183
f 186//186 187//187 105//105 157//157
f 186//186 157//157 153//153 179//179
f 186//186 179//179 181//181 188//188
f 186//186 188//188 189//189 187//187
f 190//190 191//191 101//101 100//100
f 190//190 100//100 99//99 183//183
f 190//190 183//183 185//185 192//192
f 190//190 192//192 193//193 191//191
f 194//194 195//195 107//107 106//106
f 194//194 106//106 105//105 187//187
f 194//194 187//187 189//189 196//196
f 194//194 196//196 197//197 195//195
f 198//198 199//199 111//111 110//110
f 198//198 110//110 101//101 191//191
f 198//198 191//191 193//193 200//200
f 198//198 200//200 201//201 199//199
f 202//202 203//203 115//115 114//114
f 202//202 114//114 107//107 195//195
f 202//202 195//195 197//197 204//204
f 202//202 204//204 205//205 203//203
f 206//206 207//207 119//119 118//118
f 206//206 118//118 23//23 208//208
f 206//206 208//208 209//209 207//207
f 210//210 211//211 28//28 121//121
f 210//210 121//121 111//111 199//199
f 210//210 199//199 201//201 211//211
f 212//212 213//213 125//125 124//124
f 212//212 124//124 115//115 203//203
f 212//212 203//203 205//205 214//214
f 212//212 214//214 215//215 213//213
f 216//216 160//160 129//129 128//128
f 216//216 128//128 119//119 207//207
f 216//216 207//207 209//209 217//217
f 216//216 217//217 161//161 160//160
f 218//218 166//166 133//133 132//132
f 218//218 132//132 125//125 213//213
f 218//218 213//213 215//215 219//219
f 218//218 219//219 167//167 166//166
f 220//220 221//221 197//197 196//196
f 220//220 196//196 189//189 222//222
f 220//220 222//222 223//223 224//224
f 220//220 224//224 225//225 221//221
f 226//226 227//227 201//201 200//200
f 226//226 200//200 193//193 228//228
f 226//226 228//228 229//229 230//230
f 226//226 230//230 231//231 227//227
f 232//232 233//233 205//205 204//204
f 232//232 204//204 197//197 221//221
f 232//232 221//221 225//225 234//234
f 232//232 234//234 235//235 233//233
f 236//236 237//237 209//209 208//208
f 236//236 208//208 23//23 238//238
f 236//236 238//238 239//239 237//237
f 240//240 241//241 28//28 211//211
f 240//240 211//211 201//201 227//227
f 240//240 227//227 231//231 241//241
f 242//242 243//243 215//215 214//214
f 242//242 214//214 205//205 233//233
f 242//242 233//233 235//235 244//244
f 242//242 244//244 245//245 243//243
f 246//246 247//247 161//161 217//217
f 246//246 217//217 209//209 237//237
f 246//246 237//237 239//239 248//248
f 246//246 248//248 249//249 247//247
f 250//250 251//251 167//167 219//219
f 250//250 219//219 215//215 243//243
f 250//250 243//243 245//245 252//252
f 250//250 252//252 253//253 251//251
f 254//254 255//255 163//163 162//162
f 254//254 162//162 161//161 247//247
f 254//254 247//247 249//249 256//256
f 254//254 256//256 257//257 255//255
f 258//258 259//259 169//169 168//168
f 258//258 168//168 167//167 251//251
f 258//258 251//251 253//253 260//260
f 258//258 260//260 261//261 259//259
f 262//262 263//263 173//173 172//172
f 262//262 172//172 163//163 255//255
f 262//262 255//255 257//257 264//264
f 262//262 264//264 265//265 263//263
f 266//266 267//267 177//177 176//176
f 266//266 176//176 169//169 259//259
f 266//266 259//259 261//261 268//268
f 266//266 268//268 269//269 267//267
f 270//270 271//271 181//181 180//180
f 270//270 180//180 173//173 263//263
f 270//270 263//263 265//265 272//272
f 270//270 272//272 273//273 271//271
f 274//274 275//275 185//185 184//184
f 274//274 184//184 177//177 267//267
f 274//274 267//267 269//269 276//276
f 274//274 276//276 277//277 275//275
f 278//278 222//222 189//189 188//188
f 278//278 188//188 181//181 271//271
f 278//278 271//271 273//273 279//279
f 278//278 279//279 223//223 222//222
f 280//280 228//228 193//193 192//192
f 280//280 192//192 185//185 275//275
f 280//280 275//275 277//277 281//281
f 280//280 281//281 229//229 228//228
f 282//282 283//283 261//261 260//260
f 282//282 260//260 253//253 284//284
f 282//282 284//284 285//285 286//286
f 282//282 286//286 287//287 283//283
f 288//288 289//289 265//265 264//264
f 288//288 264//264 257//257 290//290
f 288//288 290//290 291//291 292//292
f 288//288 292//292 293//293 289//289
f 294//294 295//295 269//269 268//268
f 294//294 268//268 261//261 283//283
f 294//294 283//283 287//287 296//296
f 294//294 296//296 297//297 295//295
f 298//298 299//299 273//273 272//272
f 298//298 272//272 265//265 289//289
f 298//298 289//289 293//293 300//300
f 298//298 300//300 301//301 299//299
f 302//302 303//303 277//277 276//276
f 302//302 276//276 269//269 295//295
f 302//302 295//295 297//297 304//304
f 302//302 304//304 305//305 303//303
f 306//306 307//307 223//223 279//279
f 306//306 279//279 273//273 299//299
f 306//306 299//299 301//301 308//308
f 306//306 308//308 309//309 307//307
f 310//310 311//311 229//229 281//281
f 310//310 281//281 277//277 303//303
f 310//310 303//303 305//305 312//312
f 310//310 312//312 313//313 311//311
f 314//314 315//315 225//225 224//224
f 314//314 224//224 223//223 307//307
f 314//314 307//307 309//309 316//316
f 314//314 316//316 317//317 315//315
f 318//318 319//319 231//231 230//230
f 318//318 230//230 229//229 311//311
f 318//318 311//311 313//313 320//320
f 318//318 320//320 321//321 319//319
f 322//322 323//323 235//235 234//234
f 322//322 234//234 225//225 315//315
f 322//322 315//315 317//317 324//324
f 322//322 324//324 325//325 323//323
f 326//326 327//327 239//239 238//238
f 326//326 238//238 23//23 328//328
f 326//326 328//328 329//329 327//327
f 330//330 331//331 28//28 241//241
f 330//330 241//241 231//231 319//319
f 330//330 319//319 321//321 331//331
f 332//332 333//333 245//245 244//244
f 332//332 244//244 235//235 323//323
f 332//332 323//323 325//325 334//334
f 332//332 334//334 335//335 333//333
f 336//336 337//337 249//249 248//248
f 336//336 248//248 239//239 327//327
f 336//336 327//327 329//329 338//338
f 336//336 338//338 339//339 337//337
f 340//340 284//284 253//253 252//252
f 340//340 252//252 245//245 333//333
f 340//340 333//333 335//335 341//341
f 340//340 341//341 285//285 284//284
f 342//342 290//290 257//257 256//256
f 342//342 256//256 249//249 337//337
f 342//342 337//337 339//339 343//343
f 342//342 343//343 291//291 290//290
f 344//344 345//345 321//321 320//320
f 344//344 320//320 313//313 346//346
f 344//344 346//346 347//347 348//348
f 344//344 348//348 349//349 345//345
f 350//350 351//351 325//325 324//324
f 350//350 324//324 317//317 352//352
f 350//350 352//352 353//353 354//354
f 350//350 354//354 355//355 351//351
f 356//356 357//357 329//329 328//328
f 356//356 328//328 23//23 358//358
f 356//356 358//358 359//359 357//357
f 360//360 361//361 28//28 331//331
f 360//360 331//331 321//321 345//345
f 360//360 345//345 349//349 361//361
f 362//362 363//363 335//335 334//334
f 362//362 334//334 325//325 351//351
f 362//362 351//351 355//355 364//364
f 362//362 364//364 365//365 363//363
f 366//366 367//367 339//339 338//338
f 366//366 338//338 329//329 357//357
f 366//366 357//357 359//359 368//368
f 366//366 368//368 369//369 367//367
f 370//370 371//371 285//285 341//341
f 370//370 341//341 335//335 363//363
f 370//370 363//363 365//365 372//372
f 370//370 372//372 373//373 371//371
f 374//374 375//375 291//291 343//343
f 374//374 343//343 339//339 367//367
f 374//374 367//367 369//369 376//376
f 374//374 376//376 377//377 375//375
f 378//378 379//379 287//287 286//286
f 378//378 286//286 285//285 371//371
f 378//378 371//371 373//373 380//380
f 378//378 380//380 381//381 379//379
f 382//382 383//383 293//293 292//292
f 382//382 292//292 291//291 375//375
f 382//382 375//375 377//377 384//384
f 382//382 384//384 385//385 383//383
f 386//386 387//387 297//297 296//296
f 386//386 296//296 287//287 379//379
f 386//386 379//379 381//381 388//388
f 386//386 388//388 389//389 387//387
f 390//390 391//391 301//301 300//300
f 390//390 300//300 293//293 383//383
f 390//390 383//383 385//385 392//392
f 390//390 392//392 393//393 391//391
f 394//394 395//395 305//305 304//304
f 394//394 304//304 297//297 387//387
f 394//394 387//387 389//389 396//396
f 394//394 396//396 397//397 395//395
f 398//398 399//399 309//309 308//308
f 398//398 308//308 301//301 391//391
f 398//398 391//391 393//393 400//400
f 398//398 400//400 401//401 399//399
f 402//402 346//346 313//313 312//312
f 402//402 312//312 305//305 395//395
f 402//402 395//395 397//397 403//403
f 402//402 403//403 347//347 346//346
f 404//404 352//352 317//317 316//316
f 404//404 316//316 309//309 399//399
f 404//404 399//399 401//401 405//405
f 404//404 405//405 353//353 352//352
f 406//406 407//407 385//385 384//384
f 406//406 384//384 377//377 408//408
f 406//406 408//408 409//409 410//410
f 406//406 410//410 411//411 407//407
f 412//412 413//413 389//389 388//388
f 412//412 388//388 381//381 414//414
f 412//412 414//414 415//415 416//416
f 412//412 416//416 417//417 413//413
f 418//418 419//419 393//393 392//392
f 418//418 392//392 385//385 407//407
f 418//418 407//407 411//411 420//420
f 418//418 420//420 421//421 419//419
f 422//422 423//423 397//397 396//396
f 422//422 396//396 389//389 413//413
f 422//422 413//413 417//417 424//424
f 422//422 424//424 425//425 423//423
f 426//426 427//427 401//401 400//400
f 426//426 400//400 393//393 419//419
f 426//426 419//419 421//421 428//428
f 426//426 428//428 429//429 427//427
f 430//430 431//431 347//347 403//403
f 430//430 403//403 397//397 423//423
f 430//430 423//423 425//425 432//432
f 430//430 432//432 433//433 431//431
f 434//434 435//435 353//353 405//405
f 434//434 405//405 401//401 427//427
f 434//434 427//427 429//429 436//436
f 434//434 436//436 437//437 435//435
f 438//438 439//439 349//349 348//348
f 438//438 348//348 347//347 431//431
f 438//438 431//431 433//433 440//440
f 438//438 440//440 441//441 439//439
f 442//442 443//443 355//355 354//354
f 442//442 354//354 353//353 435//435
f 442//442 435//435 437//437 444//444
f 442//442 444//444 445//445 443//443
f 446//446 447//447 359//359 358//358
f 446//446 358//358 23//23 448//448
f 446//446 448//448 449//449 447//447
f 450//450 451//451 28//28 361//361
f 450//450 361//361 349//349 439//439
f 450//450 439//439 441//441 451//451
f 452//452 453//453 365//365 364//364
f 452//452 364//364 355//355 443//443
f 452//452 443//443 445//445 454//454
f 452//452 454//454 455//455 453//453
f 456//456 457//457 369//369 368//368
f 456//456 368//368 359//359 447//447
f 456//456 447//447 449//449 458//458
f 456//456 458//458 459//459 457//457
f 460//460 461//461 373//373 372//372
f 460//460 372//372 365//365 453//453
f 460//460 453//453 455//455 462//462
f 460//460 462//462 463//463 461//461
f 464//464 408//408 377//377 376//376
f 464//464 376//376 369//369 457//457
f 464//464 457//457 459//459 465//465
f 464//464 465//465 409//409 408//408
f 466//466 414//414 381//381 380//380
f 466//466 380//380 373//373 461//461
f 466//466 461//461 463//463 467//467
f 466//466 467//467 415//415 414//414
f 468//468 469//469 445//445 444//444
f 468//468 444//444 437//437 470//470
f 468//468 470//470 471//471 472//472
f 468//468 472//472 473//473 469//469
f 474//474 475//475 449//449 448//448
f 474//474 448//448 23//23 476//476
f 474//474 476//476 477//477 475//475
f 478//478 479//479 28//28 451//451
f 478//478 451//451 441//441 480//480
f 478//478 480//480 481//481 479//479
f 482//482 483//483 455//455 454//454
f 482//482 454//454 445//445 469//469
f 482//482 469//469 473//473 484//484
f 482//482 484//484 485//485 483//483
f 486//486 487//487 459//459 458//458
f 486//486 458//458 449//449 475//475
f 486//486 475//475 477//477 488//488
f 486//486 488//488 489//489 487//487
f 490//490 491//491 463//463 462//462
f 490//490 462//462 455//455 483//483
f 490//490 483//483 485//485 492//492
f 490//490 492//492 493//493 491//491
f 494//494 495//495 409//409 465//465
f 494//494 465//465 459//459 487//487
f 494//494 487//487 489//489 496//496
f 494//494 496//496 497//497 495//495
f 498//498 499//499 415//415 467//467
f 498//498 467//467 463//463 491//491
f 498//498 491//491 493//493 500//500
f 498//498 500//500 501//501 499//499
f 502//502 503//503 411//411 410//410
f 502//502 410//410 409//409 495//495
f 502//502 495//495 497//497 504//504
f 502//502 504//504 505//505 503//503
f 506//506 507//507 417//417 416//416
f 506//506 416//416 415//415 499//499
f 506//506 499//499 501//501 508//508
f 506//506 508//508 509//509 507//507
f 510//510 511//511 421//421 420//420
f 510//510 420//420 411//411 503//503
f 510//510 503//503 505//505 512//512
f 510//510 512//512 513//513 511//511
f 514//514 515//515 425//425 424//424
f 514//514 424//424 417//417 507//507
f 514//514 507//507 509//509 516//516
f 514//514 516//516 517//517 515//515
f 518//518 519//519 429//429 428//428
f 518//518 428//428 421//421 511//511
f 518//518 511//511 513//513 520//520
f 518//518 520//520 521//521 519//519
f 522//522 523//523 433//433 432//432
f 522//522 432//432 425//425 515//515
f 522//522 515//515 517//517 524//524
f 522//522 524//524 525//525 523//523
f 526//526 470//470 437//437 436//436
f 526//526 436//436 429//429 519//519
f 526//526 519//519 521//521 527//527
f 526//526 527//527 471//471 470//470
f 528//528 480//480 441//441 440//440
f 528//528 440//440 433//433 523//523
f 528//528 523//523 525//525 529//529
f 528//528 529//529 481//481 480//480
f 530//530 531//531 509//509 508//508
f 530//530 508//508 501//501 532//532
f 530//530 532//532 533//533 534//534
f 530//530 534//534 535//535 531//531
f 536//536 537//537 513//513 512//512
f 536//536 512//512 505//505 538//538
f 536//536 538//538 539//539 540//540
f 536//536 540//540 541//541 537//537
f 542//542 543//543 517//517 516//516
f 542//542 516//516 509//509 531//531
f 542//542 531//531 535//535 544//544
f 542//542 544//544 545//545 543//543
f 546//546 547//547 521//521 520//520
f 546//546 520//520 513//513 537//537
f 546//546 537//537 541//541 548//548
f 546//546 548//548 549//549 547//547
f 550//550 551//551 525//525 524//524
f 550//550 524//524 517//517 543//543
f 550//550 543//543 545//545 552//552
f 550//550 552//552 553//553 551//551
f 554//554 555//555 471//471 527//527
f 554//554 527//527 521//521 547//547
f 554//554 547//547 549//549 556//556
f 554//554 556//556 557//557 555//555
f 558//558 559//559 481//481 529//529
f 558//558 529//529 525//525 551//551
f 558//558 551//551 553//553 560//560
f 558//558 560//560 561//561 559//559
f 562//562 563//563 473//473 472//472
f 562//562 472//472 471//471 555//555
f 562//562 555//555 557//557 564//564
f 562//562 564//564 565//565 563//563
f 566//566 567//567 477//477 476//476
f 566//566 476//476 23//23 568//568
f 566//566 568//568 569//569 567//567
f 570//570 571//571 28//28 479//479
f 570//570 479//479 481//481 559//559
f 570//570 559//559 561//561 571//571
f 572//572 573//573 485//485 484//484
f 572//572 484//484 473//473 563//563
f 572//572 563//563 565//565 574//574
f 572//572 574//574 575//575 573//573
f 576//576 577//577 489//489 488//488
f 576//576 488//488 477//477 567//567
f 576//576 567//567 569//569 578//578
f 576//576 578//578 579//579 577//577
f 580//580 581//581 493//493 492//492
f 580//580 492//492 485//485 573//573
f 580//580 573//573 575//575 582//582
f 580//580 582//582 583//583 581//581
f 584//584 585//585 497//497 496//496
f 584//584 496//496 489//489 577//577
f 584//584 577//577 579//579 586//586
f 584//584 586//586 587//587 585//585
f 588//588 532//532 501//501 500//500
f 588//588 500//500 493//493 581//581
f 588//588 581//581 583//583 589//589
f 588//588 589//589 533//533 532//532
f 590//590 538//538 505//505 504//504
f 590//590 504//504 497//497 585//585
f 590//590 585//585 587//587 591//591
f 590//590 591//591 539//539 538//538
f 592//592 593//593 28//28 571//571
f 592//592 571//571 561//561 594//594
f 592//592 594//594 595//595 593//593
f 596//596 597//597 575//575 574//574
f 596//596 574//574 565//565 598//598
f 596//596 598//598 599//599 600//600
f 596//596 600//600 601//601 597//597
f 602//602 603//603 579//579 578//578
f 602//602 578//578 569//569 604//604
f 602//602 604//604 605//605 606//606
f 602//602 606//606 607//607 603//603
f 608//608 609//609 583//583 582//582
f 608//608 582//582 575//575 597//597
f 608//608 597//597 601//601 610//610
f 608//608 610//610 611//611 609//609
f 612//612 613//613 587//587 586//586
f 612//612 586//586 579//579 603//603
f 612//612 603//603 607//607 614//614
f 612//612 614//614 615//615 613//613
f 616//616 617//617 533//533 589//589
f 616//616 589//589 583//583 609//609
f 616//616 609//609 611//611 618//618
f 616//616 618//618 619//619 617//617
f 620//620 621//621 539//539 591//591
f 620//620 591//591 587//587 613//613
f 620//620 613//613 615//615 622//622
f 620//620 622//622 623//623 621//621
f 624//624 625//625 535//535 534//534
f 624//624 534//534 533//533 617//617
f 624//624 617//617 619//619 626//626
f 624//624 626//626 627//627 625//625
f 628//628 629//629 541//541 540//540
f 628//628 540//540 539//539 621//621
f 628//628 621//621 623//623 630//630
f 628//628 630//630 631//631 629//629
f 632//632 633//633 545//545 544//544
f 632//632 544//544 535//535 625//625
f 632//632 625//625 627//627 634//634
f 632//632 634//634 635//635 633//633
f 636//636 637//637 549//549 548//548
f 636//636 548//548 541//541 629//629
f 636//636 629//629 631//631 638//638
f 636//636 638//638 639//639 637//637
f 640//640 641//641 553//553 552//552
f 640//640 552//552 545//545 633//633
f 640//640 633//633 635//635 642//642
f 640//640 642//642 643//643 641//641
f 644//644 645//645 557//557 556//556
f 644//644 556//556 549//549 637//637
f 644//644 637//637 639//639 646//646
f 644//644 646//646 647//647 645//645
f 648//648 594//594 561//561 560//560
f 648//648 560//560 553//553 641//641
f 648//648 641//641 643//643 649//649
f 648//648 649//649 595//595 594//594
f 650//650 598//598 565//565 564//564
f 650//650 564//564 557//557 645//645
f 650//650 645//645 647//647 651//651
f 650//650 651//651 599//599 598//598
f 652//652 604//604 569//569 568//568
f 652//652 568//568 23//23 653//653
f 652//652 653//653 605//605 604//604
f 654//654 655//655 635//635 634//634
f 654//654 634//634 627//627 656//656
f 654//654 656//656 657//657 658//658
f 654//654 658//658 659//659 655//655
f 660//660 661//661 639//639 638//638
f 660//660 638//638 631//631 662//662
f 660//660 662//662 663//663 664//664
f 660//660 664//664 665//665 661//661
f 666//666 667//667 643//643 642//642
f 666//666 642//642 635//635 655//655
f 666//666 655//655 659//659 668//668
f 666//666 668//668 669//669 667//667
f 670//670 671//671 647//647 646//646
f 670//670 646//646 639//639 661//661
f 670//670 661//661 665//665 672//672
f 670//670 672//672 673//673 671//671
f 674//674 675//675 595//595 649//649
f 674//674 649//649 643//643 667//667
f 674//674 667//667 669//669 676//676
f 674//674 676//676 677//677 675//675
f 678//678 679//679 599//599 651//651
f 678//678 651//651 647//647 671//671
f 678//678 671//671 673//673 680//680
f 678//678 680//680 681//681 679//679
f 682//682 683//683 605//605 653//653
f 682//682 653//653 23//23 684//684
f 682//682 684//684 685//685 683//683
f 686//686 687//687 28//28 593//593
f 686//686 593//593 595//595 675//675
f 686//686 675//675 677//677 687//687
f 688//688 689//689 601//601 600//600
f 688//688 600//600 599//599 679//679
f 688//688 679//679 681//681 690//690
f 688//688 690//690 691//691 689//689
f 692//692 693//693 607//607 606//606
f 692//692 606//606 605//605 683//683
f 692//692 683//683 685//685 694//694
f 692//692 694//694 695//695 693//693
f 696//696 697//697 611//611 610//610
f 696//696 610//610 601//601 689//689
f 696//696 689//689 691//691 698//698
f 696//696 698//698 699//699 697//697
f 700//700 701//701 615//615 614//614
f 700//700 614//614 607//607 693//693
f 700//700 693//693 695//695 702//702
f 700//700 702//702 703//703 701//701
f 704//704 705//705 619//619 618//618
f 704//704 618//618 611//611 697//697
f 704//704 697//697 699//699 706//706
f 704//704 706//706 707//707 705//705
f 708//708 709//709 623//623 622//622
f 708//708 622//622 615//615 701//701
f 708//708 701//701 703//703 710//710
f 708//708 710//710 711//711 709//709
f 712//712 656//656 627//627 626//626
f 712//712 626//626 619//619 705//705
f 712//712 705//705 707//707 713//713
f 712//712 713//713 657//657 656//656
f 714//714 662//662 631//631 630//630
f 714//714 630//630 623//623 709//709
f 714//714 709//709 711//711 715//715
f 714//714 715//715 663//663 662//662
f 716//716 717//717 695//695 694//694
f 716//716 694//694 685//685 718//718
f 716//716 718//718 719//719 720//720
f 716//716 720//720 721//721 717//717
f 722//722 723//723 699//699 698//698
f 722//722 698//698 691//691 724//724
f 722//722 724//724 725//725 726//726
f 722//722 726//726 727//727 723//723
f 728//728 729//729 703//703 702//702
f 728//728 702//702 695//695 717//717
f 728//728 717//717 721//721 730//730
f 728//728 730//730 731//731 729//729
f 732//732 733//733 707//707 706//706
f 732//732 706//706 699//699 723//723
f 732//732 723//723 727//727 734//734
f 732//732 734//734 735//735 733//733
f 736//736 737//737 711//711 710//710
f 736//736 710//710 703//703 729//729
f 736//736 729//729 731//731 738//738
f 736//736 738//738 739//739 737//737
f 740//740 741//741 657//657 713//713
f 740//740 713//713 707//707 733//733
f 740//740 733//733 735//735 742//742
f 740//740 742//742 743//743 741//741
f 744//744 745//745 663//663 715//715
f 744//744 715//715 711//711 737//737
f 744//744 737//737 739//739 746//746
f 744//744 746//746 747//747 745//745
f 748//748 749//749 659//659 658//658
f 748//748 658//658 657//657 741//741
f 748//748 741//741 743//743 750//750
f 748//748 750//750 751//751 749//749
f 752//752 753//753 665//665 664//664
f 752//752 664//664 663//663 745//745
f 752//752 745//745 747//747 754//754
f 752//752 754//754 755//755 753//753
f 756//756 757//757 669//669 668//668
f 756//756 668//668 659//659 749//749
f 756//756 749//749 751//751 758//758
f 756//756 758//758 759//759 757//757
f 760//760 761//761 673//673 672//672
f 760//760 672//672 665//665 753//753
f 760//760 753//753 755//755 762//762
f 760//760 762//762 763//763 761//761
f 764//764 765//765 677//677 676//676
f 764//764 676//676 669//669 757//757
f 764//764 757//757 759//759 766//766
f 764//764 766//766 767//767 765//765
f 768//768 769//769 681//681 680//680
f 768//768 680//680 673//673 761//761
f 768//768 761//761 763//763 770//770
f 768//768 770//770 771//771 769//769
f 772//772 718//718 685//685 684//684
f 772//772 684//684 23//23 773//773
f 772//772 773//773 719//719 718//718
f 774//774 775//775 28//28 687//687
f 774//774 687//687 677//677 765//765
f 774//774 765//765 767//767 775//775
f 776//776 724//724 691//691 690//690
f 776//776 690//690 681//681 769//769
f 776//776 769//769 771//771 777//777
f 776//776 777//777 725//725 724//724
f 778//778 779//779 755//755 754//754
f 778//778 754//754 747//747 780//780
f 778//778 780//780 781//781 782//782
f 778//778 782//782 783//783 779//779
f 784//784 785//785 759//759 758//758
f 784//784 758//758 751//751 786//786
f 784//784 786//786 787//787 788//788
f 784//784 788//788 789//789 785//785
f 790//790 791//791 763//763 762//762
f 790//790 762//762 755//755 779//779
f 790//790 779//779 783//783 792//792
f 790//790 792//792 793//793 791//791
f 794//794 795//795 767//767 766//766
f 794//794 766//766 759//759 785//785
f 794//794 785//785 789//789 796//796
f 794//794 796//796 797//797 795//795
f 798//798 799//799 771//771 770//770
f 798//798 770//770 763//763 791//791
f 798//798 791//791 793//793 800//800
f 798//798 800//800 801//801 799//799
f 802//802 803//803 719//719 773//773
f 802//802 773//773 23//23 804//804
f 802//802 804//804 805//805 803//803
f 806//806 807//807 28//28 775//775
f 806//806 775//775 767//767 795//795
f 806//806 795//795 797//797 807//807
f 808//808 809//809 725//725 777//777
f 808//808 777//777 771//771 799//799
f 808//808 799//799 801//801 810//810
f 808//808 810//810 811//811 809//809
f 812//812 813//813 721//721 720//720
f 812//812 720//720 719//719 803//803
f 812//812 803//803 805//805 814//814
f 812//812 814//814 815//815 813//813
f 816//816 817//817 727//727 726//726
f 816//816 726//726 725//725 809//809
f 816//816 809//809 811//811 818//818
f 816//816 818//818 819//819 817//817
f 820//820 821//821 731//731 730//730
f 820//820 730//730 721//721 813//813
f 820//820 813//813 815//815 822//822
f 820//820 822//822 823//823 821//821
f 824//824 825//825 735//735 734//734
f 824//824 734//734 727//727 817//817
f 824//824 817//817 819//819 826//826
f 824//824 826//826 827//827 825//825
f 828//828 829//829 739//739 738//738
f 828//828 738//738 731//731 821//821
f 828//828 821//821 823//823 830//830
f 828//828 830//830 831//831 829//829
f 832//832 833//833 743//743 742//742
f 832//832 742//742 735//735 825//825
f 832//832 825//825 827//827 834//834
f 832//832 834//834 835//835 833//833
f 836//836 780//780 747//747 746//746
f 836//836 746//746 739//739 829//829
f 836//836 829//829 831//831 837//837
f 836//836 837//837 781//781 780//780
f 838//838 786//786 751//751 750//750
f 838//838 750//750 743//743 833//833
f 838//838 833//833 835//835 839//839
f 838//838 839//839 787//787 786//786
f 840//840 841//841 819//819 818//818
f 840//840 818//818 811//811 842//842
f 840//840 842//842 843//843 844//844
f 840//840 844//844 845//845 841//841
f 846//846 847//847 823//823 822//822
f 846//846 822//822 815//815 848//848
f 846//846 848//848 849//849 850//850
f 846//846 850//850 851//851 847//847
f 852//852 853//853 827//827 826//826
f 852//852 826//826 819//819 841//841
f 852//852 841//841 845//845 854//854
f 852//852 854//854 855//855 853//853
f 856//856 857//857 831//831 830//830
f 856//856 830//830 823//823 847//847
f 856//856 847//847 851//851 858//858
f 856//856 858//858 859//859 857//857
f 860//860 861//861 835//835 834//834
f 860//860 834//834 827//827 853//853
f 860//860 853//853 855//855 862//862
f 860//860 862//862 863//863 861//861
f 864//864 865//865 781//781 837//837
f 864//864 837//837 831//831 857//857
f 864//864 857//857 859//859 866//866
f 864//864 866//866 867//867 865//865
f 868//868 869//869 787//787 839//839
f 868//868 839//839 835//835 861//861
f 868//868 861//861 863//863 870//870
f 868//868 870//870 871//871 869//869
f 872//872 873//873 783//783 782//782
f 872//872 782//782 781//781 865//865
f 872//872 865//865 867//867 874//874
f 872//872 874//874 875//875 873//873
f 876//876 877//877 789//789 788//788
f 876//876 788//788 787//787 869//869
f 876//876 869//869 871//871 878//878
f 876//876 878//878 879//879 877//877
f 880//880 881//881 793//793 792//792
f 880//880 792//792 783//783 873//873
f 880//880 873//873 875//875 882//882
f 880//880 882//882 883//883 881//881
f 884//884 885//885 797//797 796//796
f 884//884 796//796 789//789 877//877
f 884//884 877//877 879//879 886//886
f 884//884 886//886 887//887 885//885
f 888//888 889//889 801//801 800//800
f 888//888 800//800 793//793 881//881
f 888//888 881//881 883//883 890//890
f 888//888 890//890 891//891 889//889
f 892//892 893//893 805//805 804//804
f 892//892 804//804 23//23 894//894
f 892//892 894//894 895//895 893//893
f 896//896 897//897 28//28 807//807
f 896//896 807//807 797//797 885//885
f 896//896 885//885 887//887 897//897
f 898//898 842//842 811//811 810//810
f 898//898 810//810 801//801 889//889
f 898//898 889//889 891//891 899//899
f 898//898 899//899 843//843 842//842
f 900//900 848//848 815//815 814//814
f 900//900 814//814 805//805 893//893
f 900//900 893//893 895//895 901//901
f 900//900 901//901 849//849 848//848
f 902//902 903//903 879//879 878//878
f 902//902 878//878 871//871 904//904
f 902//902 904//904 905//905 906//906
f 902//902 906//906 907//907 903//903
f 908//908 909//909 883//883 882//882
f 908//908 882//882 875//875 910//910
f 908//908 910//910 911//911 912//912
f 908//908 912//912 913//913 909//909
f 914//914 915//915 887//887 886//886
f 914//914 886//886 879//879 903//903
f 914//914 903//903 907//907 916//916
f 914//914 916//916 917//917 915//915
f 918//918 919//919 891//891 890//890
f 918//918 890//890 883//883 909//909
f 918//918 909//909 913//913 920//920
f 918//918 920//920 921//921 919//919
f 922//922 923//923 895//895 894//894
f 922//922 894//894 23//23 924//924
f 922//922 924//924 925//925 923//923
f 926//926 927//927 28//28 897//897
f 926//926 897//897 887//887 915//915
f 926//926 915//915 917//917 927//927
f 928//928 929//929 843//843 899//899
f 928//928 899//899 891//891 919//919
f 928//928 919//919 921//921 930//930
f 928//928 930//930 931//931 929//929
f 932//932 933//933 849//849 901//901
f 932//932 901//901 895//895 923//923
f 932//932 923//923 925//925 934//934
f 932//932 934//934 935//935 933//933
f 936//936 937//937 845//845 844//844
f 936//936 844//844 843//843 929//929
f 936//936 929//929 931//931 938//938
f 936//936 938//938 939//939 937//937
f 940//940 941//941 851//851 850//850
f 940//940 850//850 849//849 933//933
f 940//940 933//933 935//935 942//942
f 940//940 942//942 943//943 941//941
f 944//944 945//945 855//855 854//854
f 944//944 854//854 845//845 937//937
f 944//944 937//937 939//939 946//946
f 944//944 946//946 947//947 945//945
f 948//948 949//949 859//859 858//858
f 948//948 858//858 851//851 941//941
f 948//948 941//941 943//943 950//950
f 948//948 950//950 951//951 949//949
f 952//952 953//953 863//863 862//862
f 952//952 862//862 855//855 945//945
f 952//952 945//945 947//947 954//954
f 952//952 954//954 955//955 953//953
f 956//956 957//957 867//867 866//866
f 956//956 866//866 859//859 949//949
f 956//956 949//949 951//951 958//958
f 956//956 958//958 959//959 957//957
f 960//960 904//904 871//871 870//870
f 960//960 870//870 863//863 953//953
f 960//960 953//953 955//955 961//961
f 960//960 961//961 905//905 904//904
f 962//962 910//910 875//875 874//874
f 962//962 874//874 867//867 957//957
f 962//962 957//957 959//959 963//963
f 962//962 963//963 911//911 910//910
f 964//964 965//965 943//943 942//942
f 964//964 942//942 935//935 966//966
f 964//964 966//966 967//967 968//968
f 964//964 968//968 969//969 965//965
f 970//970 971//971 947//947 946//946
f 970//970 946//946 939//939 972//972
f 970//970 972//972 973//973 974//974
f 970//970 974//974 975//975 971//971
f 976//976 977//977 951//951 950//950
f 976//976 950//950 943//943 965//965
f 976//976 965//965 969//969 978//978
f 976//976 978//978 979//979 977//977
f 980//980 981//981 955//955 954//954
f 980//980 954//954 947//947 971//971
f 980//980 971//971 975//975 982//982
f 980//980 982//982 983//983 981//981
f 984//984 985//985 959//959 958//958
f 984//984 958//958 951//951 977//977
f 984//984 977//977 979//979 986//986
f 984//984 986//986 987//987 985//985
f 988//988 989//989 905//905 961//961
f 988//988 961//961 955//955 981//981
f 988//988 981//981 983//983 990//990
f 988//988 990//990 991//991 989//989
f 992//992 993//993 911//911 963//963
f 992//992 963//963 959//959 985//985
f 992//992 985//985 987//987 994//994
f 992//992 994//994 995//995 993//993
f 996//996 997//997 907//907 906//906
f 996//996 906//906 905//905 989//989
f 996//996 989//989 991//991 998//998
f 996//996 998//998 999//999 997//997
f 1000//1000 1001//1001 913//913 912//912
f 1000//1000 912//912 911//911 993//993
f 1000//1000 993//993 995//995 1002//1002
f 1000//1000 1002//1002 1003//1003 1001//1001
f 1004//1004 1005//1005 917//917 916//916
f 1004//1004 916//916 907//907 997//997
f 1004//1004 997//997 999//999 1006//1006
f 1004//1004 1006//1006 1007//1007 1005//1005
f 1008//1008 1009//1009 921//921 920//920
f 1008//1008 920//920 913//913 1001//1001
f 1008//1008 1001//1001 1003//1003 1010//1010
f 1008//1008 1010//1010 1011//1011 1009//1009
f 1012//1012 1013//1013 925//925 924//924
f 1012//1012 924//924 23//23 1014//1014
f 1012//1012 1014//1014 1015//1015 1013//1013
f 1016//1016 1017//1017 28//28 927//927
f 1016//1016 927//927 917//917 1005//1005
f 1016//1016 1005//1005 1007//1007 1017//1017
f 1018//1018 1019//1019 931//931 930//930
f 1018//1018 930//930 921//921 1009//1009
f 1018//1018 1009//1009 1011//1011 1020//1020
f 1018//1018 1020//1020 1021//1021 1019//1019
f 1022//1022 966//966 935//935 934//934
f 1022//1022 934//934 925//925 1013//1013
f 1022//1022 1013//1013 1015//1015 1023//1023
f 1022//1022 1023//1023 967//967 966//966
f 1024//1024 972//972 939//939 938//938
f 1024//1024 938//938 931//931 1019//1019
f 1024//1024 1019//1019 1021//1021 1025//1025
f 1024//1024 1025//1025 973//973 972//972
f 1026//1026 1027//1027 1003//1003 1002//1002
f 1026//1026 1002//1002 995//995 1028//1028
f 1026//1026 1028//1028 1029//1029 1030//1030
f 1026//1026 1030//1030 1031//1031 1027//1027
f 1032//1032 1033//1033 1007//1007 1006//1006
f 1032//1032 1006//1006 999//999 1034//1034
f 1032//1032 1034//1034 1035//1035 1036//1036
f 1032//1032 1036//1036 1037//1037 1033//1033
f 1038//1038 1039//1039 1011//1011 1010//1010
f 1038//1038 1010//1010 1003//1003 1027//1027
f 1038//1038 1027//1027 1031//1031 1040//1040
f 1038//1038 1040//1040 1041//1041 1039//1039
f 1042//1042 1043//1043 1015//1015 1014//1014
f 1042//1042 1014//1014 23//23 1044//1044
f 1042//1042 1044//1044 1045//1045 1043//1043
f 1046//1046 1047//1047 28//28 1017//1017
f 1046//1046 1017//1017 1007//1007 1033//1033
f 1046//1046 1033//1033 1037//1037 1047//1047
f 1048//1048 1049//1049 1021//1021 1020//1020
f 1048//1048 1020//1020 1011//1011 1039//1039
f 1048//1048 1039//1039 1041//1041 1050//1050
f 1048//1048 1050//1050 1051//1051 1049//1049
f 1052//1052 1053//1053 967//967 1023//1023
f 1052//1052 1023//1023 1015//1015 1043//1043
f 1052//1052 1043//1043 1045//1045 1054//1054
f 1052//1052 1054//1054 1055//1055 1053//1053
f 1056//1056 1057//1057 973//973 1025//1025
f 1056//1056 1025//1025 1021//1021 1049//1049
f 1056//1056 1049//1049 1051//1051 1058//1058
f 1056//1056 1058//1058 1059//1059 1057//1057
f 1060//1060 1061//1061 969//969 968//968
f 1060//1060 968//968 967//967 1053//1053
f 1060//1060 1053//1053 1055//1055 1062//1062
f 1060//1060 1062//1062 1063//1063 1061//1061
f 1064//1064 1065//1065 975//975 974//974
f 1064//1064 974//974 973//973 1057//1057
f 1064//1064 1057//1057 1059//1059 1066//1066
f 1064//1064 1066//1066 1067//1067 1065//1065
f 1068//1068 1069//1069 979//979 978//978
f 1068//1068 978//978 969//969 1061//1061
f 1068//1068 1061//1061 1063//1063 1070//1070
f 1068//1068 1070//1070 1071//1071 1069//1069
f 1072//1072 1073//1073 983//983 982//982
f 1072//1072 982//982 975//975 1065//1065
f 1072//1072 1065//1065 1067//1067 1074//1074
f 1072//1072 1074//1074 1075//1075 1073//1073
f 1076//1076 1077//1077 987//987 986//986
f 1076//1076 986//986 979//979 1069//1069
f 1076//1076 1069//1069 1071//1071 1078//1078
f 1076//1076 1078//1078 1079//1079 1077//1077
f 1080//1080 1081//1081 991//991 990//990
f 1080//1080 990//990 983//983 1073//1073
f 1080//1080 1073//1073 1075//1075 1082//1082
f 1080//1080 1082//1082 1083//1083 1081//1081
f 1084//1084 1028//1028 995//995 994//994
f 1084//1084 994//994 987//987 1077//1077
f 1084//1084 1077//1077 1079//1079 1085//1085
f 1084//1084 1085//1085 1029//1029 1028//1028
f 1086//1086 1034//1034 999//999 998//998
f 1086//1086 998//998 991//991 1081//1081
f 1086//1086 1081//1081 1083//1083 1087//1087
f 1086//1086 1087//1087 1035//1035 1034//1034
f 1088//1088 1089//1089 1067//1067 1066//1066
f 1088//1088 1066//1066 1059//1059 1090//1090
f 1088//1088 1090//1090 1091//1091 1092//1092
f 1088//1088 1092//1092 1093//1093 1089//1089
f 1094//1094 1095//1095 1071//1071 1070//1070
f 1094//1094 1070//1070 1063//1063 1096//1096
f 1094//1094 1096//1096 1097//1097 1098//1098
f 1094//1094 1098//1098 1099//1099 1095//1095
f 1100//1100 1101//1101 1075//1075 1074//1074
f 1100//1100 1074//1074 1067//1067 1089//1089
f 1100//1100 1089//1089 1093//1093 1102//1102
f 1100//1100 1102//1102 1103//1103 1101//1101
f 1104//1104 1105//1105 1079//1079 1078//1078
f 1104//1104 1078//1078 1071//1071 1095//1095
f 1104//1104 1095//1095 1099//1099 1106//1106
f 1104//1104 1106//1106 1107//1107 1105//1105
f 1108//1108 1109//1109 1083//1083 1082//1082
f 1108//1108 1082//1082 1075//1075 1101//1101
f 1108//1108 1101//1101 1103//1103 1110//1110
f 1108//1108 1110//1110 1111//1111 1109//1109
f 1112//1112 1113//1113 1029//1029 1085//1085
f 1112//1112 1085//1085 1079//1079 1105//1105
f 1112//1112 1105//1105 1107//1107 1114//1114
f 1112//1112 1114//1114 1115//1115 1113//1113
f 1116//1116 1117//1117 1035//1035 1087//1087
f 1116//1116 1087//1087 1083//1083 1109//1109
f 1116//1116 1109//1109 1111//1111 1118//1118
f 1116//1116 1118//1118 1119//1119 1117//1117
f 1120//1120 1121//1121 1031//1031 1030//1030
f 1120//1120 1030//1030 1029//1029 1113//1113
f 1120//1120 1113//1113 1115//1115 1122//1122
f 1120//1120 1122//1122 1123//1123 1121//1121
f 1124//1124 1125//1125 1037//1037 1036//1036
f 1124//1124 1036//1036 1035//1035 1117//1117
f 1124//1124 1117//1117 1119//1119 1126//1126
f 1124//1124 1126//1126 1127//1127 1125//1125
f 1128//1128 1129//1129 1041//1041 1040//1040
f 1128//1128 1040//1040 1031//1031 1121//1121
f 1128//1128 1121//1121 1123//1123 1130//1130
f 1128//1128 1130//1130 1131//1131 1129//1129
f 1132//1132 1133//1133 1045//1045 1044//1044
f 1132//1132 1044//1044 23//23 1134//1134
f 1132//1132 1134//1134 1135//1135 1133//1133
f 1136//1136 1137//1137 28//28 1047//1047
f 1136//1136 1047//1047 1037//1037 1125//1125
f 1136//1136 1125//1125 1127//1127 1137//1137
f 1138//1138 1139//1139 1051//1051 1050//1050
f 1138//1138 1050//1050 1041//1041 1129//1129
f 1138//1138 1129//1129 1131//1131 1140//1140
f 1138//1138 1140//1140 1141//1141 1139//1139
f 1142//1142 1143//1143 1055//1055 1054//1054
f 1142//1142 1054//1054 1045//1045 1133//1133
f 1142//1142 1133//1133 1135//1135 1144//1144
f 1142//1142 1144//1144 1145//1145 1143//1143
f 1146//1146 1090//1090 1059//1059 1058//1058
f 1146//1146 1058//1058 1051//1051 1139//1139
f 1146//1146 1139//1139 1141//1141 1147//1147
f 1146//1146 1147//1147 1091//1091 1090//1090
f 1148//1148 1096//1096 1063//1063 1062//1062
f 1148//1148 1062//1062 1055//1055 1143//1143
f 1148//1148 1143//1143 1145//1145 1149//1149
f 1148//1148 1149//1149 1097//1097 1096//1096
f 1150//1150 1151//1151 1127//1127 1126//1126
f 1150//1150 1126//1126 1119//1119 1152//1152
f 1150//1150 1152//1152 1153//1153 1154//1154
f 1150//1150 1154//1154 1155//1155 1151//1151
f 1156//1156 1157//1157 1131//1131 1130//1130
f 1156//1156 1130//1130 1123//1123 1158//1158
f 1156//1156 1158//1158 1159//1159 1160//1160
f 1156//1156 1160//1160 1161//1161 1157//1157
f 1162//1162 1163//1163 1135//1135 1134//1134
f 1162//1162 1134//1134 23//23 1164//1164
f 1162//1162 1164//1164 1165//1165 1163//1163
f 1166//1166 1167//1167 28//28 1137//1137
f 1166//1166 1137//1137 1127//1127 1151//1151
f 1166//1166 1151//1151 1155//1155 1167//1167
f 1168//1168 1169//1169 1141//1141 1140//1140
f 1168//1168 1140//1140 1131//1131 1157//1157
f 1168//1168 1157//1157 1161//1161 1170//1170
f 1168//1168 1170//1170 1171//1171 1169//1169
f 1172//1172 1173//1173 1145//1145 1144//1144
f 1172//1172 1144//1144 1135//1135 1163//1163
f 1172//1172 1163//1163 1165//1165 1174//1174
f 1172//1172 1174//1174 1175//1175 1173//1173
f 1176//1176 1177//1177 1091//1091 1147//1147
f 1176//1176 1147//1147 1141//1141 1169//1169
f 1176//1176 1169//1169 1171//1171 1178//1178
f 1176//1176 1178//1178 1179//1179 1177//1177
f 1180//1180 1181//1181 1097//1097 1149//1149
f 1180//1180 1149//1149 1145//1145 1173//1173
f 1180//1180 1173//1173 1175//1175 1182//1182
f 1180//1180 1182//1182 1183//1183 1181//1181
f 1184//1184 1185//1185 1093//1093 1092//1092
f 1184//1184 1092//1092 1091//1091 1177//1177
f 1184//1184 1177//1177 1179//1179 1186//1186
f 1184//1184 1186//1186 1187//1187 1185//1185
f 1188//1188 1189//1189 1099//1099 1098//1098
f 1188//1188 1098//1098 1097//1097 1181//1181
f 1188//1188 1181//1181 1183//1183 1190//1190
f 1188//1188 1190//1190 1191//1191 1189//1189
f 1192//1192 1193//1193 1103//1103 1102//1102
f 1192//1192 1102//1102 1093//1093 1185//1185
f 1192//1192 1185//1185 1187//1187 1194//1194
f 1192//1192 1194//1194 1195//1195 1193//1193
f 1196//1196 1197//1197 1107//1107 1106//1106
f 1196//1196 1106//1106 1099//1099 1189//1189
f 1196//1196 1189//1189 1191//1191 1198//1198
f 1196//1196 1198//1198 1199//1199 1197//1197
f 1200//1200 1201//1201 1111//1111 1110//1110
f 1200//1200 1110//1110 1103//1103 1193//1193
f 1200//1200 1193//1193 1195//1195 1202//1202
f 1200//1200 1202//1202 1203//1203 1201//1201
f 1204//1204 1205//1205 1115//1115 1114//1114
f 1204//1204 1114//1114 1107//1107 1197//1197
f 1204//1204 1197//1197 1199//1199 1206//1206
f 1204//1204 1206//1206 1207//1207 1205//1205
f 1208//1208 1152//1152 1119//1119 1118//1118
f 1208//1208 1118//1118 1111//1111 1201//1201
f 1208//1208 1201//1201 1203//1203 1209//1209
f 1208//1208 1209//1209 1153//1153 1152//1152
f 1210//1210 1158//1158 1123//1123 1122//1122
f 1210//1210 1122//1122 1115//1115 1205//1205
f 1210//1210 1205//1205 1207//1207 1211//1211
f 1210//1210 1211//1211 1159//1159 1158//1158
f 1212//1212 1213//1213 1195//1195 1194//1194
f 1212//1212 1194//1194 1187//1187 1214//1214
f 1212//1212 1214//1214 1215//1215 1216//1216
f 1212//1212 1216//1216 1217//1217 1213//1213
f 1218//1218 1219//1219 1199//1199 1198//1198
f 1218//1218 1198//1198 1191//1191 1220//1220
f 1218//1218 1220//1220 1221//1221 1222//1222
f 1218//1218 1222//1222 1223//1223 1219//1219
f 1224//1224 1225//1225 1203//1203 1202//1202
f 1224//1224 1202//1202 1195//1195 1213//1213
f 1224//1224 1213//1213 1217//1217 1226//1226
f 1224//1224 1226//1226 1227//1227 1225//1225
f 1228//1228 1229//1229 1207//1207 1206//1206
f 1228//1228 1206//1206 1199//1199 1219//1219
f 1228//1228 1219//1219 1223//1223 1230//1230
f 1228//1228 1230//1230 1231//1231 1229//1229
f 1232//1232 1233//1233 1153//1153 1209//1209
f 1232//1232 1209//1209 1203//1203 1225//1225
f 1232//1232 1225//1225 1227//1227 1234//1234
f 1232//1232 1234//1234 1235//1235 1233//1233
f 1236//1236 1237//1237 1159//1159 1211//1211
f 1236//1236 1211//1211 1207//1207 1229//1229
f 1236//1236 1229//1229 1231//1231 1238//1238
f 1236//1236 1238//1238 1239//1239 1237//1237
f 1240//1240 1241//1241 1155//1155 1154//1154
f 1240//1240 1154//1154 1153//1153 1233//1233
f 1240//1240 1233//1233 1235//1235 1242//1242
f 1240//1240 1242//1242 1243//1243 1241//1241
f 1244//1244 1245//1245 1161//1161 1160//1160
f 1244//1244 1160//1160 1159//1159 1237//1237
f 1244//1244 1237//1237 1239//1239 1246//1246
f 1244//1244 1246//1246 1247//1247 1245//1245
f 1248//1248 1249//1249 1165//1165 1164//1164
f 1248//1248 1164//1164 23//23 1250//1250
f 1248//1248 1250//1250 1251//1251 1249//1249
f 1252//1252 1253//1253 28//28 1167//1167
f 1252//1252 1167//1167 1155//1155 1241//1241
f 1252//1252 1241//1241 1243//1243 1253//1253
f 1254//1254 1255//1255 1171//1171 1170//1170
f 1254//1254 1170//1170 1161//1161 1245//1245
f 1254//1254 1245//1245 1247//1247 1256//1256
f 1254//1254 1256//1256 1257//1257 1255//1255
f 1258//1258 1259//1259 1175//1175 1174//1174
f 1258//1258 1174//1174 1165//1165 1249//1249
f 1258//1258 1249//1249 1251//1251 1260//1260
f 1258//1258 1260//1260 1261//1261 1259//1259
f 1262//1262 1263//1263 1179//1179 1178//1178
f 1262//1262 1178//1178 1171//1171 1255//1255
f 1262//1262 1255//1255 1257//1257 1264//1264
f 1262//1262 1264//1264 1265//1265 1263//1263
f 1266//1266 1267//1267 1183//1183 1182//1182
f 1266//1266 1182//1182 1175//1175 1259//1259
f 1266//1266 1259//1259 1261//1261 1268//1268
f 1266//1266 1268//1268 1269//1269 1267//1267
f 1270//1270 1214//1214 1187//1187 1186//1186
f 1270//1270 1186//1186 1179//1179 1263//1263
f 1270//1270 1263//1263 1265//1265 1271//1271
f 1270//1270 1271//1271 1215//1215 1214//1214
f 1272//1272 1220//1220 1191//1191 1190//1190
f 1272//1272 1190//1190 1183//1183 1267//1267
f 1272//1272 1267//1267 1269//1269 1273//1273
f 1272//1272 1273//1273 1221//1221 1220//1220
f 1274//1274 1275//1275 1251//1251 1250//1250
f 1274//1274 1250//1250 23//23 1276//1276
f 1274//1274 1276//1276 1277//1277 1275//1275
f 1278//1278 1279//1279 28//28 1253//1253
f 1278//1278 1253//1253 1243//1243 1280//1280
f 1278//1278 1280//1280 1281//1281 1279//1279
f 1282//1282 1283//1283 1257//1257 1256//1256
f 1282//1282 1256//1256 1247//1247 1284//1284
f 1282//1282 1284//1284 1285//1285 1286//1286
f 1282//1282 1286//1286 1287//1287 1283//1283
f 1288//1288 1289//1289 1261//1261 1260//1260
f 1288//1288 1260//1260 1251//1251 1275//1275
f 1288//1288 1275//1275 1277//1277 1290//1290
f 1288//1288 1290//1290 1291//1291 1289//1289
f 1292//1292 1293//1293 1265//1265 1264//1264
f 1292//1292 1264//1264 1257//1257 1283//1283
f 1292//1292 1283//1283 1287//1287 1294//1294
f 1292//1292 1294//1294 1295//1295 1293//1293
f 1296//1296 1297//1297 1269//1269 1268//1268
f 1296//1296 1268//1268 1261//1261 1289//1289
f 1296//1296 1289//1289 1291//1291 1298//1298
f 1296//1296 1298//1298 1299//1299 1297//1297
f 1300//1300 1301//1301 1215//1215 1271//1271
f 1300//1300 1271//1271 1265//1265 1293//1293
f 1300//1300 1293//1293 1295//1295 1302//1302
f 1300//1300 1302//1302 1303//1303 1301//1301
f 1304//1304 1305//1305 1221//1221 1273//1273
f 1304//1304 1273//1273 1269//1269 1297//1297
f 1304//1304 1297//1297 1299//1299 1306//1306
f 1304//1304 1306//1306 1307//1307 1305//1305
f 1308//1308 1309//1309 1217//1217 1216//1216
f 1308//1308 1216//1216 1215//1215 1301//1301
f 1308//1308 1301//1301 1303//1303 1310//1310
f 1308//1308 1310//1310 1311//1311 1309//1309
f 1312//1312 1313//1313 1223//1223 1222//1222
f 1312//1312 1222//1222 1221//1221 1305//1305
f 1312//1312 1305//1305 1307//1307 1314//1314
f 1312//1312 1314//1314 1315//1315 1313//1313
f 1316//1316 1317//1317 1227//1227 1226//1226
f 1316//1316 1226//1226 1217//1217 1309//1309
f 1316//1316 1309//1309 1311//1311 1318//1318
f 1316//1316 1318//1318 1319//1319 1317//1317
f 1320//1320 1321//1321 1231//1231 1230//1230
f 1320//1320 1230//1230 1223//1223 1313//1313
f 1320//1320 1313//1313 1315//1315 1322//1322
f 1320//1320 1322//1322 1323//1323 1321//1321
f 1324//1324 1325//1325 1235//1235 1234//1234
f 1324//1324 1234//1234 1227//1227 1317//1317
f 1324//1324 1317//1317 1319//1319 1326//1326
f 1324//1324 1326//1326 1327//1327 1325//1325
f 1328//1328 1329//1329 1239//1239 1238//1238
f 1328//1328 1238//1238 1231//1231 1321//1321
f 1328//1328 1321//1321 1323//1323 1330//1330
f 1328//1328 1330//1330 1331//1331 1329//1329
f 1332//1332 1280//1280 1243//1243 1242//1242
f 1332//1332 1242//1242 1235//1235 1325//1325
f 1332//1332 1325//1325 1327//1327 1333//1333
f 1332//1332 1333//1333 1281//1281 1280//1280
f 1334//1334 1284//1284 1247//1247 1246//1246
f 1334//1334 1246//1246 1239//1239 1329//1329
f 1334//1334 1329//1329 1331//1331 1335//1335
f 1334//1334 1335//1335 1285//1285 1284//1284
f 1336//1336 1337//1337 1315//1315 1314//1314
f 1336//1336 1314//1314 1307//1307 1338//1338
f 1336//1336 1338//1338 1339//1339 1340//1340
f 1336//1336 1340//1340 1341//1341 1337//1337
f 1342//1342 1343//1343 1319//1319 1318//1318
f 1342//1342 1318//1318 1311//1311 1344//1344
f 1342//1342 1344//1344 1345//1345 1346//1346
f 1342//1342 1346//1346 1347//1347 1343//1343
f 1348//1348 1349//1349 1323//1323 1322//1322
f 1348//1348 1322//1322 1315//1315 1337//1337
f 1348//1348 1337//1337 1341//1341 1350//1350
f 1348//1348 1350//1350 1351//1351 1349//1349
f 1352//1352 1353//1353 1327//1327 1326//1326
f 1352//1352 1326//1326 1319//1319 1343//1343
f 1352//1352 1343//1343 1347//1347 1354//1354
f 1352//1352 1354//1354 1355//1355 1353//1353
f 1356//1356 1357//1357 1331//1331 1330//1330
f 1356//1356 1330//1330 1323//1323 1349//1349
f 1356//1356 1349//1349 1351//1351 1358//1358
f 1356//1356 1358//1358 1359//1359 1357//1357
f 1360//1360 1361//1361 1281//1281 1333//1333
f 1360//1360 1333//1333 1327//1327 1353//1353
f 1360//1360 1353//1353 1355//1355 1362//1362
f 1360//1360 1362//1362 1363//1363 1361//1361
f 1364//1364 1365//1365 1285//1285 1335//1335
f 1364//1364 1335//1335 1331//1331 1357//1357
f 1364//1364 1357//1357 1359//1359 1366//1366
f 1364//1364 1366//1366 1367//1367 1365//1365
f 1368//1368 1369//1369 1277//1277 1276//1276
f 1368//1368 1276//1276 23//23 1370//1370
f 1368//1368 1370//1370 1371//1371 1369//1369
f 1372//1372 1373//1373 28//28 1279//1279
f 1372//1372 1279//1279 1281//1281 1361//1361
f 1372//1372 1361//1361 1363//1363 1373//1373
f 1374//1374 1375//1375 1287//1287 1286//1286
f 1374//1374 1286//1286 1285//1285 1365//1365
f 1374//1374 1365//1365 1367//1367 1376//1376
f 1374//1374 1376//1376 1377//1377 1375//1375
f 1378//1378 1379//1379 1291//1291 1290//1290
f 1378//1378 1290//1290 1277//1277 1369//1369
f 1378//1378 1369//1369 1371//1371 1380//1380
f 1378//1378 1380//1380 1381//1381 1379//1379
f 1382//1382 1383//1383 1295//1295 1294//1294
f 1382//1382 1294//1294 1287//1287 1375//1375
f 1382//1382 1375//1375 1377//1377 1384//1384
f 1382//1382 1384//1384 1385//1385 1383//1383
f 1386//1386 1387//1387 1299//1299 1298//1298
f 1386//1386 1298//1298 1291//1291 1379//1379
f 1386//1386 1379//1379 1381//1381 1388//1388
f 1386//1386 1388//1388 1389//1389 1387//1387
f 1390//1390 1391//1391 1303//1303 1302//1302
f 1390//1390 1302//1302 1295//1295 1383//1383
f 1390//1390 1383//1383 1385//1385 1392//1392
f 1390//1390 1392//1392 1393//1393 1391//1391
f 1394//1394 1338//1338 1307//1307 1306//1306
f 1394//1394 1306//1306 1299//1299 1387//1387
f 1394//1394 1387//1387 1389//1389 1395//1395
f 1394//1394 1395//1395 1339//1339 1338//1338
f 1396//1396 1344//1344 1311//1311 1310//1310
f 1396//1396 1310//1310 1303//1303 1391//1391
f 1396//1396 1391//1391 1393//1393 1397//1397
f 1396//1396 1397//1397 1345//1345 1344//1344
f 1398//1398 1399//1399 1377//1377 1376//1376
f 1398//1398 1376//1376 1367//1367 1400//1400
f 1398//1398 1400//1400 1401//1401 1402//1402
f 1398//1398 1402//1402 1403//1403 1399//1399
f 1404//1404 1405//1405 1381//1381 1380//1380
f 1404//1404 1380//1380 1371//1371 1406//1406
f 1404//1404 1406//1406 1407//1407 1408//1408
f 1404//1404 1408//1408 1409//1409 1405//1405
f 1410//1410 1411//1411 1385//1385 1384//1384
f 1410//1410 1384//1384 1377//1377 1399//1399
f 1410//1410 1399//1399 1403//1403 1412//1412
f 1410//1410 1412//1412 1413//1413 1411//1411
f 1414//1414 1415//1415 1389//1389 1388//1388
f 1414//1414 1388//1388 1381//1381 1405//1405
f 1414//1414 1405//1405 1409//1409 1416//1416
f 1414//1414 1416//1416 1417//1417 1415//1415
f 1418//1418 1419//1419 1393//1393 1392//1392
f 1418//1418 1392//1392 1385//1385 1411//1411
f 1418//1418 1411//1411 1413//1413 1420//1420
f 1418//1418 1420//1420 1421//1421 1419//1419
f 1422//1422 1423//1423 1339//1339 1395//1395
f 1422//1422 1395//1395 1389//1389 1415//1415
f 1422//1422 1415//1415 1417//1417 1424//1424
f 1422//1422 1424//1424 1425//1425 1423//1423
f 1426//1426 1427//1427 1345//1345 1397//1397
f 1426//1426 1397//1397 1393//1393 1419//1419
f 1426//1426 1419//1419 1421//1421 1428//1428
f 1426//1426 1428//1428 1429//1429 1427//1427
f 1430//1430 1431//1431 1341//1341 1340//1340
f 1430//1430 1340//1340 1339//1339 1423//1423
f 1430//1430 1423//1423 1425//1425 1432//1432
f 1430//1430 1432//1432 1433//1433 1431//1431
f 1434//1434 1435//1435 1347//1347 1346//1346
f 1434//1434 1346//1346 1345//1345 1427//1427
f 1434//1434 1427//1427 1429//1429 1436//1436
f 1434//1434 1436//1436 1437//1437 1435//1435
f 1438//1438 1439//1439 1351//1351 1350//1350
f 1438//1438 1350//1350 1341//1341 1431//1431
f 1438//1438 1431//1431 1433//1433 1440//1440
f 1438//1438 1440//1440 1441//1441 1439//1439
f 1442//1442 1443//1443 1355//1355 1354//1354
f 1442//1442 1354//1354 1347//1347 1435//1435
f 1442//1442 1435//1435 1437//1437 1444//1444
f 1442//1442 1444//1444 1445//1445 1443//1443
f 1446//1446 1447//1447 1359//1359 1358//1358
f 1446//1446 1358//1358 1351//1351 1439//1439
f 1446//1446 1439//1439 1441//1441 1448//1448
f 1446//1446 1448//1448 1449//1449 1447//1447
f 1450//1450 1451//1451 1363//1363 1362//1362
f 1450//1450 1362//1362 1355//1355 1443//1443
f 1450//1450 1443//1443 1445//1445 1452//1452
f 1450//1450 1452//1452 1453//1453 1451//1451
f 1454//1454 1400//1400 1367//1367 1366//1366
f 1454//1454 1366//1366 1359//1359 1447//1447
f 1454//1454 1447//1447 1449//1449 1455//1455
f 1454//1454 1455//1455 1401//1401 1400//1400
f 1456//1456 1406//1406 1371//1371 1370//1370
f 1456//1456 1370//1370 23//23 1457//1457
f 1456//1456 1457//1457 1407//1407 1406//1406
f 1458//1458 1459//1459 28//28 1373//1373
f 1458//1458 1373//1373 1363//1363 1451//1451
f 1458//1458 1451//1451 1453//1453 1459//1459
f 1460//1460 1461//1461 1437//1437 1436//1436
f 1460//1460 1436//1436 1429//1429 1462//1462
f 1460//1460 1462//1462 1463//1463 1464//1464
f 1460//1460 1464//1464 1465//1465 1461//1461
f 1466//1466 1467//1467 1441//1441 1440//1440
f 1466//1466 1440//1440 1433//1433 1468//1468
f 1466//1466 1468//1468 1469//1469 1470//1470
f 1466//1466 1470//1470 1471//1471 1467//1467
f 1472//1472 1473//1473 1445//1445 1444//1444
f 1472//1472 1444//1444 1437//1437 1461//1461
f 1472//1472 1461//1461 1465//1465 1474//1474
f 1472//1472 1474//1474 1475//1475 1473//1473
f 1476//1476 1477//1477 1449//1449 1448//1448
f 1476//1476 1448//1448 1441//1441 1467//1467
f 1476//1476 1467//1467 1471//1471 1478//1478
f 1476//1476 1478//1478 1479//1479 1477//1477
f 1480//1480 1481//1481 1453//1453 1452//1452
f 1480//1480 1452//1452 1445//1445 1473//1473
f 1480//1480 1473//1473 1475//1475 1482//1482
f 1480//1480 1482//1482 1483//1483 1481//1481
f 1484//1484 1485//1485 1401//1401 1455//1455
f 1484//1484 1455//1455 1449//1449 1477//1477
f 1484//1484 1477//1477 1479//1479 1486//1486
f 1484//1484 1486//1486 1487//1487 1485//1485
f 1488//1488 1489//1489 1407//1407 1457//1457
f 1488//1488 1457//1457 23//23 1490//1490
f 1488//1488 1490//1490 1491//1491 1489//1489
f 1492//1492 1493//1493 28//28 1459//1459
f 1492//1492 1459//1459 1453//1453 1481//1481
f 1492//1492 1481//1481 1483//1483 1493//1493
f 1494//1494 1495//1495 1403//1403 1402//1402
f 1494//1494 1402//1402 1401//1401 1485//1485
f 1494//1494 1485//1485 1487//1487 1496//1496
f 1494//1494 1496//1496 1497//1497 1495//1495
f 1498//1498 1499//1499 1409//1409 1408//1408
f 1498//1498 1408//1408 1407//1407 1489//1489
f 1498//1498 1489//1489 1491//1491 1500//1500
f 1498//1498 1500//1500 1501//1501 1499//1499
f 1502//1502 1503//1503 1413//1413 1412//1412
f 1502//1502 1412//1412 1403//1403 1495//1495
f 1502//1502 1495//1495 1497//1497 1504//1504
f 1502//1502 1504//1504 1505//1505 1503//1503
f 1506//1506 1507//1507 1417//1417 1416//1416
f 1506//1506 1416//1416 1409//1409 1499//1499
f 1506//1506 1499//1499 1501//1501 1508//1508
f 1506//1506 1508//1508 1509//1509 1507//1507
f 1510//1510 1511//1511 1421//1421 1420//1420
f 1510//1510 1420//1420 1413//1413 1503//1503
f 1510//1510 1503//1503 1505//1505 1512//1512
f 1510//1510 1512//1512 1513//1513 1511//1511
f 1514//1514 1515//1515 1425//1425 1424//1424
f 1514//1514 1424//1424 1417//1417 1507//1507
f 1514//1514 1507//1507 1509//1509 1516//1516
f 1514//1514 1516//1516 1517//1517 1515//1515
f 1518//1518 1462//1462 1429//1429 1428//1428
f 1518//1518 1428//1428 1421//1421 1511//1511
f 1518//1518 1511//1511 1513//1513 1519//1519
f 1518//1518 1519//1519 1463//1463 1462//1462
f 1520//1520 1468//1468 1433//1433 1432//1432
f 1520//1520 1432//1432 1425//1425 1515//1515
f 1520//1520 1515//1515 1517//1517 1521//1521
f 1520//1520 1521//1521 1469//1469 1468//1468
f 1522//1522 1523//1523 1501//1501 1500//1500
f 1522//1522 1500//1500 1491//1491 1524//1524
f 1522//1522 1524//1524 1525//1525 1526//1526
f 1522//1522 1526//1526 1527//1527 1523//1523
f 1528//1528 1529//1529 1505//1505 1504//1504
f 1528//1528 1504//1504 1497//1497 1530//1530
f 1528//1528 1530//1530 1531//1531 1532//1532
f 1528//1528 1532//1532 1533//1533 1529//1529
f 1534//1534 1535//1535 1509//1509 1508//1508
f 1534//1534 1508//1508 1501//1501 1523//1523
f 1534//1534 1523//1523 1527//1527 1536//1536
f 1534//1534 1536//1536 1537//1537 1535//1535
f 1538//1538 1539//1539 1513//1513 1512//1512
f 1538//1538 1512//1512 1505//1505 1529//1529
f 1538//1538 1529//1529 1533//1533 1540//1540
f 1538//1538 1540//1540 1541//1541 1539//1539
f 1542//1542 1543//1543 1517//1517 1516//1516
f 1542//1542 1516//1516 1509//1509 1535//1535
f 1542//1542 1535//1535 1537//1537 1544//1544
f 1542//1542 1544//1544 1545//1545 1543//1543
f 1546//1546 1547//1547 1463//1463 1519//1519
f 1546//1546 1519//1519 1513//1513 1539//1539
f 1546//1546 1539//1539 1541//1541 1548//1548
f 1546//1546 1548//1548 1549//1549 1547//1547
f 1550//1550 1551//1551 1469//1469 1521//1521
f 1550//1550 1521//1521 1517//1517 1543//1543
f 1550//1550 1543//1543 1545//1545 1552//1552
f 1550//1550 1552//1552 1553//1553 1551//1551
f 1554//1554 1555//1555 1465//1465 1464//1464
f 1554//1554 1464//1464 1463//1463 1547//1547
f 1554//1554 1547//1547 1549//1549 1556//1556
f 1554//1554 1556//1556 1557//1557 1555//1555
f 1558//1558 1559//1559 1471//1471 1470//1470
f 1558//1558 1470//1470 1469//1469 1551//1551
f 1558//1558 1551//1551 1553//1553 1560//1560
f 1558//1558 1560//1560 1561//1561 1559//1559
f 1562//1562 1563//1563 1475//1475 1474//1474
f 1562//1562 1474//1474 1465//1465 1555//1555
f 1562//1562 1555//1555 1557//1557 1564//1564
f 1562//1562 1564//1564 1565//1565 1563//1563
f 1566//1566 1567//1567 1479//1479 1478//1478
f 1566//1566 1478//1478 1471//1471 1559//1559
f 1566//1566 1559//1559 1561//1561 1568//1568
f 1566//1566 1568//1568 1569//1569 1567//1567
f 1570//1570 1571//1571 1483//1483 1482//1482
f 1570//1570 1482//1482 1475//1475 1563//1563
f 1570//1570 1563//1563 1565//1565 1572//1572
f 1570//1570 1572//1572 1573//1573 1571//1571
f 1574//1574 1575//1575 1487//1487 1486//1486
f 1574//1574 1486//1486 1479//1479 1567//1567
f 1574//1574 1567//1567 1569//1569 1576//1576
f 1574//1574 1576//1576 1577//1577 1575//1575
f 1578//1578 1524//1524 1491//1491 1490//1490
f 1578//1578 1490//1490 23//23 1579//1579
f 1578//1578 1579//1579 1525//1525 1524//1524
f 1580//1580 1581//1581 28//28 1493//1493
f 1580//1580 1493//1493 1483//1483 1571//1571
f 1580//1580 1571//1571 1573//1573 1581//1581
f 1582//1582 1530//1530 1497//1497 1496//1496
f 1582//1582 1496//1496 1487//1487 1575//1575
f 1582//1582 1575//1575 1577//1577 1583//1583
f 1582//1582 1583//1583 1531//1531 1530//1530
f 1584//1584 1585//1585 1561//1561 1560//1560
f 1584//1584 1560//1560 1553//1553 1586//1586
f 1584//1584 1586//1586 1587//1587 1588//1588
f 1584//1584 1588//1588 1589//1589 1585//1585
f 1590//1590 1591//1591 1565//1565 1564//1564
f 1590//1590 1564//1564 1557//1557 1592//1592
f 1590//1590 1592//1592 1593//1593 1594//1594
f 1590//1590 1594//1594 1595//1595 1591//1591
f 1596//1596 1597//1597 1569//1569 1568//1568
f 1596//1596 1568//1568 1561//1561 1585//1585
f 1596//1596 1585//1585 1589//1589 1598//1598
f 1596//1596 1598//1598 1599//1599 1597//1597
f 1600//1600 1601//1601 1573//1573 1572//1572
f 1600//1600 1572//1572 1565//1565 1591//1591
f 1600//1600 1591//1591 1595//1595 1602//1602
f 1600//1600 1602//1602 1603//1603 1601//1601
f 1604//1604 1605//1605 1577//1577 1576//1576
f 1604//1604 1576//1576 1569//1569 1597//1597
f 1604//1604 1597//1597 1599//1599 1606//1606
f 1604//1604 1606//1606 1607//1607 1605//1605
f 1608//1608 1609//1609 1525//1525 1579//1579
f 1608//1608 1579//1579 23//23 1610//1610
f 1608//1608 1610//1610 1611//1611 1609//1609
f 1612//1612 1613//1613 28//28 1581//1581
f 1612//1612 1581//1581 1573//1573 1601//1601
f 1612//1612 1601//1601 1603//1603 1613//1613
f 1614//1614 1615//1615 1531//1531 1583//1583
f 1614//1614 1583//1583 1577//1577 1605//1605
f 1614//1614 1605//1605 1607//1607 1616//1616
f 1614//1614 1616//1616 1617//1617 1615//1615
f 1618//1618 1619//1619 1527//1527 1526//1526
f 1618//1618 1526//1526 1525//1525 1609//1609
f 1618//1618 1609//1609 1611//1611 1620//1620
f 1618//1618 1620//1620 1621//1621 1619//1619
f 1622//1622 1623//1623 1533//1533 1532//1532
f 1622//1622 1532//1532 1531//1531 1615//1615
f 1622//1622 1615//1615 1617//1617 1624//1624
f 1622//1622 1624//1624 1625//1625 1623//1623
f 1626//1626 1627//1627 1537//1537 1536//1536
f 1626//1626 1536//1536 1527//1527 1619//1619
f 1626//1626 1619//1619 1621//1621 1628//1628
f 1626//1626 1628//1628 1629//1629 1627//1627
f 1630//1630 1631//1631 1541//1541 1540//1540
f 1630//1630 1540//1540 1533//1533 1623//1623
f 1630//1630 1623//1623 1625//1625 1632//1632
f 1630//1630 1632//1632 1633//1633 1631//1631
f 1634//1634 1635//1635 1545//1545 1544//1544
f 1634//1634 1544//1544 1537//1537 1627//1627
f 1634//1634 1627//1627 1629//1629 1636//1636
f 1634//1634 1636//1636 1637//1637 1635//1635
f 1638//1638 1639//1639 1549//1549 1548//1548
f 1638//1638 1548//1548 1541//1541 1631//1631
f 1638//1638 1631//1631 1633//1633 1640//1640
f 1638//1638 1640//1640 1641//1641 1639//1639
f 1642//1642 1586//1586 1553//1553 1552//1552
f 1642//1642 1552//1552 1545//1545 1635//1635
f 1642//1642 1635//1635 1637//1637 1643//1643
f 1642//1642 1643//1643 1587//1587 1586//1586
f 1644//1644 1592//1592 1557//1557 1556//1556
f 1644//1644 1556//1556 1549//1549 1639//1639
f 1644//1644 1639//1639 1641//1641 1645//1645
f 1644//1644 1645//1645 1593//1593 1592//1592
f 1646//1646 1647//1647 1625//1625 1624//1624
f 1646//1646 1624//1624 1617//1617 1648//1648
f 1646//1646 1648//1648 1649//1649 1650//1650
f 1646//1646 1650//1650 1651//1651 1647//1647
f 1652//1652 1653//1653 1629//1629 1628//1628
f 1652//1652 1628//1628 1621//1621 1654//1654
f 1652//1652 1654//1654 1655//1655 1656//1656
f 1652//1652 1656//1656 1657//1657 1653//1653
f 1658//1658 1659//1659 1633//1633 1632//1632
f 1658//1658 1632//1632 1625//1625 1647//1647
f 1658//1658 1647//1647 1651//1651 1660//1660
f 1658//1658 1660//1660 1661//1661 1659//1659
f 1662//1662 1663//1663 1637//1637 1636//1636
f 1662//1662 1636//1636 1629//1629 1653//1653
f 1662//1662 1653//1653 1657//1657 1664//1664
f 1662//1662 1664//1664 1665//1665 1663//1663
f 1666//1666 1667//1667 1641//1641 1640//1640
f 1666//1666 1640//1640 1633//1633 1659//1659
f 1666//1666 1659//1659 1661//1661 1668//1668
f 1666//1666 1668//1668 1669//1669 1667//1667
f 1670//1670 1671//1671 1587//1587 1643//1643
f 1670//1670 1643//1643 1637//1637 1663//1663
f 1670//1670 1663//1663 1665//1665 1672//1672
f 1670//1670 1672//1672 1673//1673 1671//1671
f 1674//1674 1675//1675 1593//1593 1645//1645
f 1674//1674 1645//1645 1641//1641 1667//1667
f 1674//1674 1667//1667 1669//1669 1676//1676
f 1674//1674 1676//1676 1677//1677 1675//1675
f 1678//1678 1679//1679 1589//1589 1588//1588
f 1678//1678 1588//1588 1587//1587 1671//1671
f 1678//1678 1671//1671 1673//1673 1680//1680
f 1678//1678 1680//1680 1681//1681 1679//1679
f 1682//1682 1683//1683 1595//1595 1594//1594
f 1682//1682 1594//1594 1593//1593 1675//1675
f 1682//1682 1675//1675 1677//1677 1684//1684
f 1682//1682 1684//1684 1685//1685 1683//1683
f 1686//1686 1687//1687 1599//1599 1598//1598
f 1686//1686 1598//1598 1589//1589 1679//1679
f 1686//1686 1679//1679 1681//1681 1688//1688
f 1686//1686 1688//1688 1689//1689 1687//1687
f 1690//1690 1691//1691 1603//1603 1602//1602
f 1690//1690 1602//1602 1595//1595 1683//1683
f 1690//1690 1683//1683 1685//1685 1692//1692
f 1690//1690 1692//1692 1693//1693 1691//1691
f 1694//1694 1695//1695 1607//1607 1606//1606
f 1694//1694 1606//1606 1599//1599 1687//1687
f 1694//1694 1687//1687 1689//1689 1696//1696
f 1694//1694 1696//1696 1697//1697 1695//1695
f 1698//1698 1699//1699 1611//1611 1610//1610
f 1698//1698 1610//1610 23//23 1700//1700
f 1698//1698 1700//1700 1701//1701 1699//1699
f 1702//1702 1703//1703 28//28 1613//1613
f 1702//1702 1613//1613 1603//1603 1691//1691
f 1702//1702 1691//1691 1693//1693 1703//1703
f 1704//1704 1648//1648 1617//1617 1616//1616
f 1704//1704 1616//1616 1607//1607 1695//1695
f 1704//1704 1695//1695 1697//1697 1705//1705
f 1704//1704 1705//1705 1649//1649 1648//1648
f 1706//1706 1654//1654 1621//1621 1620//1620
f 1706//1706 1620//1620 1611//1611 1699//1699
f 1706//1706 1699//1699 1701//1701 1707//1707
f 1706//1706 1707//1707 1655//1655 1654//1654
f 1708//1708 1709//1709 1685//1685 1684//1684
f 1708//1708 1684//1684 1677//1677 1710//1710
f 1708//1708 1710//1710 1711//1711 1712//1712
f 1708//1708 1712//1712 1713//1713 1709//1709
f 1714//1714 1715//1715 1689//1689 1688//1688
f 1714//1714 1688//1688 1681//1681 1716//1716
f 1714//1714 1716//1716 1717//1717 1718//1718
f 1714//1714 1718//1718 1719//1719 1715//1715
f 1720//1720 1721//1721 1693//1693 1692//1692
f 1720//1720 1692//1692 1685//1685 1709//1709
f 1720//1720 1709//1709 1713//1713 1722//1722
f 1720//1720 1722//1722 1723//1723 1721//1721
f 1724//1724 1725//1725 1697//1697 1696//1696
f 1724//1724 1696//1696 1689//1689 1715//1715
f 1724//1724 1715//1715 1719//1719 1726//1726
f 1724//1724 1726//1726 1727//1727 1725//1725
f 1728//1728 1729//1729 1701//1701 1700//1700
f 1728//1728 1700//1700 23//23 1730//1730
f 1728//1728 1730//1730 1731//1731 1729//1729
f 1732//1732 1733//1733 28//28 1703//1703
f 1732//1732 1703//1703 1693//1693 1721//1721
f 1732//1732 1721//1721 1723//1723 1733//1733
f 1734//1734 1735//1735 1649//1649 1705//1705
f 1734//1734 1705//1705 1697//1697 1725//1725
f 1734//1734 1725//1725 1727//1727 1736//1736
f 1734//1734 1736//1736 1737//1737 1735//1735
f 1738//1738 1739//1739 1655//1655 1707//1707
f 1738//1738 1707//1707 1701//1701 1729//1729
f 1738//1738 1729//1729 1731//1731 1740//1740
f 1738//1738 1740//1740 1741//1741 1739//1739
f 1742//1742 1743//1743 1651//1651 1650//1650
f 1742//1742 1650//1650 1649//1649 1735//1735
f 1742//1742 1735//1735 1737//1737 1744//1744
f 1742//1742 1744//1744 1745//1745 1743//1743
f 1746//1746 1747//1747 1657//1657 1656//1656
f 1746//1746 1656//1656 1655//1655 1739//1739
f 1746//1746 1739//1739 1741//1741 1748//1748
f 1746//1746 1748//1748 1749//1749 1747//1747
f 1750//1750 1751//1751 1661//1661 1660//1660
f 1750//1750 1660//1660 1651//1651 1743//1743
f 1750//1750 1743//1743 1745//1745 1752//1752
f 1750//1750 1752//1752 1753//1753 1751//1751
f 1754//1754 1755//1755 1665//1665 1664//1664
f 1754//1754 1664//1664 1657//1657 1747//1747
f 1754//1754 1747//1747 1749//1749 1756//1756
f 1754//1754 1756//1756 1757//1757 1755//1755
f 1758//1758 1759//1759 1669//1669 1668//1668
f 1758//1758 1668//1668 1661//1661 1751//1751
f 1758//1758 1751//1751 1753//1753 1760//1760
f 1758//1758 1760//1760 1761//1761 1759//1759
f 1762//1762 1763//1763 1673//1673 1672//1672
f 1762//1762 1672//1672 1665//1665 1755//1755
f 1762//1762 1755//1755 1757//1757 1764//1764
f 1762//1762 1764//1764 1765//1765 1763//1763
f 1766//1766 1710//1710 1677//1677 1676//1676
f 1766//1766 1676//1676 1669//1669 1759//1759
f 1766//1766 1759//1759 1761//1761 1767//1767
f 1766//1766 1767//1767 1711//1711 1710//1710
f 1768//1768 1716//1716 1681//1681 1680//1680
f 1768//1768 1680//1680 1673//1673 1763//1763
f 1768//1768 1763//1763 1765//1765 1769//1769
f 1768//1768 1769//1769 1717//1717 1716//1716
f 1770//1770 1771//1771 1753//1753 1752//1752
f 1770//1770 1752//1752 1745//1745 1772//1772
f 1770//1770 1772//1772 1773//1773 1774//1774
f 1770//1770 1774//1774 1775//1775 1771//1771
f 1776//1776 1777//1777 1757//1757 1756//1756
f 1776//1776 1756//1756 1749//1749 1778//1778
f 1776//1776 1778//1778 1779//1779 1780//1780
f 1776//1776 1780//1780 1781//1781 1777//1777
f 1782//1782 1783//1783 1761//1761 1760//1760
f 1782//1782 1760//1760 1753//1753 1771//1771
f 1782//1782 1771//1771 1775//1775 1784//1784
f 1782//1782 1784//1784 1785//1785 1783//1783
f 1786//1786 1787//1787 1765//1765 1764//1764
f 1786//1786 1764//1764 1757//1757 1777//1777
f 1786//1786 1777//1777 1781//1781 1788//1788
f 1786//1786 1788//1788 1789//1789 1787//1787
f 1790//1790 1791//1791 1711//1711 1767//1767
f 1790//1790 1767//1767 1761//1761 1783//1783
f 1790//1790 1783//1783 1785//1785 1792//1792
f 1790//1790 1792//1792 1793//1793 1791//1791
f 1794//1794 1795//1795 1717//1717 1769//1769
f 1794//1794 1769//1769 1765//1765 1787//1787
f 1794//1794 1787//1787 1789//1789 1796//1796
f 1794//1794 1796//1796 1797//1797 1795//1795
f 1798//1798 1799//1799 1713//1713 1712//1712
f 1798//1798 1712//1712 1711//1711 1791//1791
f 1798//1798 1791//1791 1793//1793 1800//1800
f 1798//1798 1800//1800 1801//1801 1799//1799
f 1802//1802 1803//1803 1719//1719 1718//1718
f 1802//1802 1718//1718 1717//1717 1795//1795
f 1802//1802 1795//1795 1797//1797 1804//1804
f 1802//1802 1804//1804 1805//1805 1803//1803
f 1806//1806 1807//1807 1723//1723 1722//1722
f 1806//1806 1722//1722 1713//1713 1799//1799
f 1806//1806 1799//1799 1801//1801 1808//1808
f 1806//1806 1808//1808 1809//1809 1807//1807
f 1810//1810 1811//1811 1727//1727 1726//1726
f 1810//1810 1726//1726 1719//1719 1803//1803
f 1810//1810 1803//1803 1805//1805 1812//1812
f 1810//1810 1812//1812 1813//1813 1811//1811
f 1814//1814 1815//1815 1731//1731 1730//1730
f 1814//1814 1730//1730 23//23 1816//1816
f 1814//1814 1816//1816 1817//1817 1815//1815
f 1818//1818 1819//1819 28//28 1733//1733
f 1818//1818 1733//1733 1723//1723 1807//1807
f 1818//1818 1807//1807 1809//1809 1819//1819
f 1820//1820 1821//1821 1737//1737 1736//1736
f 1820//1820 1736//1736 1727//1727 1811//1811
f 1820//1820 1811//1811 1813//1813 1822//1822
f 1820//1820 1822//1822 1823//1823 1821//1821
f 1824//1824 1825//1825 1741//1741 1740//1740
f 1824//1824 1740//1740 1731//1731 1815//1815
f 1824//1824 1815//1815 1817//1817 1826//1826
f 1824//1824 1826//1826 1827//1827 1825//1825
f 1828//1828 1772//1772 1745//1745 1744//1744
f 1828//1828 1744//1744 1737//1737 1821//1821
f 1828//1828 1821//1821 1823//1823 1829//1829
f 1828//1828 1829//1829 1773//1773 1772//1772
f 1830//1830 1778//1778 1749//1749 1748//1748
f 1830//1830 1748//1748 1741//1741 1825//1825
f 1830//1830 1825//1825 1827//1827 1831//1831
f 1830//1830 1831//1831 1779//1779 1778//1778
f 1832//1832 1833//1833 1809//1809 1808//1808
f 1832//1832 1808//1808 1801//1801 1834//1834
f 1832//1832 1834//1834 1835//1835 1836//1836
f 1832//1832 1836//1836 1837//1837 1833//1833
f 1838//1838 1839//1839 1813//1813 1812//1812
f 1838//1838 1812//1812 1805//1805 1840//1840
f 1838//1838 1840//1840 1841//1841 1842//1842
f 1838//1838 1842//1842 1843//1843 1839//1839
f 1844//1844 1845//1845 1817//1817 1816//1816
f 1844//1844 1816//1816 23//23 1846//1846
f 1844//1844 1846//1846 1847//1847 1845//1845
f 1848//1848 1849//1849 28//28 1819//1819
f 1848//1848 1819//1819 1809//1809 1833//1833
f 1848//1848 1833//1833 1837//1837 1849//1849
f 1850//1850 1851//1851 1823//1823 1822//1822
f 1850//1850 1822//1822 1813//1813 1839//1839
f 1850//1850 1839//1839 1843//1843 1852//1852
f 1850//1850 1852//1852 1853//1853 1851//1851
f 1854//1854 1855//1855 1827//1827 1826//1826
f 1854//1854 1826//1826 1817//1817 1845//1845
f 1854//1854 1845//1845 1847//1847 1856//1856
f 1854//1854 1856//1856 1857//1857 1855//1855
f 1858//1858 1859//1859 1773//1773 1829//1829
f 1858//1858 1829//1829 1823//1823 1851//1851
f 1858//1858 1851//1851 1853//1853 1860//1860
f 1858//1858 1860//1860 1861//1861 1859//1859
f 1862//1862 1863//1863 1779//1779 1831//1831
f 1862//1862 1831//1831 1827//1827 1855//1855
f 1862//1862 1855//1855 1857//1857 1864//1864
f 1862//1862 1864//1864 1865//1865 1863//1863
f 1866//1866 1867//1867 1775//1775 1774//1774
f 1866//1866 1774//1774 1773//1773 1859//1859
f 1866//1866 1859//1859 1861//1861 1868//1868
f 1866//1866 1868//1868 1869//1869 1867//1867
f 1870//1870 1871//1871 1781//1781 1780//1780
f 1870//1870 1780//1780 1779//1779 1863//1863
f 1870//1870 1863//1863 1865//1865 1872//1872
f 1870//1870 1872//1872 1873//1873 1871//1871
f 1874//1874 1875//1875 1785//1785 1784//1784
f 1874//1874 1784//1784 1775//1775 1867//1867
f 1874//1874 1867//1867 1869//1869 1876//1876
f 1874//1874 1876//1876 1877//1877 1875//1875
f 1878//1878 1879//1879 1789//1789 1788//1788
f 1878//1878 1788//1788 1781//1781 1871//1871
f 1878//1878 1871//1871 1873//1873 1880//1880
f 1878//1878 1880//1880 1881//1881 1879//1879
f 1882//1882 1883//1883 1793//1793 1792//1792
f 1882//1882 1792//1792 1785//1785 1875//1875
f 1882//1882 1875//1875 1877//1877 1884//1884
f 1882//1882 1884//1884 1885//1885 1883//1883
f 1886//1886 1887//1887 1797//1797 1796//1796
f 1886//1886 1796//1796 1789//1789 1879//1879
f 1886//1886 1879//1879 1881//1881 1888//1888
f 1886//1886 1888//1888 1889//1889 1887//1887
f 1890//1890 1834//1834 1801//1801 1800//1800
f 1890//1890 1800//1800 1793//1793 1883//1883
f 1890//1890 1883//1883 1885//1885 1891//1891
f 1890//1890 1891//1891 1835//1835 1834//1834
f 1892//1892 1840//1840 1805//1805 1804//1804
f 1892//1892 1804//1804 1797//1797 1887//1887
f 1892//1892 1887//1887 1889//1889 1893//1893
f 1892//1892 1893//1893 1841//1841 1840//1840
f 1894//1894 1895//1895 1873//1873 1872//1872
f 1894//1894 1872//1872 1865//1865 1896//1896
f 1894//1894 1896//1896 1897//1897 1898//1898
f 1894//1894 1898//1898 1899//1899 1895//1895
f 1900//1900 1901//1901 1877//1877 1876//1876
f 1900//1900 1876//1876 1869//1869 1902//1902
f 1900//1900 1902//1902 1903//1903 1904//1904
f 1900//1900 1904//1904 1905//1905 1901//1901
f 1906//1906 1907//1907 1881//1881 1880//1880
f 1906//1906 1880//1880 1873//1873 1895//1895
f 1906//1906 1895//1895 1899//1899 1908//1908
f 1906//1906 1908//1908 1909//1909 1907//1907
f 1910//1910 1911//1911 1885//1885 1884//1884
f 1910//1910 1884//1884 1877//1877 1901//1901
f 1910//1910 1901//1901 1905//1905 1912//1912
f 1910//1910 1912//1912 1913//1913 1911//1911
f 1914//1914 1915//1915 1889//1889 1888//1888
f 1914//1914 1888//1888 1881//1881 1907//1907
f 1914//1914 1907//1907 1909//1909 1916//1916
f 1914//1914 1916//1916 1917//1917 1915//1915
f 1918//1918 1919//1919 1835//1835 1891//1891
f 1918//1918 1891//1891 1885//1885 1911//1911
f 1918//1918 1911//1911 1913//1913 1920//1920
f 1918//1918 1920//1920 1921//1921 1919//1919
f 1922//1922 1923//1923 1841//1841 1893//1893
f 1922//1922 1893//1893 1889//1889 1915//1915
f 1922//1922 1915//1915 1917//1917 1924//1924
f 1922//1922 1924//1924 1925//1925 1923//1923
f 1926//1926 1927//1927 1837//1837 1836//1836
f 1926//1926 1836//1836 1835//1835 1919//1919
f 1926//1926 1919//1919 1921//1921 1928//1928
f 1926//1926 1928//1928 1929//1929 1927//1927
f 1930//1930 1931//1931 1843//1843 1842//1842
f 1930//1930 1842//1842 1841//1841 1923//1923
f 1930//1930 1923//1923 1925//1925 1932//1932
f 1930//1930 1932//1932 1933//1933 1931//1931
f 1934//1934 1935//1935 1847//1847 1846//1846
f 1934//1934 1846//1846 23//23 1936//1936
f 1934//1934 1936//1936 1937//1937 1935//1935
f 1938//1938 1939//1939 28//28 1849//1849
f 1938//1938 1849//1849 1837//1837 1927//1927
f 1938//1938 1927//1927 1929//1929 1939//1939
f 1940//1940 1941//1941 1853//1853 1852//1852
f 1940//1940 1852//1852 1843//1843 1931//1931
f 1940//1940 1931//1931 1933//1933 1942//1942
f 1940//1940 1942//1942 1943//1943 1941//1941
f 1944//1944 1945//1945 1857//1857 1856//1856
f 1944//1944 1856//1856 1847//1847 1935//1935
f 1944//1944 1935//1935 1937//1937 1946//1946
f 1944//1944 1946//1946 1947//1947 1945//1945
f 1948//1948 1949//1949 1861//1861 1860//1860
f 1948//1948 1860//1860 1853//1853 1941//1941
f 1948//1948 1941//1941 1943//1943 1950//1950
f 1948//1948 1950//1950 1951//1951 1949//1949
f 1952//1952 1896//1896 1865//1865 1864//1864
f 1952//1952 1864//1864 1857//1857 1945//1945
f 1952//1952 1945//1945 1947//1947 1953//1953
f 1952//1952 1953//1953 1897//1897 1896//1896
f 1954//1954 1902//1902 1869//1869 1868//1868
f 1954//1954 1868//1868 1861//1861 1949//1949
f 1954//1954 1949//1949 1951//1951 1955//1955
f 1954//1954 1955//1955 1903//1903 1902//1902
f 1956//1956 1957//1957 1933//1933 1932//1932
f 1956//1956 1932//1932 1925//1925 1958//1958
f 1956//1956 1958//1958 14//14 13//13
f 1956//1956 13//13 12//12 1957//1957
f 1959//1959 1960//1960 1937//1937 1936//1936
f 1959//1959 1936//1936 23//23 22//22
f 1959//1959 22//22 21//21 1960//1960
f 1961//1961 29//29 28//28 1939//1939
f 1961//1961 1939//1939 1929//1929 1962//1962
f 1961//1961 1962//1962 3//3 29//29
f 1963//1963 1964//1964 1943//1943 1942//1942
f 1963//1963 1942//1942 1933//1933 1957//1957
f 1963//1963 1957//1957 12//12 33//33
f 1963//1963 33//33 32//32 1964//1964
f 1965//1965 1966//1966 1947//1947 1946//1946
f 1965//1965 1946//1946 1937//1937 1960//1960
f 1965//1965 1960//1960 21//21 39//39
f 1965//1965 39//39 38//38 1966//1966
f 1967//1967 1968//1968 1951//1951 1950//1950
f 1967//1967 1950//1950 1943//1943 1964//1964
f 1967//1967 1964//1964 32//32 45//45
f 1967//1967 45//45 44//44 1968//1968
f 1969//1969 1970//1970 1897//1897 1953//1953
f 1969//1969 1953//1953 1947//1947 1966//1966
f 1969//1969 1966//1966 38//38 51//51
f 1969//1969 51//51 50//50 1970//1970
f 1971//1971 1972//1972 1903//1903 1955//1955
f 1971//1971 1955//1955 1951//1951 1968//1968
f 1971//1971 1968//1968 44//44 57//57
f 1971//1971 57//57 56//56 1972//1972
f 1973//1973 1974//1974 1899//1899 1898//1898
f 1973//1973 1898//1898 1897//1897 1970//1970
f 1973//1973 1970//1970 50//50 63//63
f 1973//1973 63//63 62//62 1974//1974
f 1975//1975 1976//1976 1905//1905 1904//1904
f 1975//1975 1904//1904 1903//1903 1972//1972
f 1975//1975 1972//1972 56//56 69//69
f 1975//1975 69//69 68//68 1976//1976
f 1977//1977 1978//1978 1909//1909 1908//1908
f 1977//1977 1908//1908 1899//1899 1974//1974
f 1977//1977 1974//1974 62//62 75//75
f 1977//1977 75//75 74//74 1978//1978
f 1979//1979 1980//1980 1913//1913 1912//1912
f 1979//1979 1912//1912 1905//1905 1976//1976
f 1979//1979 1976//1976 68//68 81//81
f 1979//1979 81//81 80//80 1980//1980
f 1981//1981 1982//1982 1917//1917 1916//1916
f 1981//1981 1916//1916 1909//1909 1978//1978
f 1981//1981 1978//1978 74//74 87//87
f 1981//1981 87//87 86//86 1982//1982
f 1983//1983 1984//1984 1921//1921 1920//1920
f 1983//1983 1920//1920 1913//1913 1980//1980
f 1983//1983 1980//1980 80//80 91//91
f 1983//1983 91//91 5//5 1984//1984
f 1985//1985 1958//1958 1925//1925 1924//1924
f 1985//1985 1924//1924 1917//1917 1982//1982
f 1985//1985 1982//1982 86//86 94//94
f 1985//1985 94//94 14//14 1958//1958
f 1986//1986 1962//1962 1929//1929 1928//1928
f 1986//1986 1928//1928 1921//1921 1984//1984
f 1986//1986 1984//1984 5//5 4//4
f 1986//1986 4//4 3//3 1962//1962
