# Blender v2.79 (sub 0) OBJ File: ''
# www.blender.org
mtllib streetlamp.mtl
o pCylinder2
v 0.180879 8.513630 -0.054650
v 0.155760 8.513630 -0.103950
v 0.155760 8.516506 -0.103950
v 0.180879 8.516506 -0.054650
v 0.116635 8.513630 -0.143075
v 0.116635 8.516506 -0.143075
v 0.067334 8.513630 -0.168195
v 0.067334 8.516506 -0.168195
v 0.012684 8.513630 -0.176851
v 0.012684 8.516506 -0.176851
v -0.041966 8.513630 -0.168195
v -0.041966 8.516506 -0.168195
v -0.091266 8.513630 -0.143075
v -0.091266 8.516506 -0.143075
v -0.130391 8.513630 -0.103950
v -0.130391 8.516506 -0.103950
v -0.155511 8.513630 -0.054650
v -0.155511 8.516506 -0.054650
v -0.164166 8.513630 0.000000
v -0.164166 8.516506 0.000000
v -0.155511 8.513630 0.054650
v -0.155511 8.516506 0.054650
v -0.130391 8.513630 0.103950
v -0.130391 8.516506 0.103950
v -0.091266 8.513630 0.143075
v -0.091266 8.516506 0.143075
v -0.041966 8.513630 0.168195
v -0.041966 8.516506 0.168195
v 0.012684 8.513630 0.176851
v 0.012684 8.516506 0.176851
v 0.067334 8.513630 0.168195
v 0.067334 8.516506 0.168195
v 0.116634 8.513630 0.143075
v 0.116634 8.516506 0.143075
v 0.155759 8.513630 0.103950
v 0.155759 8.516506 0.103950
v 0.180879 8.513630 0.054650
v 0.180879 8.516506 0.054650
v 0.189535 8.513630 0.000000
v 0.189535 8.516506 0.000000
v 0.012684 8.513630 0.000000
v 0.180879 8.793232 -0.054650
v 0.155760 8.793232 -0.103950
v 0.012684 8.793232 0.000000
v 0.116635 8.793232 -0.143075
v 0.067334 8.793232 -0.168195
v 0.012684 8.793232 -0.176851
v -0.041966 8.793232 -0.168195
v -0.091266 8.793232 -0.143075
v -0.130391 8.793232 -0.103950
v -0.155511 8.793232 -0.054650
v -0.164166 8.793232 0.000000
v -0.155511 8.793232 0.054650
v -0.130391 8.793232 0.103950
v -0.091266 8.793232 0.143075
v -0.041966 8.793232 0.168195
v 0.012684 8.793232 0.176851
v 0.067334 8.793232 0.168195
v 0.116634 8.793232 0.143075
v 0.155759 8.793232 0.103950
v 0.180879 8.793232 0.054650
v 0.189535 8.793232 0.000000
v 0.012684 8.789349 0.176851
v 0.067334 8.789349 0.168195
v -0.041966 8.789349 0.168195
v -0.091266 8.789349 0.143075
v -0.130391 8.789349 0.103950
v -0.155511 8.789349 0.054650
v -0.164166 8.789349 0.000000
v -0.155511 8.789349 -0.054650
v -0.130391 8.789349 -0.103950
v -0.091266 8.789349 -0.143075
v -0.041966 8.789349 -0.168195
v 0.012684 8.789349 -0.176851
v 0.067334 8.789349 -0.168195
v 0.116635 8.789349 -0.143075
v 0.155760 8.789349 -0.103950
v 0.180879 8.789349 -0.054650
v 0.189535 8.789349 0.000000
v 0.180879 8.789349 0.054650
v 0.155759 8.789349 0.103950
v 0.116634 8.789349 0.143075
vt 0.220050 0.448910
vt 0.246942 0.445453
vt 0.247170 0.447221
vt 0.220278 0.450678
vt 0.273834 0.441995
vt 0.274061 0.443763
vt 0.300726 0.438537
vt 0.300953 0.440306
vt 0.327618 0.435080
vt 0.327845 0.436848
vt 0.354509 0.431622
vt 0.354737 0.433390
vt 0.381401 0.428164
vt 0.381629 0.429933
vt 0.408293 0.424707
vt 0.408520 0.426475
vt 0.435185 0.421249
vt 0.435412 0.423017
vt 0.462077 0.417792
vt 0.462304 0.419560
vt 0.488968 0.414334
vt 0.489196 0.416102
vt 0.515860 0.410876
vt 0.516088 0.412645
vt 0.542752 0.407419
vt 0.542979 0.409187
vt 0.569644 0.403961
vt 0.569871 0.405729
vt 0.596536 0.400503
vt 0.596763 0.402272
vt 0.623427 0.397046
vt 0.623655 0.398814
vt 0.650319 0.393588
vt 0.650546 0.395356
vt 0.677211 0.390130
vt 0.677438 0.391899
vt 0.704103 0.386673
vt 0.704330 0.388441
vt 0.730995 0.383215
vt 0.731222 0.384983
vt 0.757886 0.379758
vt 0.758114 0.381526
vt 0.627365 0.064554
vt 0.649179 0.108600
vt 0.500001 0.154464
vt 0.592821 0.029371
vt 0.548925 0.006667
vt 0.500072 -0.001190
vt 0.451212 0.006623
vt 0.407295 0.029286
vt 0.372719 0.064437
vt 0.350865 0.108463
vt 0.343765 0.156917
vt 0.351952 0.205012
vt 0.374466 0.248095
vt 0.409010 0.282089
vt 0.452208 0.303829
vt 0.499929 0.311318
vt 0.547657 0.303873
vt 0.590874 0.282172
vt 0.625450 0.248211
vt 0.648003 0.205147
vt 0.656234 0.157061
vt 0.647995 0.892673
vt 0.625434 0.935732
vt 0.500001 0.841964
vt 0.590853 0.969688
vt 0.547631 0.991381
vt 0.499902 0.998818
vt 0.452182 0.991321
vt 0.408988 0.969573
vt 0.374450 0.935574
vt 0.351943 0.892486
vt 0.343765 0.844391
vt 0.350873 0.795937
vt 0.372735 0.751915
vt 0.407317 0.716770
vt 0.451238 0.694114
vt 0.500099 0.686310
vt 0.548950 0.694176
vt 0.592843 0.716887
vt 0.627380 0.752076
vt 0.649187 0.796125
vt 0.656234 0.844588
vt 0.618331 0.570020
vt 0.645223 0.566563
vt 0.645530 0.568950
vt 0.618638 0.572408
vt 0.591440 0.573478
vt 0.591747 0.575866
vt 0.564548 0.576936
vt 0.564855 0.579323
vt 0.537656 0.580393
vt 0.537963 0.582781
vt 0.510764 0.583851
vt 0.511071 0.586238
vt 0.483872 0.587309
vt 0.484179 0.589696
vt 0.456981 0.590766
vt 0.457288 0.593154
vt 0.430089 0.594224
vt 0.430396 0.596611
vt 0.403197 0.597681
vt 0.403504 0.600069
vt 0.376305 0.601139
vt 0.376612 0.603527
vt 0.349413 0.604597
vt 0.349720 0.606984
vt 0.322522 0.608054
vt 0.322829 0.610442
vt 0.295630 0.611512
vt 0.295937 0.613900
vt 0.268738 0.614970
vt 0.269045 0.617357
vt 0.241846 0.618427
vt 0.242153 0.620815
vt 0.752790 0.552732
vt 0.779682 0.549275
vt 0.779989 0.551662
vt 0.753097 0.555120
vt 0.725899 0.556190
vt 0.726206 0.558577
vt 0.699007 0.559648
vt 0.699314 0.562035
vt 0.672115 0.563105
vt 0.672422 0.565493
vn 0.9510 0.0000 -0.3090
vn 0.8090 0.0000 -0.5878
vn 0.9511 0.0000 -0.3090
vn 0.5878 0.0000 -0.8090
vn 0.3090 0.0000 -0.9511
vn 0.0000 0.0000 -1.0000
vn -0.3090 0.0000 -0.9511
vn -0.5878 0.0000 -0.8090
vn -0.8090 0.0000 -0.5878
vn -0.9511 0.0000 -0.3090
vn -1.0000 0.0000 0.0000
vn -0.9511 0.0000 0.3090
vn -0.8090 0.0000 0.5878
vn -0.5878 0.0000 0.8090
vn -0.3090 0.0000 0.9511
vn 0.0000 0.0000 1.0000
vn 0.3090 0.0000 0.9511
vn 0.5878 0.0000 0.8090
vn 0.8090 0.0000 0.5878
vn 0.9510 0.0000 0.3090
vn 0.9511 0.0000 0.3090
vn 1.0000 0.0000 0.0000
vn 0.0000 -1.0000 0.0000
vn 0.0000 1.0000 -0.0000
usemtl phong2SG
s 1
f 1/1/1 2/2/2 3/3/2 4/4/3
f 2/2/2 5/5/4 6/6/4 3/3/2
f 5/5/4 7/7/5 8/8/5 6/6/4
f 7/7/5 9/9/6 10/10/6 8/8/5
f 9/9/6 11/11/7 12/12/7 10/10/6
f 11/11/7 13/13/8 14/14/8 12/12/7
f 13/13/8 15/15/9 16/16/9 14/14/8
f 15/15/9 17/17/10 18/18/10 16/16/9
f 17/17/10 19/19/11 20/20/11 18/18/10
f 19/19/11 21/21/12 22/22/12 20/20/11
f 21/21/12 23/23/13 24/24/13 22/22/12
f 23/23/13 25/25/14 26/26/14 24/24/13
f 25/25/14 27/27/15 28/28/15 26/26/14
f 27/27/15 29/29/16 30/30/16 28/28/15
f 29/29/16 31/31/17 32/32/17 30/30/16
f 31/31/17 33/33/18 34/34/18 32/32/17
f 33/33/18 35/35/19 36/36/19 34/34/18
f 35/35/19 37/37/20 38/38/21 36/36/19
f 37/37/20 39/39/22 40/40/22 38/38/21
f 39/39/22 1/41/1 4/42/3 40/40/22
f 2/43/23 1/44/23 41/45/23
f 5/46/23 2/43/23 41/45/23
f 7/47/23 5/46/23 41/45/23
f 9/48/23 7/47/23 41/45/23
f 11/49/23 9/48/23 41/45/23
f 13/50/23 11/49/23 41/45/23
f 15/51/23 13/50/23 41/45/23
f 17/52/23 15/51/23 41/45/23
f 19/53/23 17/52/23 41/45/23
f 21/54/23 19/53/23 41/45/23
f 23/55/23 21/54/23 41/45/23
f 25/56/23 23/55/23 41/45/23
f 27/57/23 25/56/23 41/45/23
f 29/58/23 27/57/23 41/45/23
f 31/59/23 29/58/23 41/45/23
f 33/60/23 31/59/23 41/45/23
f 35/61/23 33/60/23 41/45/23
f 37/62/23 35/61/23 41/45/23
f 39/63/23 37/62/23 41/45/23
f 1/44/23 39/63/23 41/45/23
f 42/64/24 43/65/24 44/66/24
f 43/65/24 45/67/24 44/66/24
f 45/67/24 46/68/24 44/66/24
f 46/68/24 47/69/24 44/66/24
f 47/69/24 48/70/24 44/66/24
f 48/70/24 49/71/24 44/66/24
f 49/71/24 50/72/24 44/66/24
f 50/72/24 51/73/24 44/66/24
f 51/73/24 52/74/24 44/66/24
f 52/74/24 53/75/24 44/66/24
f 53/75/24 54/76/24 44/66/24
f 54/76/24 55/77/24 44/66/24
f 55/77/24 56/78/24 44/66/24
f 56/78/24 57/79/24 44/66/24
f 57/79/24 58/80/24 44/66/24
f 58/80/24 59/81/24 44/66/24
f 59/81/24 60/82/24 44/66/24
f 60/82/24 61/83/24 44/66/24
f 61/83/24 62/84/24 44/66/24
f 62/84/24 42/64/24 44/66/24
f 63/85/16 64/86/17 58/87/17 57/88/16
f 65/89/15 63/85/16 57/88/16 56/90/15
f 66/91/14 65/89/15 56/90/15 55/92/14
f 67/93/13 66/91/14 55/92/14 54/94/13
f 68/95/12 67/93/13 54/94/13 53/96/12
f 69/97/11 68/95/12 53/96/12 52/98/11
f 70/99/10 69/97/11 52/98/11 51/100/10
f 71/101/9 70/99/10 51/100/10 50/102/9
f 72/103/8 71/101/9 50/102/9 49/104/8
f 73/105/7 72/103/8 49/104/8 48/106/7
f 74/107/6 73/105/7 48/106/7 47/108/6
f 75/109/5 74/107/6 47/108/6 46/110/5
f 76/111/4 75/109/5 46/110/5 45/112/4
f 77/113/2 76/111/4 45/112/4 43/114/2
f 78/115/3 77/113/2 43/114/2 42/116/3
f 79/117/22 78/118/3 42/119/3 62/120/22
f 80/121/21 79/117/22 62/120/22 61/122/21
f 81/123/19 80/121/21 61/122/21 60/124/19
f 82/125/18 81/123/19 60/124/19 59/126/18
f 64/86/17 82/125/18 59/126/18 58/87/17
f 30/30/16 32/32/17 64/86/17 63/85/16
f 28/28/15 30/30/16 63/85/16 65/89/15
f 26/26/14 28/28/15 65/89/15 66/91/14
f 24/24/13 26/26/14 66/91/14 67/93/13
f 22/22/12 24/24/13 67/93/13 68/95/12
f 20/20/11 22/22/12 68/95/12 69/97/11
f 18/18/10 20/20/11 69/97/11 70/99/10
f 16/16/9 18/18/10 70/99/10 71/101/9
f 14/14/8 16/16/9 71/101/9 72/103/8
f 12/12/7 14/14/8 72/103/8 73/105/7
f 10/10/6 12/12/7 73/105/7 74/107/6
f 8/8/5 10/10/6 74/107/6 75/109/5
f 6/6/4 8/8/5 75/109/5 76/111/4
f 3/3/2 6/6/4 76/111/4 77/113/2
f 4/4/3 3/3/2 77/113/2 78/115/3
f 40/40/22 4/42/3 78/118/3 79/117/22
f 38/38/21 40/40/22 79/117/22 80/121/21
f 36/36/19 38/38/21 80/121/21 81/123/19
f 34/34/18 36/36/19 81/123/19 82/125/18
f 32/32/17 34/34/18 82/125/18 64/86/17
o pCube1
v -0.233934 8.837865 0.234509
v -0.233526 8.837865 0.234509
v -0.234799 8.841294 0.235785
v -0.235210 8.841294 0.235785
v -0.235210 8.841294 -0.235785
v -0.234799 8.841294 -0.235785
v -0.233526 8.837865 -0.234509
v -0.233934 8.837865 -0.234509
v -0.246914 8.793024 -0.259599
v -0.246484 8.793024 -0.259599
v -0.246484 8.793024 -0.259265
v -0.246914 8.793024 -0.259265
v 0.260739 8.832826 -0.246301
v 0.260739 8.832826 -0.246619
v 0.262015 8.836254 -0.247894
v 0.262015 8.836254 -0.247575
v -0.235370 8.832826 -0.246619
v -0.235370 8.832826 -0.246301
v -0.236646 8.836254 -0.247575
v -0.236646 8.836254 -0.247894
v -0.638120 9.844593 0.650805
v -0.637042 9.844593 0.650805
v -0.637042 9.845077 0.650805
v -0.638120 9.845077 0.650805
v 0.663489 9.844593 -0.649968
v 0.663489 9.844593 -0.650805
v 0.663489 9.845077 -0.650805
v 0.663489 9.845077 -0.649968
v -0.637042 9.844593 -0.650805
v -0.638120 9.844593 -0.650805
v -0.638120 9.845077 -0.650805
v -0.637042 9.845077 -0.650805
v -0.638120 9.844593 -0.649968
v -0.638120 9.845077 -0.649968
v -0.827472 9.885999 0.840157
v -0.826081 9.885999 0.840157
v -0.828162 9.885999 0.842242
v -0.829558 9.885999 0.842242
v 0.852841 9.885999 -0.839076
v 0.852841 9.885999 -0.840157
v 0.854926 9.885999 -0.842242
v 0.854926 9.885999 -0.841159
v -0.826081 9.885999 -0.840157
v -0.827472 9.885999 -0.840157
v -0.829558 9.885999 -0.842242
v -0.828162 9.885999 -0.842242
v -0.827472 9.885999 -0.839076
v -0.829558 9.885999 -0.841159
v -0.826639 9.888970 0.839324
v -0.825249 9.888970 0.839324
v -0.350531 10.372991 0.363819
v -0.351134 10.372991 0.363819
v 0.852008 9.888970 -0.838244
v 0.852008 9.888970 -0.839324
v 0.376503 10.372991 -0.363817
v 0.376503 10.372991 -0.363349
v -0.825249 9.888970 -0.839324
v -0.826639 9.888970 -0.839324
v -0.351134 10.372991 -0.363817
v -0.350531 10.372991 -0.363817
v -0.826639 9.888970 -0.838244
v -0.351134 10.372991 -0.363349
v -0.246914 8.793024 0.259599
v -0.246484 8.793024 0.259599
v -0.245762 8.794764 0.260246
v -0.246190 8.794764 0.260246
v 0.272283 8.793024 0.259599
v 0.273626 8.796634 0.260941
v 0.272898 8.798363 0.261585
v 0.271559 8.794764 0.260246
v -0.636305 9.843401 0.650361
v -0.635230 9.843401 0.650361
v -0.247529 8.798363 0.261585
v -0.248257 8.796634 0.260941
v -0.604556 9.823205 -0.642848
v -0.605580 9.823205 -0.642848
v 0.273626 8.796634 -0.260941
v 0.272283 8.793024 -0.259599
v 0.259303 8.824214 -0.271201
v 0.260579 8.827643 -0.272476
v -0.233934 8.824214 -0.271201
v -0.233526 8.824214 -0.271201
v -0.248257 8.796634 -0.260941
v -0.235210 8.827643 -0.272476
v -0.233934 8.824214 0.271202
v -0.233526 8.824214 0.271202
v 0.259303 8.824214 0.271202
v 0.260579 8.827643 0.272478
v 0.260579 8.841294 0.235785
v 0.259303 8.837865 0.234509
v -0.604556 9.823205 0.642848
v -0.605580 9.823205 0.642848
v -0.605580 9.836855 0.606155
v -0.604556 9.836855 0.606155
v -0.235210 8.827643 0.272478
v -0.604556 9.836855 -0.606155
v -0.605580 9.836855 -0.606155
v 0.259303 8.837865 -0.234509
v 0.260579 8.841294 -0.235785
v 0.272283 8.793024 -0.259265
v 0.283886 8.824214 -0.246619
v 0.283886 8.824214 -0.246301
v 0.285162 8.827643 -0.247894
v 0.655532 9.823205 -0.617469
v 0.655532 9.823205 -0.618265
v 0.283886 8.824214 0.246619
v 0.285162 8.827643 0.247894
v -0.247570 8.794787 -0.258532
v -0.247570 8.794787 -0.258865
v -0.248909 8.798386 0.260204
v -0.247570 8.794787 0.258865
v -0.637671 9.843385 -0.648966
v -0.637671 9.843385 -0.648131
v -0.248909 8.798386 -0.260204
v 0.632385 9.831816 -0.617469
v 0.632385 9.831816 -0.618265
v 0.260739 8.832826 0.246619
v 0.262015 8.836254 0.247894
v -0.258518 8.824214 -0.246619
v -0.258518 8.824214 -0.246301
v -0.257732 8.824507 -0.246301
v -0.257732 8.824507 -0.246619
v -0.258518 8.824214 0.246619
v -0.259793 8.827643 0.247894
v -0.259007 8.827935 0.247894
v -0.257732 8.824507 0.246619
v -0.630163 9.823205 -0.617469
v -0.630163 9.823205 -0.618265
v -0.629377 9.823497 -0.618265
v -0.629377 9.823497 -0.617469
v -0.259793 8.827643 -0.247894
v -0.259007 8.827936 -0.247894
v 0.165812 10.373673 -0.153127
v 0.375833 10.373673 -0.363148
v 0.373161 10.373673 -0.363148
v -0.347774 10.373673 -0.363148
v -0.349863 10.373673 -0.363148
v -0.350465 10.373673 -0.363148
v -0.140444 10.373673 -0.153127
v -0.137891 10.373673 -0.150575
v 0.163260 10.373673 -0.150575
v -0.350465 10.373673 -0.362681
v -0.350465 10.373673 0.360783
v -0.350465 10.373673 0.363149
v -0.140444 10.373673 0.153128
v -0.137891 10.373673 0.150577
v 0.165812 10.373673 0.153128
v 0.163260 10.373673 0.150577
v -0.349863 10.373673 0.363149
v -0.347774 10.373673 0.363149
v 0.373161 10.373673 0.363149
v 0.375833 10.373673 0.363149
v 0.375833 10.373673 0.360783
v 0.375833 10.373673 -0.362681
v 0.845830 9.888970 -0.839324
v -0.820421 9.888970 -0.839324
v -0.348439 10.372991 -0.363817
v 0.373825 10.372991 -0.363817
v 0.846657 9.885999 -0.840157
v -0.821248 9.885999 -0.840157
v -0.823318 9.885999 -0.842242
v 0.848727 9.885999 -0.842242
v 0.658699 9.844593 -0.650805
v -0.633299 9.844593 -0.650805
v -0.633299 9.845077 -0.650805
v 0.658699 9.845077 -0.650805
v -0.601000 9.823205 -0.642848
v 0.626398 9.823205 -0.642848
v -0.601000 9.836855 -0.606155
v 0.626398 9.836855 -0.606155
v -0.232107 8.837865 -0.234509
v -0.233374 8.841294 -0.235785
v 0.258754 8.841294 -0.235785
v 0.257488 8.837865 -0.234509
v 0.257488 8.824214 -0.271201
v -0.232107 8.824214 -0.271201
v 0.270372 8.793024 -0.259599
v -0.244991 8.793024 -0.259599
v -0.244991 8.793024 -0.259265
v 0.270372 8.793024 -0.259265
v -0.244273 8.794764 0.260246
v -0.244991 8.793024 0.259599
v 0.270372 8.793024 0.259599
v 0.269654 8.794764 0.260246
v -0.232107 8.837865 0.234509
v -0.232107 8.824214 0.271202
v 0.257488 8.824214 0.271202
v 0.257488 8.837865 0.234509
v -0.233374 8.841294 0.235785
v 0.258754 8.841294 0.235785
v 0.626398 9.823205 0.642848
v -0.601000 9.823205 0.642848
v -0.601000 9.836855 0.606155
v 0.626398 9.836855 0.606155
v 0.658699 9.844593 0.650805
v -0.633299 9.844593 0.650805
v -0.631497 9.843401 0.650361
v 0.656897 9.843401 0.650361
v -0.633299 9.845077 0.650805
v 0.658699 9.845077 0.650805
v -0.823318 9.885999 0.842242
v -0.821248 9.885999 0.840157
v 0.846657 9.885999 0.840157
v 0.848727 9.885999 0.842242
v -0.348439 10.372991 0.363819
v -0.820421 9.888970 0.839324
v 0.845830 9.888970 0.839324
v 0.373825 10.372991 0.363819
v -0.637862 9.843898 0.650547
v -0.637413 9.842692 0.648709
v -0.629918 9.822544 0.618019
v -0.629132 9.822837 0.618019
v -0.606770 9.831156 -0.617224
v -0.606770 9.831156 -0.618019
v -0.629918 9.822544 -0.618019
v -0.629132 9.822837 -0.618019
v -0.637862 9.843898 -0.650546
v -0.637413 9.842692 -0.648708
v -0.605335 9.822544 -0.642602
v -0.605335 9.836195 -0.605910
v -0.604311 9.836195 -0.605910
v -0.600756 9.836195 -0.605910
v 0.626155 9.836195 -0.605910
v 0.630703 9.822544 -0.642602
v 0.630703 9.836195 -0.605910
v 0.663230 9.843898 -0.650546
v 0.655286 9.822544 -0.618019
v 0.632139 9.831156 -0.618019
v 0.632139 9.831156 -0.617224
v 0.655286 9.822544 0.618019
v 0.632139 9.831156 0.618019
v 0.663230 9.843898 0.650547
v 0.661416 9.842708 0.650104
v 0.630703 9.822544 0.642603
v 0.630703 9.836195 0.605910
v -0.600756 9.836195 0.605910
v 0.626155 9.836195 0.605910
v -0.604311 9.836195 0.605910
v -0.605335 9.836195 0.605910
v -0.605335 9.822544 0.642603
v -0.636047 9.842708 0.650104
v 0.630949 9.823205 -0.642848
v 0.630949 9.836855 -0.606155
v 0.630949 9.823205 0.642848
v 0.630949 9.836855 0.606155
v 0.663489 9.844593 0.650805
v 0.661674 9.843401 0.650361
v 0.663489 9.845077 0.650805
v 0.852841 9.885999 0.840157
v 0.854926 9.885999 0.842242
v 0.852008 9.888970 0.839324
v 0.376503 10.372991 0.363819
v 0.852008 9.888970 0.833856
v 0.376503 10.372991 0.361448
v 0.852841 9.885999 0.834684
v 0.854926 9.885999 0.836755
v 0.663489 9.844593 0.646565
v 0.663489 9.845077 0.646565
v 0.655532 9.823205 0.614237
v 0.655532 9.823205 0.618265
v 0.632385 9.831816 0.614237
v 0.632385 9.831816 0.618265
v 0.262015 8.836254 0.246279
v 0.632139 9.831156 0.613993
v 0.260739 8.832826 0.245012
v 0.283886 8.824214 0.245012
v 0.272283 8.793024 0.257908
v 0.270372 8.793024 0.257908
v -0.244991 8.793024 0.257908
v -0.246914 8.793024 0.257908
v -0.246484 8.793024 0.257908
v -0.247570 8.794787 0.257179
v -0.257732 8.824507 0.245012
v -0.258518 8.824214 0.245012
v -0.236646 8.836254 0.246279
v -0.235370 8.832826 0.245012
v -0.235370 8.832826 0.246619
v -0.236646 8.836254 0.247894
v -0.606770 9.831156 0.613993
v -0.606770 9.831156 0.618019
v -0.630163 9.823205 0.618265
v -0.630163 9.823205 0.614237
v -0.629377 9.823497 0.614237
v -0.629377 9.823497 0.618265
v -0.638120 9.844593 0.646565
v -0.637671 9.843385 0.644739
v -0.637671 9.843385 0.648966
v -0.638120 9.845077 0.646565
v -0.829558 9.885999 0.836755
v -0.827472 9.885999 0.834684
v -0.351134 10.372991 0.361448
v -0.826639 9.888970 0.833856
v -0.630273 9.823498 -0.618711
v -0.630273 9.823498 -0.617915
v -0.630273 9.823498 0.614681
v -0.630273 9.823498 0.618711
v -0.630027 9.822838 0.618466
v -0.259635 8.827217 0.248073
v -0.258358 8.823786 0.246797
v -0.258358 8.823786 0.245189
v -0.258358 8.823786 -0.246479
v -0.258358 8.823786 -0.246797
v -0.259635 8.827217 -0.248073
v -0.630027 9.822838 -0.618466
v -0.607752 9.831542 -0.618265
v -0.607752 9.831542 -0.617469
v -0.607752 9.831542 0.614237
v -0.607752 9.831542 0.618265
v -0.237382 8.835981 0.247894
v -0.607506 9.830882 0.618019
v -0.236106 8.832552 0.246619
v -0.236106 8.832552 0.245012
v -0.236106 8.832552 -0.246301
v -0.236106 8.832552 -0.246619
v -0.237382 8.835981 -0.247894
v -0.607506 9.830882 -0.618019
v -0.607016 9.831816 -0.618265
v -0.607016 9.831816 -0.617469
v -0.607016 9.831816 0.614237
v -0.607016 9.831816 0.618265
v -0.638120 9.885187 -0.650805
v -0.637042 9.885187 -0.650805
v -0.633299 9.885187 -0.650805
v 0.658699 9.885187 -0.650805
v 0.663489 9.885187 -0.650805
v 0.663489 9.885187 -0.649968
v 0.663489 9.885187 0.646565
v 0.663489 9.885187 0.650805
v 0.658699 9.885187 0.650805
v -0.633299 9.885187 0.650805
v -0.637042 9.885187 0.650805
v -0.638120 9.885187 0.650805
v -0.638120 9.885187 0.646565
v -0.638120 9.885187 -0.649968
v -0.638120 9.885999 -0.650805
v -0.637042 9.885999 -0.650805
v -0.633299 9.885999 -0.650805
v 0.658699 9.885999 -0.650805
v 0.663489 9.885999 -0.650805
v 0.663489 9.885999 -0.649968
v 0.663489 9.885999 0.646565
v 0.663489 9.885999 0.650805
v 0.658699 9.885999 0.650805
v -0.633299 9.885999 0.650805
v -0.637042 9.885999 0.650805
v -0.638120 9.885999 0.650805
v -0.638120 9.885999 0.646565
v -0.638120 9.885999 -0.649968
v -0.639832 9.885999 -0.652517
v -0.638751 9.885999 -0.652517
v -0.639832 9.885999 -0.651678
v -0.639832 9.885999 0.648266
v -0.639832 9.885999 0.652517
v -0.638751 9.885999 0.652517
v -0.634998 9.885999 0.652517
v 0.660398 9.885999 0.652517
v 0.665201 9.885999 0.652517
v 0.665201 9.885999 0.648266
v 0.665201 9.885999 -0.651678
v 0.665201 9.885999 -0.652517
v 0.660398 9.885999 -0.652517
v -0.634998 9.885999 -0.652517
vt 0.625000 0.250000
vt 0.625000 0.500000
vt 0.375000 0.500000
vt 0.375000 0.250000
vt 0.375000 0.000000
vt 0.375207 0.000000
vt 0.375207 0.000858
vt 0.375000 0.000858
vt 0.375000 0.749142
vt 0.375207 0.749142
vt 0.375207 0.750000
vt 0.375000 0.750000
vt 0.375000 0.750000
vt 0.375207 0.750000
vt 0.375207 0.750161
vt 0.375000 0.750161
vt 0.874839 0.000000
vt 0.875000 0.000000
vt 0.875000 0.000858
vt 0.874839 0.000858
vt 0.125000 0.000000
vt 0.125161 0.000000
vt 0.125161 0.000858
vt 0.125000 0.000858
vt 0.375000 0.250000
vt 0.375207 0.250000
vt 0.375207 0.250000
vt 0.375000 0.250000
vt 0.625000 0.499839
vt 0.625000 0.500000
vt 0.625000 0.500000
vt 0.625000 0.499839
vt 0.375207 0.500000
vt 0.375000 0.500000
vt 0.375000 0.500000
vt 0.375207 0.500000
vt 0.375000 0.499839
vt 0.375000 0.499839
vt 0.375000 0.250000
vt 0.375207 0.250000
vt 0.375207 0.250000
vt 0.375000 0.250000
vt 0.625000 0.499839
vt 0.625000 0.500000
vt 0.625000 0.500000
vt 0.625000 0.499839
vt 0.375207 0.500000
vt 0.375000 0.500000
vt 0.375000 0.500000
vt 0.375207 0.500000
vt 0.375000 0.499839
vt 0.375000 0.499839
vt 0.375000 0.250000
vt 0.375207 0.250000
vt 0.375207 0.250000
vt 0.375000 0.250000
vt 0.625000 0.499839
vt 0.625000 0.500000
vt 0.625000 0.500000
vt 0.625000 0.499839
vt 0.375207 0.500000
vt 0.375000 0.500000
vt 0.375000 0.500000
vt 0.375207 0.500000
vt 0.375000 0.499839
vt 0.375000 0.499839
vt 0.375000 0.000000
vt 0.375207 0.000000
vt 0.375207 0.000000
vt 0.375000 0.000000
vt 0.625000 0.000000
vt 0.625000 0.000858
vt 0.625000 0.000858
vt 0.625000 0.000000
vt 0.375000 0.250000
vt 0.375207 0.250000
vt 0.375000 0.000858
vt 0.375000 0.000858
vt 0.375207 0.500000
vt 0.375000 0.500000
vt 0.625000 0.749142
vt 0.625000 0.750000
vt 0.625000 0.750000
vt 0.625000 0.749142
vt 0.375000 0.750000
vt 0.375207 0.750000
vt 0.375000 0.749142
vt 0.375000 0.749142
vt 0.375000 0.000000
vt 0.375207 0.000000
vt 0.625000 0.000000
vt 0.625000 0.000858
vt 0.625000 0.000858
vt 0.625000 0.000000
vt 0.375207 0.250000
vt 0.375000 0.250000
vt 0.375000 0.250000
vt 0.375207 0.250000
vt 0.375000 0.000858
vt 0.375207 0.500000
vt 0.375000 0.500000
vt 0.625000 0.750000
vt 0.625000 0.749142
vt 0.874839 0.000000
vt 0.875000 0.000000
vt 0.875000 0.000000
vt 0.874839 0.000000
vt 0.875000 0.000858
vt 0.875000 0.000858
vt 0.875000 0.250000
vt 0.874839 0.250000
vt 0.874839 0.250000
vt 0.875000 0.250000
vt 0.625000 0.000000
vt 0.625000 0.000858
vt 0.125000 0.000000
vt 0.125161 0.000000
vt 0.125161 0.000000
vt 0.125000 0.000000
vt 0.375000 0.000858
vt 0.375000 0.000000
vt 0.125161 0.250000
vt 0.125000 0.250000
vt 0.125000 0.250000
vt 0.125161 0.250000
vt 0.125000 0.000858
vt 0.125000 0.000858
vt 0.874839 0.250000
vt 0.875000 0.250000
vt 0.625000 0.000000
vt 0.625000 0.000858
vt 0.125000 0.000000
vt 0.125161 0.000000
vt 0.125161 0.000000
vt 0.125000 0.000000
vt 0.375000 0.000000
vt 0.375000 0.000858
vt 0.375000 0.000858
vt 0.375000 0.000000
vt 0.125161 0.250000
vt 0.125000 0.250000
vt 0.125000 0.250000
vt 0.125161 0.250000
vt 0.125000 0.000858
vt 0.125000 0.000858
vt 0.625000 0.500000
vt 0.625000 0.500000
vt 0.624080 0.500000
vt 0.375926 0.500000
vt 0.375207 0.500000
vt 0.375000 0.500000
vt 0.375000 0.500000
vt 0.375000 0.499839
vt 0.375000 0.250814
vt 0.375000 0.250000
vt 0.375000 0.250000
vt 0.625000 0.250000
vt 0.375207 0.250000
vt 0.375926 0.250000
vt 0.624080 0.250000
vt 0.625000 0.250000
vt 0.625000 0.250814
vt 0.625000 0.499839
vt 0.624080 0.500000
vt 0.375926 0.500000
vt 0.375926 0.500000
vt 0.624080 0.500000
vt 0.624080 0.500000
vt 0.375926 0.500000
vt 0.375926 0.500000
vt 0.624080 0.500000
vt 0.624080 0.500000
vt 0.375926 0.500000
vt 0.375926 0.500000
vt 0.624080 0.500000
vt 0.375926 0.500000
vt 0.624080 0.500000
vt 0.375926 0.500000
vt 0.624080 0.500000
vt 0.375926 0.750000
vt 0.375926 0.749142
vt 0.624080 0.749142
vt 0.624080 0.750000
vt 0.624080 0.750000
vt 0.375926 0.750000
vt 0.624080 0.750000
vt 0.375926 0.750000
vt 0.375926 0.750161
vt 0.624080 0.750161
vt 0.375926 0.000000
vt 0.375926 0.000000
vt 0.624080 0.000000
vt 0.624080 0.000000
vt 0.375926 0.000000
vt 0.375926 0.000000
vt 0.624080 0.000000
vt 0.624080 0.000000
vt 0.375926 0.000858
vt 0.624080 0.000858
vt 0.624080 0.250000
vt 0.375926 0.250000
vt 0.375926 0.250000
vt 0.624080 0.250000
vt 0.624080 0.250000
vt 0.375926 0.250000
vt 0.375926 0.250000
vt 0.624080 0.250000
vt 0.375926 0.250000
vt 0.624080 0.250000
vt 0.375926 0.250000
vt 0.375926 0.250000
vt 0.624080 0.250000
vt 0.624080 0.250000
vt 0.375926 0.250000
vt 0.375926 0.250000
vt 0.624080 0.250000
vt 0.624080 0.250000
vt 0.375000 0.249835
vt 0.375000 0.249835
vt 0.375000 0.249835
vt 0.375000 0.249835
vt 0.125161 0.249835
vt 0.125000 0.249835
vt 0.125000 0.249835
vt 0.125000 0.249835
vt 0.125000 0.249835
vt 0.125000 0.249835
vt 0.375000 0.500165
vt 0.375000 0.500165
vt 0.375000 0.500165
vt 0.375207 0.500165
vt 0.625000 0.500165
vt 0.625000 0.500165
vt 0.625000 0.500165
vt 0.875000 0.249835
vt 0.875000 0.249835
vt 0.875000 0.249835
vt 0.874839 0.249835
vt 0.625000 0.249835
vt 0.625000 0.249835
vt 0.625000 0.249835
vt 0.625000 0.249835
vt 0.625000 0.249835
vt 0.625000 0.249835
vt 0.375207 0.249835
vt 0.375000 0.249835
vt 0.375000 0.249835
vt 0.375000 0.249835
vt 0.625000 0.500000
vt 0.625000 0.500000
vt 0.624080 0.500165
vt 0.625000 0.750161
vt 0.624080 0.249835
vt 0.625000 0.250000
vt 0.625000 0.250000
vt 0.625000 0.250000
vt 0.625000 0.250000
vt 0.625000 0.250000
vt 0.625000 0.250000
vt 0.625000 0.250000
vt 0.625000 0.250000
vt 0.625000 0.250000
vt 0.625000 0.250814
vt 0.625000 0.250814
vt 0.625000 0.250814
vt 0.625000 0.250814
vt 0.625000 0.250814
vt 0.625000 0.250814
vt 0.625814 0.250000
vt 0.625814 0.250000
vt 0.625000 0.250000
vt 0.625814 0.250000
vt 0.625000 0.250000
vt 0.625814 0.000858
vt 0.625814 0.249835
vt 0.625814 0.000000
vt 0.625814 0.000000
vt 0.625814 0.000000
vt 0.624080 1.000000
vt 0.624080 0.999186
vt 0.625000 0.999186
vt 0.625000 1.000000
vt 0.375926 1.000000
vt 0.375926 0.999186
vt 0.375000 0.999186
vt 0.375207 0.999186
vt 0.375207 1.000000
vt 0.375000 1.000000
vt 0.374186 0.000000
vt 0.374186 0.000000
vt 0.374186 0.000000
vt 0.374186 0.000000
vt 0.374186 0.000858
vt 0.374186 0.000000
vt 0.375000 0.000000
vt 0.375000 0.000858
vt 0.374186 0.249835
vt 0.375000 0.249835
vt 0.375000 0.250000
vt 0.374186 0.250000
vt 0.374186 0.250000
vt 0.375000 0.250000
vt 0.374186 0.250000
vt 0.374186 0.250000
vt 0.375000 0.250000
vt 0.375000 0.250814
vt 0.375000 0.250814
vt 0.375000 0.250814
vt 0.375000 0.250814
vt 0.375000 0.250814
vt 0.375000 0.250814
vt 0.125000 0.250000
vt 0.125161 0.250000
vt 0.374186 0.250000
vt 0.375000 0.250000
vt 0.375000 0.249835
vt 0.375000 0.000858
vt 0.375000 0.000000
vt 0.374186 0.000000
vt 0.125161 0.000000
vt 0.125000 0.000000
vt 0.125000 0.000858
vt 0.125000 0.249835
vt 0.125000 0.250000
vt 0.125161 0.250000
vt 0.374186 0.250000
vt 0.375000 0.250000
vt 0.375000 0.000858
vt 0.375000 0.249835
vt 0.375000 0.000000
vt 0.374186 0.000000
vt 0.125161 0.000000
vt 0.125000 0.000000
vt 0.125000 0.000858
vt 0.125000 0.249835
vt 0.125000 0.250000
vt 0.125161 0.250000
vt 0.374186 0.250000
vt 0.375000 0.250000
vt 0.375926 0.500165
vt 0.375926 0.249835
vt 0.375000 0.500000
vt 0.375207 0.500000
vt 0.375926 0.500000
vt 0.624080 0.500000
vt 0.625000 0.500000
vt 0.625000 0.499839
vt 0.625000 0.250814
vt 0.625000 0.250000
vt 0.624080 0.250000
vt 0.375926 0.250000
vt 0.375207 0.250000
vt 0.375000 0.250000
vt 0.375000 0.250814
vt 0.375000 0.499839
vt 0.375000 0.500000
vt 0.375207 0.500000
vt 0.375926 0.500000
vt 0.624080 0.500000
vt 0.625000 0.500000
vt 0.625000 0.499839
vt 0.625000 0.250814
vt 0.625000 0.250000
vt 0.624080 0.250000
vt 0.375926 0.250000
vt 0.375207 0.250000
vt 0.375000 0.250000
vt 0.375000 0.250814
vt 0.375000 0.499839
vt 0.375000 0.500000
vt 0.375207 0.500000
vt 0.375000 0.499839
vt 0.375000 0.250814
vt 0.375000 0.250000
vt 0.375207 0.250000
vt 0.375926 0.250000
vt 0.624080 0.250000
vt 0.625000 0.250000
vt 0.625000 0.250814
vt 0.625000 0.499839
vt 0.625000 0.500000
vt 0.624080 0.500000
vt 0.375926 0.500000
vn 0.0000 1.0000 0.0000
vn 0.0000 -0.3487 0.9372
vn 0.0000 -0.3487 -0.9372
vn 0.0000 -1.0000 0.0000
vn 0.9372 -0.3488 0.0000
vn 0.9374 -0.3483 -0.0000
vn 0.9372 -0.3487 0.0000
vn -0.9372 -0.3488 0.0000
vn -0.9372 -0.3487 0.0000
vn 0.0000 -0.2273 0.9738
vn 0.0000 -0.2248 0.9744
vn 0.0000 0.0000 1.0000
vn 0.9435 -0.3313 0.0000
vn 0.9405 -0.3397 -0.0000
vn 1.0000 0.0000 0.0000
vn 0.0000 -0.3383 -0.9410
vn -0.0001 -0.3386 -0.9409
vn 0.0000 0.0000 -1.0000
vn -0.9714 -0.2376 0.0000
vn -0.9836 -0.1806 0.0000
vn -1.0000 0.0000 0.0000
vn 0.0000 -1.0000 0.0001
vn 0.0000 -1.0000 0.0002
vn -0.0000 0.7010 0.7132
vn 0.0000 0.7007 0.7134
vn 0.0000 0.7005 0.7136
vn 0.7134 0.7007 0.0000
vn 0.7135 0.7007 0.0000
vn 0.7136 0.7006 0.0000
vn 0.0000 0.7007 -0.7134
vn 0.0000 0.7007 -0.7135
vn -0.0000 0.7010 -0.7132
vn 0.0000 0.7008 -0.7134
vn -0.7134 0.7008 0.0000
vn -0.7133 0.7009 0.0000
vn -0.7136 0.7005 0.0000
vn -0.0001 -0.3486 0.9373
vn 0.0002 -0.3487 0.9372
vn 0.0001 -0.3486 0.9373
vn 0.0003 -0.3487 0.9373
vn 0.0001 -0.3487 0.9372
vn 0.0000 -0.3490 0.9371
vn -0.0001 -0.3487 0.9372
vn 0.0000 -0.3486 0.9373
vn 0.0000 -0.3486 -0.9373
vn 0.0002 -0.3486 -0.9373
vn 0.0001 -0.3486 -0.9373
vn -0.0003 -0.3488 -0.9372
vn -0.0001 -0.3486 -0.9373
vn 0.0001 -0.3487 -0.9372
vn 0.0000 0.9372 0.3487
vn -0.9442 0.3086 0.1148
vn 0.0000 -0.9372 -0.3487
vn 0.9442 0.3086 0.1148
vn 0.0000 -0.9372 0.3487
vn -0.9442 0.3086 -0.1148
vn 0.0000 0.9372 -0.3487
vn 0.9442 0.3086 -0.1148
vn 0.9372 -0.3487 -0.0001
vn -0.9373 -0.3486 0.0000
vn -0.9373 -0.3487 -0.0001
vn -0.9372 -0.3487 -0.0002
vn -0.9372 -0.3487 -0.0001
vn -0.9372 -0.3489 0.0000
vn -0.9372 -0.3487 0.0001
vn -0.9372 -0.3487 0.0002
vn 0.3487 0.9372 0.0000
vn 0.1149 0.3088 0.9442
vn 0.1148 0.3085 0.9443
vn -0.3487 -0.9373 0.0000
vn 0.1148 0.3085 -0.9443
vn 0.1148 0.3087 -0.9442
vn -0.3486 0.9373 -0.0000
vn -0.3488 0.9372 -0.0000
vn -0.3489 0.9372 0.0000
vn -0.1147 0.3085 -0.9443
vn -0.1147 0.3084 -0.9443
vn 0.3487 -0.9372 0.0000
vn 0.3486 -0.9373 0.0000
vn 0.3484 -0.9374 0.0000
vn -0.1146 0.3084 0.9443
vn -0.1149 0.3084 0.9443
vn -0.1148 0.3084 0.9443
vn -0.1148 0.3085 0.9443
vn -0.0000 0.7009 -0.7133
vn 0.0000 -0.3316 -0.9434
vn -0.0000 -0.3314 -0.9435
vn 0.0000 -0.9373 0.3487
vn 0.0000 -0.9373 -0.3487
vn 0.0000 -0.1807 0.9835
vn 0.0000 -0.1805 0.9836
vn 0.0000 -0.3488 0.9372
vn 0.0000 -1.0000 -0.0001
vn 0.0000 -1.0000 -0.0002
vn 0.0000 0.7006 0.7136
vn 0.0000 0.7007 0.7135
vn -0.9373 -0.3485 -0.0001
vn -0.9372 -0.3489 0.0002
vn -0.1148 0.3084 -0.9443
vn -0.1148 0.3088 -0.9442
vn -0.9371 -0.3490 0.0000
vn -0.9371 -0.3491 0.0000
vn -0.1147 0.3084 0.9443
vn -0.1149 0.3088 0.9442
vn -0.9372 -0.3489 -0.0002
vn 0.9443 0.3086 -0.1148
vn 0.9442 0.3087 -0.1148
vn 0.0000 -0.3483 -0.9374
vn -0.9442 0.3088 -0.1149
vn 0.9373 -0.3486 0.0001
vn 0.1148 0.3086 0.9442
vn 0.9371 -0.3490 0.0000
vn 0.1148 0.3086 -0.9442
vn 0.9372 -0.3487 0.0002
vn 0.9373 -0.3486 -0.0002
vn -0.0000 -0.3487 0.9373
vn -0.9442 0.3088 0.1149
vn 0.0000 -0.3484 0.9374
vn 0.0000 -0.3484 0.9373
vn 0.9444 0.3083 0.1147
vn 0.0000 -0.3337 -0.9427
vn 0.0000 -0.3482 0.9374
vn 0.0000 -0.3485 0.9373
vn 0.0000 -0.1931 0.9812
vn 0.0000 0.7006 0.7135
vn -0.0000 0.7009 0.7133
vn 0.9426 -0.3340 -0.0000
vn 0.9434 -0.3315 -0.0000
vn 0.9372 -0.3488 0.0003
vn -0.3487 -0.9372 0.0000
vn 0.9371 -0.3489 0.0000
vn -0.3487 0.9372 -0.0000
vn -0.3491 0.9371 0.0000
vn 0.3488 -0.9372 0.0000
vn -0.9806 -0.1958 -0.0000
vn -0.9834 -0.1816 -0.0000
vn -0.9373 -0.3485 0.0000
vn -0.9373 -0.3485 0.0001
vn -0.9374 -0.3484 0.0000
vn -0.9373 -0.3484 0.0002
vn -0.9371 -0.3489 0.0000
vn -0.9374 -0.3482 -0.0000
vn -0.9371 -0.3492 -0.0000
vn -0.9374 -0.3483 0.0005
vn -0.9373 -0.3484 0.0003
vn -0.9373 -0.3484 -0.0004
vn -0.9374 -0.3484 -0.0005
vn -0.1147 0.3086 -0.9443
vn -0.1150 0.3086 -0.9442
vn -0.1147 0.3085 0.9443
vn -0.1147 0.3086 0.9443
vn -0.1148 0.3088 0.9442
vn -0.1146 0.3086 -0.9443
vn -0.1150 0.3084 -0.9443
vn -0.1146 0.3087 -0.9442
vn -0.1146 0.3087 0.9442
vn -0.1147 0.3088 0.9442
vn -0.1148 0.3086 0.9442
vn -0.1148 0.3086 0.9443
vn 0.9442 0.3088 -0.1148
vn 0.0000 -0.3482 -0.9374
vn 0.0000 -0.3479 -0.9375
vn -0.9442 0.3087 -0.1148
vn 0.9370 -0.3492 0.0000
vn -0.9443 0.3086 0.1148
vn 0.0000 -0.3483 0.9374
vn 0.0000 -0.3481 0.9374
vn 0.9443 0.3084 0.1148
vn -0.1149 0.3089 -0.9441
vn -0.1149 0.3090 -0.9441
vn -0.1149 0.3090 0.9441
vn -0.0000 -1.0000 0.0003
vn 0.0000 0.7006 -0.7135
vn 0.0000 0.7008 0.7134
vn 0.7135 0.7006 0.0000
vn 0.7132 0.7009 -0.0000
vn 0.7133 0.7008 -0.0000
vn -0.0000 0.7008 0.7133
vn -0.7134 0.7007 -0.0000
vn -0.7132 0.7009 0.0000
usemtl phongE1SG
s off
f 230/127/25 223/128/25 222/129/25 228/130/25
s 1
f 83/131/26 84/132/26 85/133/26 86/134/26
f 87/135/27 88/136/27 89/137/27 90/138/27
f 91/139/28 92/140/28 93/141/28 94/142/28
f 95/143/29 96/144/30 97/145/31 98/146/31
f 99/147/32 100/148/32 101/149/33 102/150/33
f 103/151/34 104/152/35 105/153/36 106/154/36
f 107/155/37 108/156/38 109/157/39 110/158/39
f 111/159/40 112/160/41 113/161/42 114/162/42
f 112/160/43 115/163/44 116/164/45 113/161/45
f 117/165/28 118/166/28 119/167/28 120/168/28
f 121/169/28 122/170/28 123/171/28 124/172/28
f 125/173/46 126/174/46 127/175/47 128/176/47
f 126/174/46 129/177/28 130/178/28 127/175/47
f 131/179/48 132/180/49 133/181/50 134/182/48
f 135/183/51 136/184/52 137/185/52 138/186/53
f 139/187/54 140/188/55 141/189/56 142/190/57
f 140/188/58 143/191/58 144/192/59 141/189/60
f 145/193/61 146/194/26 147/195/26 148/196/62
f 149/197/63 150/198/64 151/199/65 152/200/63
f 104/152/35 103/151/34 153/201/63 154/202/66
f 155/203/67 156/204/68 145/193/61 148/196/62
f 112/160/41 111/159/40 157/205/69 158/206/27
f 159/207/70 160/208/71 161/209/72 162/210/69
f 92/140/69 91/139/73 163/211/73 164/212/27
f 91/139/73 165/213/74 166/214/69 163/211/73
f 167/215/75 168/216/75 84/132/75 83/131/75
f 169/217/76 170/218/76 171/219/76 172/220/76
f 173/221/77 174/222/77 175/223/77 176/224/77
f 177/225/78 167/215/78 83/131/78 86/134/78
f 158/206/79 157/205/79 178/226/79 179/227/79
f 162/210/80 161/209/80 180/228/80 181/229/80
f 164/212/81 163/211/81 90/138/81 89/137/81
f 163/211/82 166/214/82 87/135/82 90/138/82
f 182/230/31 160/231/31 183/232/31 184/233/31
f 160/231/31 159/234/31 185/235/31 183/232/31
f 108/236/38 107/237/37 186/238/31 187/239/83
f 150/198/31 149/197/31 188/240/31 189/241/31
f 91/242/84 94/243/84 190/244/84 191/245/33
f 145/193/85 156/204/86 192/246/86 193/247/87
f 115/248/44 112/249/43 194/250/88 195/251/84
f 165/252/89 91/242/84 191/245/33 196/253/90
f 184/233/91 183/232/91 96/144/91 95/143/91
f 183/232/92 185/235/93 97/145/93 96/144/92
f 187/239/94 186/238/94 197/254/94 198/255/94
f 189/241/95 188/240/96 199/256/96 200/257/95
f 201/258/97 202/259/98 203/260/99 204/261/99
f 205/262/100 206/263/100 207/264/100 208/265/101
f 209/266/102 210/267/103 211/268/102 212/269/104
f 213/270/105 201/258/106 204/261/107 214/271/108
f 215/272/25 216/273/25 217/274/25 218/275/25 219/276/25 220/277/25 221/278/25 222/129/25 223/128/25
f 221/278/25 220/277/25 224/279/25 225/280/25 226/281/25 227/282/25 228/130/25 222/129/25
f 229/283/25 230/127/25 228/130/25 227/282/25 226/281/25 231/284/25 232/285/25 233/286/25 234/287/25
f 215/272/25 223/128/25 230/127/25 229/283/25 234/287/25 235/288/25 236/289/25 216/273/25
f 237/290/54 238/291/54 239/292/55 240/293/109
f 241/294/47 242/295/47 243/296/46 244/297/46
f 245/298/110 246/299/111 247/300/42 248/301/42
f 249/302/27 246/299/111 245/298/110 250/303/27
f 251/304/79 249/302/79 250/303/112 252/305/112
f 253/306/27 254/307/27 255/308/27 256/309/27
f 257/310/81 258/311/81 253/306/81 256/309/81
f 259/312/69 260/313/27 258/311/27 257/310/69
f 261/314/28 260/313/28 259/312/28 262/315/28
f 263/316/26 264/317/26 265/318/68 266/319/68
f 267/320/75 268/321/75 269/322/75 270/323/75
f 271/324/26 267/320/26 270/323/26 272/325/26
f 273/326/113 274/327/77 275/328/77 276/329/113
f 277/330/114 278/331/115 279/332/116 280/333/116
f 281/334/36 278/331/115 277/330/114 282/335/36
f 283/336/117 284/337/118 285/338/118 286/339/117
f 287/340/119 288/341/49 289/342/120 290/343/50
f 156/204/86 291/344/121 292/345/122 192/246/86
f 207/264/100 206/263/100 293/346/123 294/347/124
f 102/150/33 101/149/33 295/348/125 296/349/126
f 297/350/127 213/270/105 214/271/108 298/351/128
f 299/352/32 165/252/89 196/253/90 300/353/129
f 166/214/69 165/213/74 299/354/69 301/355/69
f 87/135/82 166/214/82 301/355/130 302/356/131
f 302/356/27 303/357/132 88/136/27 87/135/27
f 306/358/133 162/210/80 181/229/80 307/359/133
f 308/360/27 159/207/70 162/210/69 306/358/69
f 185/235/31 159/234/31 308/361/83 309/362/134
f 97/145/93 185/235/93 309/362/135 310/363/135
f 98/146/31 97/145/31 310/363/136 311/364/136
f 312/365/137 189/241/95 200/257/95 313/366/137
f 314/367/138 150/198/31 189/241/31 312/365/139
f 151/199/65 150/198/64 314/367/68 315/368/140
f 171/219/76 170/218/76 316/369/141 317/370/141
f 86/134/26 85/133/26 320/371/142 321/372/143
f 322/373/144 177/225/78 86/134/78 321/372/144
f 291/344/68 156/204/68 155/203/67 323/374/26
f 136/184/54 237/290/54 240/293/109 137/185/109
f 122/170/28 241/294/47 244/297/46 123/171/28
f 108/156/145 245/298/110 248/301/42 109/157/42
f 250/303/27 245/298/110 108/156/145 324/375/27
f 252/305/112 250/303/112 324/375/112 325/376/112
f 181/229/27 255/308/27 305/377/132 307/359/69
f 256/309/27 255/308/27 181/229/27 180/228/27
f 161/209/81 257/310/81 256/309/81 180/228/81
f 160/208/71 259/312/69 257/310/69 161/209/72
f 262/315/28 259/312/28 160/208/28 182/378/28
f 266/319/68 265/318/68 149/197/63 152/200/63
f 270/323/75 269/322/75 169/217/75 172/220/75
f 272/325/26 270/323/26 172/220/26 171/219/26
f 319/379/146 272/325/26 171/219/26 317/370/147
f 326/380/113 273/326/113 276/329/113 327/381/113
f 328/382/148 277/330/114 280/333/116 329/383/26
f 282/335/36 277/330/114 328/382/148 330/384/36
f 286/339/117 285/338/118 331/385/28 332/386/28
f 290/343/50 289/342/120 333/387/149 334/388/150
f 333/387/52 335/389/51 336/390/53 334/388/52
f 331/385/28 337/391/28 338/392/28 332/386/28
f 328/382/151 339/393/152 340/394/39 330/384/39
f 341/395/31 339/396/152 328/382/151 342/397/153
f 343/398/154 341/395/154 342/397/154 344/399/154
f 200/257/31 345/400/31 346/401/155 313/366/136
f 199/256/29 347/402/29 345/400/31 200/257/31
f 188/240/91 348/403/91 347/402/91 199/256/91
f 149/197/31 349/404/31 348/403/31 188/240/31
f 265/405/28 350/406/28 349/407/28 149/408/28
f 264/409/28 351/410/28 350/406/28 265/405/28
f 352/411/28 353/412/28 146/413/28 145/414/28
f 354/415/84 352/416/84 145/193/85 193/247/87
f 355/417/99 356/418/156 205/262/157 208/265/99
f 357/419/33 358/420/32 359/421/32 360/422/33
f 361/423/125 357/419/33 360/422/33 362/424/32
f 363/425/103 364/426/158 365/427/104 366/428/104
f 103/151/159 367/429/160 368/430/161 369/431/162
f 370/432/45 367/433/160 103/151/159 106/154/45
f 371/434/28 372/435/28 117/165/28 120/168/28
f 373/436/58 374/437/58 131/179/58 134/182/59
f 269/322/26 266/319/68 152/200/63 169/217/140
f 268/321/68 263/316/26 266/319/68 269/322/26
f 148/196/62 147/195/26 168/216/68 167/215/68
f 177/225/26 155/203/67 148/196/62 167/215/68
f 323/374/26 155/203/67 177/225/26 322/373/63
f 154/202/66 153/201/63 174/222/63 173/221/26
f 280/333/116 279/332/116 274/327/26 273/326/26
f 329/383/26 280/333/116 273/326/26 326/380/26
f 170/218/26 151/199/65 315/368/140 316/369/116
f 152/200/63 151/199/65 170/218/26 169/217/140
f 195/251/84 194/250/88 375/438/163 376/439/84
f 369/431/162 368/430/161 377/440/88 378/441/89
f 192/246/86 292/345/122 379/442/164 380/443/90
f 193/247/87 192/246/86 380/443/90 381/444/165
f 382/445/84 354/415/84 193/247/87 381/444/165
f 191/245/33 190/244/84 383/446/33 384/447/165
f 196/253/90 191/245/33 384/447/165 385/448/86
f 300/353/129 196/253/90 385/448/86 386/449/161
f 376/439/84 375/438/163 210/267/166 209/266/125
f 378/441/89 377/440/88 364/426/167 363/425/33
f 380/443/90 379/442/164 293/346/168 206/263/169
f 381/444/165 380/443/90 206/263/169 205/262/84
f 356/418/161 382/445/84 381/444/165 205/262/84
f 384/447/165 383/446/33 202/259/84 201/258/33
f 385/448/86 384/447/165 201/258/33 213/270/170
f 386/449/161 385/448/86 213/270/170 297/350/171
f 212/269/104 211/268/102 387/450/103 388/451/103
f 366/428/104 365/427/104 389/452/103 390/453/103
f 391/454/172 207/264/100 294/347/124 392/455/124
f 208/265/101 207/264/100 391/454/172 393/456/173
f 394/457/97 355/417/99 208/265/99 393/456/97
f 204/261/99 203/260/99 395/458/97 396/459/97
f 214/271/108 204/261/107 396/459/174 397/460/175
f 398/461/176 298/351/128 214/271/108 397/460/175
f 388/451/103 387/450/103 399/462/103 400/463/103
f 390/453/103 389/452/103 401/464/103 402/465/103
f 360/422/177 391/454/172 392/455/124 362/424/178
f 393/456/173 391/454/172 360/422/177 359/421/179
f 358/420/97 394/457/97 393/456/97 359/421/97
f 396/459/97 395/458/97 100/148/99 99/147/97
f 397/460/175 396/459/174 99/147/180 102/150/180
f 398/461/176 397/460/175 102/150/180 296/349/181
f 335/389/51 135/183/51 138/186/53 336/390/53
f 337/391/28 121/169/28 124/172/28 338/392/28
f 339/393/152 107/155/37 110/158/39 340/394/39
f 186/238/31 107/237/37 339/396/152 341/395/31
f 197/254/94 186/238/94 341/395/154 343/398/154
f 347/402/29 95/143/29 98/146/31 345/400/31
f 348/403/91 184/233/91 95/143/91 347/402/91
f 349/404/31 182/230/31 184/233/31 348/403/31
f 350/406/28 262/315/28 182/378/28 349/407/28
f 351/410/28 261/314/28 262/315/28 350/406/28
f 94/142/28 93/141/28 353/412/28 352/411/28
f 190/244/84 94/243/84 352/416/84 354/415/84
f 383/446/33 190/244/84 354/415/84 382/445/84
f 202/259/84 383/446/33 382/445/84 356/418/161
f 203/260/99 202/259/98 356/418/156 355/417/99
f 395/458/97 203/260/99 355/417/99 394/457/97
f 100/148/99 395/458/97 394/457/97 358/420/97
f 101/149/33 100/148/32 358/420/32 357/419/33
f 389/452/103 388/451/103 400/463/103 401/464/103
f 365/427/104 212/269/104 388/451/103 389/452/103
f 364/426/158 209/266/102 212/269/104 365/427/104
f 377/440/88 376/439/84 209/266/125 364/426/167
f 368/430/161 195/251/84 376/439/84 377/440/88
f 367/429/160 115/248/44 195/251/84 368/430/161
f 116/164/45 115/163/44 367/433/160 370/432/45
f 130/178/28 129/177/28 372/435/28 371/434/28
f 144/192/59 143/191/58 374/437/58 373/436/58
f 210/267/182 297/350/127 298/351/128 211/268/183
f 375/438/163 386/449/161 297/350/171 210/267/166
f 194/250/88 300/353/129 386/449/161 375/438/163
f 112/249/43 299/352/32 300/353/129 194/250/88
f 301/355/69 299/354/69 112/160/41 158/206/27
f 302/356/131 301/355/130 158/206/184 179/227/184
f 179/227/69 178/226/132 303/357/132 302/356/27
f 305/377/132 304/466/185 251/304/186 252/305/69
f 307/359/69 305/377/132 252/305/69 325/376/69
f 324/375/187 306/358/133 307/359/133 325/376/187
f 108/156/145 308/360/27 306/358/69 324/375/27
f 309/362/134 308/361/83 108/236/38 187/239/83
f 310/363/135 309/362/135 187/239/135 198/255/135
f 311/364/136 310/363/136 198/255/188 197/254/188
f 346/401/155 311/364/136 197/254/188 343/398/188
f 313/366/136 346/401/155 343/398/188 344/399/31
f 342/397/96 312/365/137 313/366/137 344/399/96
f 328/382/151 314/367/138 312/365/139 342/397/153
f 315/368/140 314/367/68 328/382/148 329/383/26
f 316/369/116 315/368/140 329/383/26 326/380/26
f 317/370/141 316/369/141 326/380/189 327/381/189
f 276/329/147 319/379/146 317/370/147 327/381/26
f 275/328/146 318/467/190 319/379/146 276/329/147
f 321/372/143 320/371/142 176/224/191 175/223/68
f 174/222/192 322/373/144 321/372/144 175/223/192
f 153/201/63 323/374/26 322/373/63 174/222/63
f 103/151/34 291/344/68 323/374/26 153/201/63
f 292/345/122 291/344/121 103/151/159 369/431/162
f 379/442/164 292/345/122 369/431/162 378/441/89
f 293/346/168 379/442/164 378/441/89 363/425/33
f 294/347/124 293/346/123 363/425/193 366/428/101
f 392/455/124 294/347/124 366/428/101 390/453/193
f 362/424/178 392/455/124 390/453/193 402/465/194
f 401/464/161 361/423/125 362/424/32 402/465/161
f 400/463/161 295/348/125 361/423/125 401/464/161
f 296/349/126 295/348/125 400/463/161 399/462/161
f 387/450/195 398/461/176 296/349/181 399/462/195
f 211/268/183 298/351/128 398/461/176 387/450/195
f 238/291/54 139/187/54 142/190/57 239/292/55
f 242/295/47 125/173/46 128/176/47 243/296/46
f 246/299/111 111/159/40 114/162/42 247/300/42
f 157/205/69 111/159/40 246/299/111 249/302/27
f 178/226/79 157/205/79 249/302/79 251/304/79
f 303/357/132 178/226/132 251/304/186 304/466/185
f 88/136/27 303/357/132 304/466/185 254/307/27
f 89/137/27 88/136/27 254/307/27 253/306/27
f 258/311/81 164/212/81 89/137/81 253/306/81
f 260/313/27 92/140/69 164/212/27 258/311/27
f 93/141/28 92/140/28 260/313/28 261/314/28
f 353/412/28 93/141/28 261/314/28 351/410/28
f 146/413/28 353/412/28 351/410/28 264/409/28
f 147/195/26 146/194/26 264/317/26 263/316/26
f 168/216/68 147/195/26 263/316/26 268/321/68
f 84/132/75 168/216/75 268/321/75 267/320/75
f 85/133/26 84/132/26 267/320/26 271/324/26
f 320/371/142 85/133/26 271/324/26 318/467/190
f 176/224/191 320/371/142 318/467/190 275/328/146
f 274/327/77 173/221/77 176/224/77 275/328/77
f 279/332/116 154/202/66 173/221/26 274/327/26
f 278/331/115 104/152/35 154/202/66 279/332/116
f 105/153/36 104/152/35 278/331/115 281/334/36
f 119/167/28 118/166/28 284/337/118 283/336/117
f 133/181/50 132/180/49 288/341/49 287/340/119
f 114/162/42 113/161/42 403/468/42 404/469/42
f 247/300/42 114/162/42 404/469/42 405/470/42
f 248/301/42 247/300/42 405/470/42 406/471/42
f 109/157/42 248/301/42 406/471/42 407/472/42
f 110/158/39 109/157/39 407/472/39 408/473/39
f 340/394/39 110/158/39 408/473/39 409/474/39
f 330/384/39 340/394/39 409/474/39 410/475/39
f 411/476/36 282/335/36 330/384/36 410/475/36
f 412/477/36 281/334/36 282/335/36 411/476/36
f 413/478/36 105/153/36 281/334/36 412/477/36
f 106/154/36 105/153/36 413/478/36 414/479/36
f 415/480/45 370/432/45 106/154/45 414/479/45
f 416/481/45 116/164/45 370/432/45 415/480/45
f 113/161/45 116/164/45 416/481/45 403/468/45
f 404/469/42 403/468/42 417/482/42 418/483/42
f 405/470/42 404/469/42 418/483/42 419/484/42
f 406/471/42 405/470/42 419/484/42 420/485/42
f 407/472/42 406/471/42 420/485/42 421/486/42
f 408/473/39 407/472/39 421/486/39 422/487/39
f 409/474/39 408/473/39 422/487/39 423/488/39
f 410/475/39 409/474/39 423/488/39 424/489/39
f 425/490/36 411/476/36 410/475/36 424/489/36
f 426/491/36 412/477/36 411/476/36 425/490/36
f 427/492/36 413/478/36 412/477/36 426/491/36
f 414/479/36 413/478/36 427/492/36 428/493/36
f 429/494/45 415/480/45 414/479/45 428/493/45
f 430/495/45 416/481/45 415/480/45 429/494/45
f 403/468/45 416/481/45 430/495/45 417/482/45
f 418/483/28 417/482/28 431/496/28 432/497/28
f 417/482/28 430/495/28 433/498/28 431/496/28
f 434/499/28 433/498/28 430/495/28 429/494/28
f 435/500/28 434/499/28 429/494/28 428/493/28
f 428/493/28 427/492/117 436/501/117 435/500/28
f 437/502/118 436/501/117 427/492/117 426/491/117
f 438/503/28 437/502/118 426/491/117 425/490/28
f 439/504/28 438/503/28 425/490/28 424/489/28
f 424/489/28 423/488/28 440/505/28 439/504/28
f 423/488/28 422/487/28 441/506/28 440/505/28
f 422/487/28 421/486/196 442/507/28 441/506/28
f 421/486/196 420/485/117 443/508/118 442/507/28
f 420/485/117 419/484/28 444/509/28 443/508/118
f 419/484/28 418/483/28 432/497/28 444/509/28
f 444/509/28 432/497/28 125/173/46 242/295/47
f 432/497/28 431/496/28 126/174/46 125/173/46
f 431/496/28 433/498/28 129/177/28 126/174/46
f 372/435/28 129/177/28 433/498/28 434/499/28
f 117/165/28 372/435/28 434/499/28 435/500/28
f 435/500/28 436/501/117 118/166/28 117/165/28
f 284/337/118 118/166/28 436/501/117 437/502/118
f 285/338/118 284/337/118 437/502/118 438/503/28
f 331/385/28 285/338/118 438/503/28 439/504/28
f 439/504/28 440/505/28 337/391/28 331/385/28
f 440/505/28 441/506/28 121/169/28 337/391/28
f 441/506/28 442/507/28 122/170/28 121/169/28
f 442/507/28 443/508/118 241/294/47 122/170/28
f 443/508/118 444/509/28 242/295/47 241/294/47
f 243/296/55 128/176/197 139/187/54 238/291/54
f 128/176/197 127/175/197 140/188/55 139/187/54
f 127/175/58 130/178/58 143/191/58 140/188/58
f 374/437/58 143/191/58 130/178/58 371/434/58
f 131/179/58 374/437/58 371/434/58 120/168/58
f 120/168/149 119/167/149 132/180/49 131/179/48
f 288/341/49 132/180/49 119/167/149 283/336/149
f 289/342/120 288/341/49 283/336/149 286/339/50
f 333/387/149 289/342/120 286/339/50 332/386/198
f 332/386/199 338/392/199 335/389/51 333/387/52
f 338/392/199 124/172/199 135/183/51 335/389/51
f 124/172/199 123/171/52 136/184/52 135/183/51
f 123/171/55 244/297/197 237/290/54 136/184/54
f 244/297/197 243/296/55 238/291/54 237/290/54
f 142/190/57 141/189/56 220/277/109 219/276/57
f 239/292/55 142/190/57 219/276/57 218/275/57
f 240/293/109 239/292/55 218/275/57 217/274/57
f 137/185/109 240/293/109 217/274/57 216/273/109
f 138/186/53 137/185/52 216/273/51 236/289/200
f 336/390/53 138/186/53 236/289/200 235/288/201
f 334/388/52 336/390/53 235/288/201 234/287/52
f 233/286/120 290/343/50 334/388/150 234/287/202
f 232/285/149 287/340/119 290/343/50 233/286/120
f 231/284/202 133/181/50 287/340/119 232/285/149
f 134/182/48 133/181/50 231/284/202 226/281/198
f 225/280/58 373/436/58 134/182/59 226/281/203
f 224/279/58 144/192/59 373/436/58 225/280/58
f 141/189/60 144/192/59 224/279/58 220/277/204
usemtl phongE2SG
f 255/308/27 254/307/27 304/466/185 305/377/132
f 318/467/190 271/324/26 272/325/26 319/379/146
f 345/400/31 98/146/31 311/364/136 346/401/155
f 295/348/125 101/149/33 357/419/33 361/423/125
o pCylinder1
v 0.618896 0.008433 -0.196970
v 0.528359 0.008433 -0.374659
v 0.528359 0.013264 -0.374659
v 0.618896 0.013264 -0.196970
v 0.387344 0.008433 -0.515674
v 0.387344 0.013264 -0.515674
v 0.209655 0.008433 -0.606212
v 0.209655 0.013264 -0.606212
v 0.012684 0.008433 -0.637408
v 0.012684 0.013264 -0.637408
v -0.184286 0.008433 -0.606212
v -0.184286 0.013264 -0.606212
v -0.361975 0.008433 -0.515674
v -0.361975 0.013264 -0.515674
v -0.502990 0.008433 -0.374659
v -0.502990 0.013264 -0.374659
v -0.593527 0.008433 -0.196970
v -0.593527 0.013264 -0.196970
v -0.624724 0.008433 0.000000
v -0.624724 0.013264 0.000000
v -0.593527 0.008433 0.196970
v -0.593527 0.013264 0.196970
v -0.502990 0.008433 0.374659
v -0.502990 0.013264 0.374659
v -0.361975 0.008433 0.515674
v -0.361975 0.013264 0.515674
v -0.184286 0.008433 0.606211
v -0.184286 0.013264 0.606211
v 0.012684 0.008433 0.637408
v 0.012684 0.013264 0.637408
v 0.209655 0.008433 0.606211
v 0.209655 0.013264 0.606211
v 0.387344 0.008433 0.515674
v 0.387343 0.013264 0.515674
v 0.528358 0.008433 0.374659
v 0.528358 0.013264 0.374659
v 0.618896 0.008433 0.196970
v 0.618896 0.013264 0.196970
v 0.650093 0.008433 0.000000
v 0.650093 0.013264 0.000000
v 0.012684 0.008433 0.000000
v 0.158307 8.795347 -0.047244
v 0.136546 8.795347 -0.089975
v 0.012689 8.795347 0.000011
v 0.102640 8.795347 -0.123813
v 0.059968 8.795347 -0.145584
v 0.012715 8.795347 -0.153108
v -0.034590 8.795347 -0.145586
v -0.077291 8.795347 -0.123870
v -0.111157 8.795347 -0.090006
v -0.132900 8.795347 -0.047301
v -0.140392 8.795347 0.000001
v -0.132882 8.795347 0.047361
v -0.111151 8.795347 0.090038
v -0.077311 8.795347 0.123878
v -0.034629 8.795347 0.145635
v 0.012627 8.795347 0.153121
v 0.059934 8.795347 0.145612
v 0.102663 8.795347 0.123842
v 0.136562 8.795347 0.089918
v 0.158324 8.795347 0.047246
v 0.165800 8.795347 0.000059
v 0.618896 0.470469 -0.196970
v 0.528359 0.470469 -0.374659
v 0.526890 0.470469 -0.373593
v 0.617170 0.470469 -0.196409
v 0.387344 0.470469 -0.515674
v 0.386277 0.470469 -0.514206
v 0.209655 0.470469 -0.606212
v 0.209094 0.470469 -0.604485
v 0.012684 0.470469 -0.637408
v 0.012684 0.470469 -0.635594
v -0.184286 0.470469 -0.606212
v -0.183725 0.470469 -0.604485
v -0.361975 0.470469 -0.515674
v -0.360908 0.470469 -0.514206
v -0.502990 0.470469 -0.374659
v -0.501521 0.470469 -0.373593
v -0.593527 0.470469 -0.196970
v -0.591801 0.470469 -0.196409
v -0.624724 0.470469 0.000000
v -0.622909 0.470469 0.000000
v -0.593527 0.470469 0.196970
v -0.591801 0.470469 0.196410
v -0.502990 0.470469 0.374660
v -0.501521 0.470469 0.373593
v -0.361975 0.470469 0.515674
v -0.360908 0.470469 0.514206
v -0.184286 0.470469 0.606212
v -0.183725 0.470469 0.604485
v 0.012684 0.470469 0.637408
v 0.012684 0.470469 0.635593
v 0.209655 0.470469 0.606212
v 0.209094 0.470469 0.604485
v 0.387344 0.470469 0.515674
v 0.386277 0.470469 0.514206
v 0.528358 0.470469 0.374660
v 0.526890 0.470469 0.373593
v 0.618896 0.470469 0.196970
v 0.617169 0.470469 0.196410
v 0.650093 0.470469 0.000000
v 0.648278 0.470469 0.000000
v 0.587335 0.470469 -0.186715
v 0.501511 0.470469 -0.355154
v 0.501511 0.471028 -0.355154
v 0.587335 0.471027 -0.186715
v 0.367838 0.470469 -0.488827
v 0.367838 0.471028 -0.488827
v 0.199399 0.470469 -0.574651
v 0.199399 0.471027 -0.574651
v 0.012684 0.470469 -0.604223
v 0.012684 0.471028 -0.604223
v -0.174031 0.470469 -0.574651
v -0.174031 0.471027 -0.574651
v -0.342469 0.470469 -0.488827
v -0.342469 0.471028 -0.488827
v -0.476142 0.470469 -0.355154
v -0.476142 0.471027 -0.355153
v -0.561966 0.470469 -0.186715
v -0.561966 0.471027 -0.186715
v -0.591539 0.470469 0.000000
v -0.591539 0.471028 0.000000
v -0.561966 0.470469 0.186715
v -0.561966 0.471028 0.186715
v -0.476142 0.470469 0.355153
v -0.476142 0.471028 0.355153
v -0.342469 0.470469 0.488827
v -0.342469 0.471028 0.488827
v -0.174031 0.470469 0.574650
v -0.174031 0.471028 0.574650
v 0.012684 0.470469 0.604222
v 0.012684 0.471028 0.604223
v 0.199399 0.470469 0.574650
v 0.199399 0.471028 0.574650
v 0.367838 0.470469 0.488827
v 0.367838 0.471028 0.488827
v 0.501511 0.470469 0.355153
v 0.501511 0.471028 0.355153
v 0.587334 0.470469 0.186715
v 0.587334 0.471028 0.186715
v 0.616907 0.470469 0.000000
v 0.616907 0.471028 0.000000
v 0.587335 0.507402 -0.186715
v 0.501511 0.507402 -0.355153
v 0.504030 0.507402 -0.356983
v 0.590296 0.507402 -0.187677
v 0.367838 0.507402 -0.488827
v 0.369668 0.507402 -0.491346
v 0.199399 0.507402 -0.574650
v 0.200362 0.507402 -0.577611
v 0.012684 0.507402 -0.604223
v 0.012684 0.507402 -0.607336
v -0.174031 0.507402 -0.574650
v -0.174993 0.507402 -0.577611
v -0.342469 0.507402 -0.488827
v -0.344299 0.507402 -0.491346
v -0.476142 0.507402 -0.355153
v -0.478661 0.507402 -0.356983
v -0.561966 0.507402 -0.186715
v -0.564927 0.507402 -0.187677
v -0.591539 0.507402 0.000000
v -0.594652 0.507402 0.000000
v -0.561966 0.507402 0.186715
v -0.564927 0.507402 0.187678
v -0.476142 0.507402 0.355153
v -0.478661 0.507402 0.356983
v -0.342469 0.507402 0.488827
v -0.344299 0.507402 0.491346
v -0.174031 0.507402 0.574650
v -0.174993 0.507402 0.577611
v 0.012684 0.507402 0.604223
v 0.012684 0.507402 0.607336
v 0.199399 0.507402 0.574650
v 0.200362 0.507402 0.577611
v 0.367838 0.507402 0.488827
v 0.369668 0.507402 0.491346
v 0.501511 0.507402 0.355153
v 0.504030 0.507402 0.356983
v 0.587334 0.507402 0.186715
v 0.590295 0.507402 0.187678
v 0.616907 0.507402 0.000000
v 0.620021 0.507402 0.000000
v 0.617253 0.507402 -0.196436
v 0.526961 0.507402 -0.373644
v 0.526410 0.507922 -0.373244
v 0.616605 0.507922 -0.196226
v 0.386329 0.507402 -0.514277
v 0.385929 0.507923 -0.513725
v 0.209120 0.507402 -0.604569
v 0.208910 0.507923 -0.603921
v 0.012684 0.507402 -0.635681
v 0.012684 0.507923 -0.635000
v -0.183752 0.507402 -0.604568
v -0.183541 0.507923 -0.603921
v -0.360959 0.507402 -0.514277
v -0.360559 0.507923 -0.513725
v -0.501592 0.507402 -0.373644
v -0.501041 0.507922 -0.373243
v -0.591884 0.507402 -0.196436
v -0.591236 0.507922 -0.196226
v -0.622996 0.507402 0.000000
v -0.622315 0.507923 0.000000
v -0.591884 0.507402 0.196436
v -0.591236 0.507922 0.196226
v -0.501592 0.507402 0.373644
v -0.501041 0.507923 0.373244
v -0.360959 0.507402 0.514276
v -0.360559 0.507922 0.513726
v -0.183752 0.507402 0.604569
v -0.183541 0.507922 0.603921
v 0.012684 0.507402 0.635680
v 0.012684 0.507922 0.635000
v 0.209120 0.507402 0.604569
v 0.208910 0.507922 0.603921
v 0.386328 0.507402 0.514276
v 0.385928 0.507923 0.513726
v 0.526961 0.507402 0.373644
v 0.526410 0.507923 0.373244
v 0.617252 0.507402 0.196436
v 0.616605 0.507922 0.196226
v 0.648365 0.507402 0.000000
v 0.647684 0.507923 0.000000
v 0.425027 0.661855 -0.133978
v 0.363444 0.661856 -0.254842
v 0.363444 0.663592 -0.254842
v 0.425027 0.663592 -0.133978
v 0.267526 0.661856 -0.350760
v 0.267526 0.663592 -0.350760
v 0.146663 0.661855 -0.412343
v 0.146663 0.663592 -0.412343
v 0.012684 0.661855 -0.433563
v 0.012685 0.663592 -0.433563
v -0.121294 0.661856 -0.412343
v -0.121294 0.663592 -0.412342
v -0.242157 0.661856 -0.350760
v -0.242157 0.663592 -0.350759
v -0.338075 0.661856 -0.254841
v -0.338075 0.663592 -0.254842
v -0.399658 0.661856 -0.133978
v -0.399658 0.663592 -0.133978
v -0.420878 0.661856 0.000000
v -0.420878 0.663592 0.000001
v -0.399658 0.661856 0.133979
v -0.399658 0.663592 0.133978
v -0.338075 0.661855 0.254842
v -0.338075 0.663592 0.254842
v -0.242157 0.661855 0.350760
v -0.242157 0.663591 0.350760
v -0.121294 0.661855 0.412343
v -0.121294 0.663591 0.412343
v 0.012684 0.661855 0.433563
v 0.012684 0.663591 0.433563
v 0.146663 0.661856 0.412343
v 0.146663 0.663592 0.412344
v 0.267526 0.661856 0.350760
v 0.267526 0.663592 0.350759
v 0.363444 0.661856 0.254841
v 0.363444 0.663592 0.254841
v 0.425027 0.661855 0.133978
v 0.425027 0.663592 0.133978
v 0.446247 0.661855 0.000000
v 0.446247 0.663591 0.000000
v 0.425034 1.788680 -0.133978
v 0.363449 1.788680 -0.254842
v 0.365738 1.788680 -0.256505
v 0.427726 1.788680 -0.134853
v 0.267525 1.788680 -0.350760
v 0.269188 1.788680 -0.353049
v 0.146660 1.788680 -0.412345
v 0.147535 1.788679 -0.415035
v 0.012688 1.788680 -0.433566
v 0.012688 1.788679 -0.436396
v -0.121291 1.788680 -0.412343
v -0.122165 1.788680 -0.415034
v -0.242159 1.788680 -0.350761
v -0.243822 1.788680 -0.353051
v -0.338077 1.788680 -0.254845
v -0.340366 1.788680 -0.256508
v -0.399660 1.788680 -0.133972
v -0.402352 1.788680 -0.134847
v -0.420881 1.788680 0.000000
v -0.423710 1.788680 0.000000
v -0.399659 1.788680 0.133972
v -0.402350 1.788680 0.134846
v -0.338074 1.788680 0.254849
v -0.340364 1.788680 0.256512
v -0.242158 1.788679 0.350772
v -0.243822 1.788679 0.353062
v -0.121295 1.788679 0.412355
v -0.122170 1.788679 0.415047
v 0.012677 1.788679 0.433570
v 0.012677 1.788679 0.436401
v 0.146656 1.788680 0.412345
v 0.147530 1.788680 0.415036
v 0.267527 1.788680 0.350757
v 0.269191 1.788680 0.353046
v 0.363449 1.788680 0.254839
v 0.365738 1.788680 0.256502
v 0.425034 1.788680 0.133978
v 0.427725 1.788680 0.134852
v 0.446255 1.788679 0.000000
v 0.449084 1.788679 0.000000
v 0.517041 1.788680 -0.163873
v 0.441714 1.788680 -0.311705
v 0.441486 1.790102 -0.311540
v 0.516774 1.790102 -0.163786
v 0.324386 1.788680 -0.429024
v 0.324221 1.790102 -0.428797
v 0.176554 1.788680 -0.504350
v 0.176467 1.790102 -0.504083
v 0.012690 1.788680 -0.530307
v 0.012690 1.790102 -0.530026
v -0.151183 1.788680 -0.504347
v -0.151097 1.790102 -0.504080
v -0.299022 1.788680 -0.429026
v -0.298856 1.790102 -0.428799
v -0.416341 1.788680 -0.311709
v -0.416114 1.790102 -0.311544
v -0.491666 1.788680 -0.163864
v -0.491398 1.790102 -0.163777
v -0.517621 1.788680 0.000000
v -0.517341 1.790102 0.000000
v -0.491664 1.788680 0.163863
v -0.491397 1.790102 0.163776
v -0.416338 1.788679 0.311712
v -0.416110 1.790101 0.311546
v -0.299021 1.788679 0.429039
v -0.298856 1.790101 0.428812
v -0.151190 1.788679 0.504364
v -0.151103 1.790101 0.504096
v 0.012675 1.788679 0.530312
v 0.012675 1.790101 0.530031
v 0.176549 1.788680 0.504349
v 0.176462 1.790102 0.504082
v 0.324390 1.788680 0.429019
v 0.324225 1.790102 0.428792
v 0.441713 1.788680 0.311700
v 0.441486 1.790102 0.311535
v 0.517041 1.788679 0.163872
v 0.516773 1.790101 0.163785
v 0.542996 1.788679 -0.000001
v 0.542715 1.790101 0.000000
v 0.485292 1.957736 -0.153555
v 0.414706 1.957736 -0.292082
v 0.368358 2.029481 -0.258408
v 0.430806 2.029481 -0.135852
v 0.286256 2.098079 -0.198757
v 0.334288 2.098079 -0.104491
v 0.236414 2.144766 -0.162544
v 0.275696 2.144766 -0.085453
v 0.204993 2.184251 -0.139715
v 0.238758 2.184251 -0.073451
v 0.192874 2.282872 -0.130911
v 0.224512 2.282872 -0.068822
v 0.304764 1.957736 -0.402017
v 0.271091 2.029482 -0.355669
v 0.211441 2.098079 -0.273566
v 0.175230 2.144766 -0.223725
v 0.152402 2.184251 -0.192303
v 0.143598 2.282872 -0.180184
v 0.166238 1.957736 -0.472601
v 0.148535 2.029481 -0.418116
v 0.117176 2.098079 -0.321598
v 0.098140 2.144766 -0.263005
v 0.086138 2.184251 -0.226067
v 0.081510 2.282872 -0.211821
v 0.012690 1.957736 -0.496923
v 0.012690 2.029481 -0.439634
v 0.012689 2.098079 -0.338149
v 0.012689 2.144766 -0.276541
v 0.012689 2.184251 -0.237702
v 0.012689 2.282872 -0.222722
v -0.140867 1.957736 -0.472598
v -0.123164 2.029482 -0.418113
v -0.091804 2.098079 -0.321596
v -0.072767 2.144766 -0.263004
v -0.060765 2.184251 -0.226066
v -0.056136 2.282872 -0.211819
v -0.279399 1.957736 -0.402018
v -0.245725 2.029481 -0.355670
v -0.186073 2.098079 -0.273567
v -0.149861 2.144766 -0.223725
v -0.127032 2.184251 -0.192303
v -0.118227 2.282872 -0.180184
v -0.389333 1.957736 -0.292087
v -0.342985 2.029482 -0.258412
v -0.260882 2.098079 -0.198760
v -0.211040 2.144766 -0.162547
v -0.179619 2.184251 -0.139718
v -0.167500 2.282872 -0.130913
v -0.459916 1.957736 -0.153548
v -0.405430 2.029481 -0.135846
v -0.308912 2.098080 -0.104487
v -0.250320 2.144766 -0.085450
v -0.213382 2.184251 -0.073449
v -0.199136 2.282872 -0.068820
v -0.484238 1.957736 0.000000
v -0.426948 2.029482 0.000000
v -0.325463 2.098079 0.000001
v -0.263855 2.144766 0.000001
v -0.225016 2.184251 0.000001
v -0.210036 2.282872 0.000002
v -0.459914 1.957736 0.153548
v -0.405429 2.029482 0.135847
v -0.308911 2.098079 0.104489
v -0.250319 2.144766 0.085453
v -0.213381 2.184251 0.073452
v -0.199134 2.282872 0.068824
v -0.389329 1.957735 0.292091
v -0.342982 2.029481 0.258417
v -0.260879 2.098078 0.198765
v -0.211038 2.144766 0.162553
v -0.179617 2.184251 0.139724
v -0.167498 2.282872 0.130919
v -0.279398 1.957735 0.402031
v -0.245724 2.029480 0.355683
v -0.186073 2.098078 0.273578
v -0.149861 2.144765 0.223735
v -0.127031 2.184250 0.192314
v -0.118227 2.282872 0.180195
v -0.140874 1.957735 0.472614
v -0.123171 2.029480 0.418128
v -0.091809 2.098078 0.321609
v -0.072771 2.144765 0.263015
v -0.060769 2.184250 0.226076
v -0.056140 2.282872 0.211830
v 0.012674 1.957735 0.496929
v 0.012675 2.029480 0.439640
v 0.012678 2.098078 0.338155
v 0.012679 2.144766 0.276547
v 0.012680 2.184250 0.237708
v 0.012681 2.282872 0.222728
v 0.166232 1.957736 0.472600
v 0.148530 2.029481 0.418116
v 0.117172 2.098079 0.321599
v 0.098136 2.144766 0.263008
v 0.086135 2.184251 0.226070
v 0.081506 2.282872 0.211824
v 0.304768 1.957736 0.402012
v 0.271095 2.029481 0.355665
v 0.211444 2.098079 0.273564
v 0.175233 2.144766 0.223724
v 0.152404 2.184251 0.192304
v 0.143599 2.282872 0.180186
v 0.414706 1.957736 0.292077
v 0.368358 2.029481 0.258404
v 0.286256 2.098079 0.198755
v 0.236415 2.144766 0.162544
v 0.204993 2.184251 0.139716
v 0.192875 2.282872 0.130911
v 0.485292 1.957735 0.153555
v 0.430807 2.029481 0.135852
v 0.334289 2.098079 0.104492
v 0.275696 2.144766 0.085455
v 0.238758 2.184250 0.073453
v 0.224513 2.282872 0.068825
v 0.509613 1.957735 0.000000
v 0.452324 2.029480 0.000000
v 0.350839 2.098078 0.000001
v 0.289231 2.144765 0.000001
v 0.250392 2.184250 0.000001
v 0.235413 2.282872 0.000002
v 0.224279 2.283161 -0.068746
v 0.192676 2.283162 -0.130767
v 0.191746 2.283162 -0.130091
v 0.223186 2.283162 -0.068390
v 0.143454 2.283162 -0.179986
v 0.142778 2.283162 -0.179056
v 0.081434 2.283161 -0.211588
v 0.081079 2.283162 -0.210495
v 0.012689 2.283161 -0.222477
v 0.012689 2.283162 -0.221328
v -0.056060 2.283162 -0.211586
v -0.055705 2.283162 -0.210493
v -0.118082 2.283162 -0.179986
v -0.117407 2.283162 -0.179056
v -0.167301 2.283162 -0.130769
v -0.166371 2.283162 -0.130093
v -0.198902 2.283162 -0.068744
v -0.197809 2.283162 -0.068389
v -0.209791 2.283162 0.000001
v -0.208641 2.283162 0.000001
v -0.198901 2.283162 0.068748
v -0.197807 2.283162 0.068392
v -0.167299 2.283161 0.130775
v -0.166369 2.283162 0.130099
v -0.118082 2.283161 0.179997
v -0.117407 2.283161 0.179067
v -0.056064 2.283161 0.211597
v -0.055708 2.283162 0.210504
v 0.012681 2.283161 0.222483
v 0.012681 2.283161 0.221333
v 0.081431 2.283162 0.211590
v 0.081075 2.283162 0.210497
v 0.143455 2.283162 0.179987
v 0.142779 2.283162 0.179057
v 0.192676 2.283162 0.130767
v 0.191746 2.283162 0.130091
v 0.224280 2.283161 0.068749
v 0.223186 2.283162 0.068393
v 0.235167 2.283161 0.000001
v 0.234018 2.283161 0.000001
v 0.196446 2.283161 -0.059702
v 0.169000 2.283162 -0.113565
v 0.184761 2.283162 -0.125015
v 0.214973 2.283161 -0.065722
v 0.126253 2.283162 -0.156310
v 0.137703 2.283162 -0.172070
v 0.072391 2.283161 -0.183754
v 0.078411 2.283161 -0.202282
v 0.012689 2.283161 -0.193212
v 0.012689 2.283161 -0.212693
v -0.047017 2.283162 -0.183753
v -0.053037 2.283162 -0.202281
v -0.100880 2.283162 -0.156310
v -0.112331 2.283162 -0.172071
v -0.143625 2.283162 -0.113567
v -0.159386 2.283161 -0.125018
v -0.171069 2.283161 -0.059701
v -0.189597 2.283162 -0.065721
v -0.180525 2.283162 0.000002
v -0.200007 2.283162 0.000001
v -0.171068 2.283162 0.059705
v -0.189596 2.283162 0.065725
v -0.143623 2.283161 0.113573
v -0.159384 2.283161 0.125024
v -0.100880 2.283161 0.156320
v -0.112331 2.283161 0.172081
v -0.047020 2.283161 0.183763
v -0.053040 2.283161 0.202291
v 0.012682 2.283161 0.193217
v 0.012681 2.283161 0.212699
v 0.072388 2.283162 0.183757
v 0.078407 2.283162 0.202285
v 0.126254 2.283162 0.156312
v 0.137705 2.283162 0.172072
v 0.169000 2.283162 0.113566
v 0.184761 2.283162 0.125016
v 0.196446 2.283161 0.059706
v 0.214974 2.283161 0.065726
v 0.205902 2.283161 0.000002
v 0.225384 2.283161 0.000001
v 0.184761 2.284042 -0.125015
v 0.214973 2.284042 -0.065722
v 0.137703 2.284042 -0.172071
v 0.078411 2.284042 -0.202282
v 0.012689 2.284042 -0.212693
v -0.053037 2.284042 -0.202281
v -0.112331 2.284042 -0.172071
v -0.159386 2.284042 -0.125017
v -0.189597 2.284042 -0.065721
v -0.200007 2.284043 0.000001
v -0.189596 2.284042 0.065725
v -0.159384 2.284042 0.125024
v -0.112331 2.284042 0.172081
v -0.053040 2.284042 0.202291
v 0.012681 2.284042 0.212699
v 0.078407 2.284042 0.202285
v 0.137705 2.284042 0.172071
v 0.184761 2.284042 0.125017
v 0.214974 2.284042 0.065725
v 0.225384 2.284042 0.000002
v -0.034619 2.293545 0.145591
v 0.012682 2.293545 0.153082
v 0.012627 8.792753 0.153121
v -0.034629 8.792753 0.145635
v -0.077291 2.293545 0.123849
v -0.077311 8.792753 0.123878
v -0.111155 2.293545 0.089981
v -0.111151 8.792753 0.090039
v -0.132899 2.293546 0.047303
v -0.132882 8.792753 0.047360
v -0.140392 2.293546 0.000001
v -0.140392 8.792753 0.000001
v -0.132900 2.293546 -0.047300
v -0.132900 8.792753 -0.047300
v -0.111157 2.293546 -0.089977
v -0.111157 8.792753 -0.090005
v -0.077291 2.293546 -0.123841
v -0.077291 8.792753 -0.123870
v -0.034616 2.293546 -0.145584
v -0.034590 8.792753 -0.145586
v 0.012688 2.293545 -0.153077
v 0.012715 8.792753 -0.153109
v 0.059988 2.293545 -0.145585
v 0.059968 8.792753 -0.145585
v 0.102662 2.293546 -0.123841
v 0.102640 8.792753 -0.123813
v 0.136530 2.293546 -0.089975
v 0.136546 8.792753 -0.089975
v 0.158274 2.293545 -0.047301
v 0.158307 8.792753 -0.047244
v 0.165767 2.293545 0.000001
v 0.165800 8.792753 0.000059
v 0.158275 2.293545 0.047303
v 0.158324 8.792753 0.047246
v 0.136530 2.293546 0.089976
v 0.136562 8.792753 0.089919
v 0.102663 2.293546 0.123842
v 0.102663 8.792753 0.123843
v 0.059986 2.293546 0.145587
v 0.059934 8.792753 0.145613
v 0.012684 0.469971 0.637408
v -0.184286 0.469971 0.606211
v -0.361975 0.469971 0.515674
v -0.502990 0.469971 0.374659
v -0.593527 0.469971 0.196970
v -0.624724 0.469971 0.000000
v -0.593527 0.469971 -0.196970
v -0.502990 0.469971 -0.374659
v -0.361975 0.469971 -0.515674
v -0.184286 0.469971 -0.606212
v 0.012684 0.469971 -0.637408
v 0.209655 0.469971 -0.606212
v 0.387344 0.469971 -0.515674
v 0.528359 0.469971 -0.374659
v 0.618896 0.469971 -0.196970
v 0.650093 0.469971 0.000000
v 0.618896 0.469971 0.196970
v 0.528358 0.469971 0.374659
v 0.387344 0.469971 0.515674
v 0.209655 0.469971 0.606211
v 0.012684 0.470469 0.606927
v -0.174866 0.470469 0.577222
v -0.344058 0.470469 0.491014
v -0.478330 0.470469 0.356743
v -0.564538 0.470469 0.187551
v -0.594243 0.470469 0.000000
v -0.564538 0.470469 -0.187551
v -0.478330 0.470469 -0.356743
v -0.344058 0.470469 -0.491015
v -0.174866 0.470469 -0.577223
v 0.012684 0.470469 -0.606927
v 0.200235 0.470469 -0.577223
v 0.369428 0.470469 -0.491015
v 0.503699 0.470469 -0.356743
v 0.589907 0.470469 -0.187551
v 0.619612 0.470469 0.000000
v 0.589906 0.470469 0.187551
v 0.503699 0.470469 0.356743
v 0.369427 0.470469 0.491014
v 0.200235 0.470469 0.577222
v -0.174031 0.506915 0.574650
v -0.342469 0.506915 0.488827
v -0.476142 0.506914 0.355153
v -0.561966 0.506914 0.186715
v -0.591539 0.506915 0.000000
v -0.561966 0.506914 -0.186715
v -0.476142 0.506914 -0.355154
v -0.342469 0.506914 -0.488827
v -0.174031 0.506915 -0.574650
v 0.012684 0.506915 -0.604223
v 0.199399 0.506915 -0.574650
v 0.367838 0.506914 -0.488827
v 0.501511 0.506914 -0.355154
v 0.587335 0.506914 -0.186715
v 0.616907 0.506915 0.000000
v 0.587334 0.506914 0.186715
v 0.501511 0.506914 0.355153
v 0.367838 0.506915 0.488827
v 0.199399 0.506915 0.574650
v 0.012684 0.506914 0.604223
v -0.183500 0.507402 0.603793
v -0.360480 0.507402 0.513618
v -0.500933 0.507402 0.373165
v -0.591109 0.507402 0.196185
v -0.622181 0.507402 0.000000
v -0.591109 0.507402 -0.196184
v -0.500933 0.507402 -0.373165
v -0.360480 0.507402 -0.513618
v -0.183500 0.507402 -0.603794
v 0.012684 0.507402 -0.634866
v 0.208869 0.507402 -0.603794
v 0.385850 0.507402 -0.513618
v 0.526302 0.507402 -0.373165
v 0.616478 0.507402 -0.196185
v 0.647550 0.507402 0.000000
v 0.616477 0.507402 0.196185
v 0.526302 0.507402 0.373165
v 0.385849 0.507402 0.513617
v 0.208869 0.507402 0.603793
v 0.012684 0.507402 0.634866
v -0.122209 0.659591 0.415161
v -0.243899 0.659591 0.353157
v -0.340472 0.659591 0.256584
v -0.402476 0.659591 0.134894
v -0.423841 0.659591 0.000000
v -0.402476 0.659591 -0.134894
v -0.340472 0.659591 -0.256584
v -0.243899 0.659591 -0.353156
v -0.122209 0.659592 -0.415160
v 0.012684 0.659591 -0.436526
v 0.147578 0.659591 -0.415161
v 0.269268 0.659591 -0.353157
v 0.365841 0.659591 -0.256584
v 0.427845 0.659591 -0.134894
v 0.449210 0.659591 0.000000
v 0.427845 0.659591 0.134894
v 0.365841 0.659591 0.256584
v 0.269268 0.659591 0.353157
v 0.147578 0.659591 0.415161
v 0.012684 0.659591 0.436526
v -0.121295 1.786983 0.412355
v -0.242158 1.786983 0.350772
v -0.338074 1.786983 0.254848
v -0.399659 1.786984 0.133972
v -0.420881 1.786984 0.000000
v -0.399660 1.786984 -0.133972
v -0.338077 1.786984 -0.254845
v -0.242159 1.786984 -0.350761
v -0.121291 1.786984 -0.412343
v 0.012688 1.786983 -0.433565
v 0.146660 1.786983 -0.412345
v 0.267525 1.786983 -0.350760
v 0.363449 1.786984 -0.254843
v 0.425034 1.786983 -0.133978
v 0.446255 1.786983 0.000000
v 0.425034 1.786983 0.133978
v 0.363449 1.786984 0.254839
v 0.267527 1.786984 0.350757
v 0.146656 1.786984 0.412344
v 0.012677 1.786983 0.433570
v -0.150504 1.788679 0.502251
v -0.297715 1.788679 0.427242
v -0.414541 1.788679 0.310406
v -0.489551 1.788680 0.163176
v -0.515400 1.788680 0.000000
v -0.489553 1.788680 -0.163177
v -0.414544 1.788680 -0.310403
v -0.297716 1.788680 -0.427229
v -0.150497 1.788680 -0.502234
v 0.012690 1.788680 -0.528086
v 0.175867 1.788680 -0.502238
v 0.323080 1.788680 -0.427227
v 0.439916 1.788680 -0.310399
v 0.514928 1.788680 -0.163187
v 0.540775 1.788679 -0.000001
v 0.514928 1.788679 0.163186
v 0.439916 1.788680 0.310394
v 0.323084 1.788680 0.427222
v 0.175862 1.788680 0.502236
v 0.012675 1.788679 0.528091
v -0.054100 2.283162 0.205554
v -0.114348 2.283161 0.174857
v -0.162159 2.283162 0.127040
v -0.192858 2.283162 0.066784
v -0.203437 2.283162 0.000001
v -0.192860 2.283162 -0.066781
v -0.162161 2.283162 -0.127034
v -0.114348 2.283162 -0.174846
v -0.054097 2.283162 -0.205543
v 0.012689 2.283162 -0.216123
v 0.079471 2.283162 -0.205545
v 0.139719 2.283162 -0.174846
v 0.187536 2.283162 -0.127032
v 0.218236 2.283161 -0.066782
v 0.228814 2.283161 0.000001
v 0.218237 2.283162 0.066785
v 0.187536 2.283162 0.127033
v 0.139721 2.283162 0.174847
v 0.079467 2.283162 0.205547
v 0.012681 2.283161 0.216129
vt 0.224138 0.430689
vt 0.251202 0.429064
vt 0.251311 0.430873
vt 0.224246 0.432498
vt 0.278267 0.427439
vt 0.278375 0.429249
vt 0.305331 0.425815
vt 0.305440 0.427624
vt 0.332396 0.424190
vt 0.332504 0.425999
vt 0.359460 0.422565
vt 0.359569 0.424374
vt 0.386525 0.420941
vt 0.386633 0.422750
vt 0.413589 0.419316
vt 0.413698 0.421125
vt 0.440654 0.417691
vt 0.440762 0.419500
vt 0.467718 0.416067
vt 0.467827 0.417876
vt 0.494783 0.414442
vt 0.494891 0.416251
vt 0.521847 0.412817
vt 0.521956 0.414626
vt 0.548912 0.411192
vt 0.549020 0.413002
vt 0.575976 0.409568
vt 0.576085 0.411377
vt 0.603041 0.407943
vt 0.603149 0.409752
vt 0.630105 0.406318
vt 0.630214 0.408128
vt 0.657170 0.404694
vt 0.657278 0.406503
vt 0.684234 0.403069
vt 0.684343 0.404878
vt 0.711299 0.401444
vt 0.711407 0.403253
vt 0.738363 0.399820
vt 0.738472 0.401629
vt 0.765427 0.398195
vt 0.765536 0.400004
vt 0.627365 0.064554
vt 0.649179 0.108600
vt 0.500001 0.154464
vt 0.592821 0.029371
vt 0.548925 0.006667
vt 0.500072 -0.001190
vt 0.451212 0.006623
vt 0.407295 0.029286
vt 0.372719 0.064437
vt 0.350865 0.108463
vt 0.343765 0.156917
vt 0.351952 0.205012
vt 0.374466 0.248095
vt 0.409010 0.282089
vt 0.452208 0.303829
vt 0.499929 0.311318
vt 0.547657 0.303873
vt 0.590874 0.282173
vt 0.625450 0.248211
vt 0.648003 0.205147
vt 0.656234 0.157061
vt 0.648603 0.892034
vt 0.626409 0.935591
vt 0.500000 0.837500
vt 0.591841 0.970159
vt 0.548284 0.992353
vt 0.500000 1.000000
vt 0.451716 0.992353
vt 0.408159 0.970159
vt 0.373591 0.935591
vt 0.351397 0.892034
vt 0.343750 0.843750
vt 0.351397 0.795466
vt 0.373591 0.751909
vt 0.408159 0.717341
vt 0.451716 0.695147
vt 0.500000 0.687500
vt 0.548284 0.695147
vt 0.591842 0.717341
vt 0.626409 0.751908
vt 0.648603 0.795466
vt 0.656250 0.843750
vt 0.648603 0.892034
vt 0.626409 0.935591
vt 0.626409 0.935591
vt 0.648603 0.892034
vt 0.591841 0.970159
vt 0.591841 0.970159
vt 0.548284 0.992353
vt 0.548284 0.992353
vt 0.500000 1.000000
vt 0.500000 1.000000
vt 0.451716 0.992353
vt 0.451716 0.992353
vt 0.408159 0.970159
vt 0.408159 0.970159
vt 0.373591 0.935591
vt 0.373591 0.935591
vt 0.351397 0.892034
vt 0.351397 0.892034
vt 0.343750 0.843750
vt 0.343750 0.843750
vt 0.351397 0.795466
vt 0.351397 0.795466
vt 0.373591 0.751909
vt 0.373591 0.751909
vt 0.408159 0.717341
vt 0.408159 0.717341
vt 0.451716 0.695147
vt 0.451716 0.695147
vt 0.500000 0.687500
vt 0.500000 0.687500
vt 0.548284 0.695147
vt 0.548284 0.695147
vt 0.591842 0.717341
vt 0.591842 0.717341
vt 0.626409 0.751908
vt 0.626409 0.751908
vt 0.648603 0.795466
vt 0.648603 0.795466
vt 0.656250 0.843750
vt 0.656250 0.843750
vt 0.648603 0.892034
vt 0.626409 0.935591
vt 0.626409 0.935591
vt 0.648603 0.892034
vt 0.591841 0.970159
vt 0.591841 0.970159
vt 0.548284 0.992353
vt 0.548284 0.992353
vt 0.500000 1.000000
vt 0.500000 1.000000
vt 0.451716 0.992353
vt 0.451716 0.992353
vt 0.408159 0.970159
vt 0.408159 0.970159
vt 0.373591 0.935591
vt 0.373591 0.935591
vt 0.351397 0.892034
vt 0.351397 0.892034
vt 0.343750 0.843750
vt 0.343750 0.843750
vt 0.351397 0.795466
vt 0.351397 0.795466
vt 0.373591 0.751909
vt 0.373591 0.751909
vt 0.408159 0.717341
vt 0.408159 0.717341
vt 0.451716 0.695147
vt 0.451716 0.695147
vt 0.500000 0.687500
vt 0.500000 0.687500
vt 0.548284 0.695147
vt 0.548284 0.695147
vt 0.591842 0.717341
vt 0.591842 0.717341
vt 0.626409 0.751908
vt 0.626409 0.751908
vt 0.648603 0.795466
vt 0.648603 0.795466
vt 0.656250 0.843750
vt 0.656250 0.843750
vt 0.648603 0.892034
vt 0.626409 0.935591
vt 0.626409 0.935591
vt 0.648603 0.892034
vt 0.591841 0.970159
vt 0.591841 0.970159
vt 0.548284 0.992353
vt 0.548284 0.992353
vt 0.500000 1.000000
vt 0.500000 1.000000
vt 0.451716 0.992353
vt 0.451716 0.992353
vt 0.408159 0.970159
vt 0.408159 0.970159
vt 0.373591 0.935591
vt 0.373591 0.935591
vt 0.351397 0.892034
vt 0.351397 0.892034
vt 0.343750 0.843750
vt 0.343750 0.843750
vt 0.351397 0.795466
vt 0.351397 0.795466
vt 0.373591 0.751909
vt 0.373591 0.751909
vt 0.408159 0.717341
vt 0.408159 0.717341
vt 0.451716 0.695147
vt 0.451716 0.695147
vt 0.500000 0.687500
vt 0.500000 0.687500
vt 0.548284 0.695147
vt 0.548284 0.695147
vt 0.591842 0.717341
vt 0.591842 0.717341
vt 0.626409 0.751908
vt 0.626409 0.751908
vt 0.648603 0.795466
vt 0.648603 0.795466
vt 0.656250 0.843750
vt 0.656250 0.843750
vt 0.648603 0.892034
vt 0.626409 0.935591
vt 0.626409 0.935591
vt 0.648603 0.892034
vt 0.591841 0.970159
vt 0.591841 0.970159
vt 0.548284 0.992353
vt 0.548284 0.992353
vt 0.500000 1.000000
vt 0.500000 1.000000
vt 0.451716 0.992353
vt 0.451716 0.992353
vt 0.408159 0.970159
vt 0.408159 0.970159
vt 0.373591 0.935591
vt 0.373591 0.935591
vt 0.351397 0.892034
vt 0.351397 0.892034
vt 0.343750 0.843750
vt 0.343750 0.843750
vt 0.351397 0.795466
vt 0.351397 0.795466
vt 0.373591 0.751909
vt 0.373591 0.751909
vt 0.408159 0.717341
vt 0.408159 0.717341
vt 0.451716 0.695147
vt 0.451716 0.695147
vt 0.500000 0.687500
vt 0.500000 0.687500
vt 0.548284 0.695147
vt 0.548284 0.695147
vt 0.591842 0.717341
vt 0.591842 0.717341
vt 0.626409 0.751908
vt 0.626409 0.751908
vt 0.648603 0.795466
vt 0.648603 0.795466
vt 0.656250 0.843750
vt 0.656250 0.843750
vt 0.648603 0.892034
vt 0.626409 0.935591
vt 0.626409 0.935591
vt 0.648603 0.892034
vt 0.591841 0.970159
vt 0.591841 0.970159
vt 0.548284 0.992353
vt 0.548284 0.992353
vt 0.500000 1.000000
vt 0.500000 1.000000
vt 0.451716 0.992353
vt 0.451716 0.992353
vt 0.408159 0.970159
vt 0.408159 0.970159
vt 0.373591 0.935591
vt 0.373591 0.935591
vt 0.351397 0.892034
vt 0.351397 0.892034
vt 0.343750 0.843750
vt 0.343750 0.843750
vt 0.351397 0.795466
vt 0.351397 0.795466
vt 0.373591 0.751909
vt 0.373591 0.751909
vt 0.408159 0.717341
vt 0.408158 0.717341
vt 0.451716 0.695147
vt 0.451716 0.695147
vt 0.500000 0.687500
vt 0.500000 0.687500
vt 0.548284 0.695147
vt 0.548284 0.695147
vt 0.591842 0.717341
vt 0.591842 0.717341
vt 0.626409 0.751908
vt 0.626409 0.751908
vt 0.648603 0.795466
vt 0.648603 0.795466
vt 0.656250 0.843750
vt 0.656250 0.843750
vt 0.648603 0.892034
vt 0.626409 0.935591
vt 0.626409 0.935591
vt 0.648603 0.892034
vt 0.591841 0.970159
vt 0.591841 0.970159
vt 0.548284 0.992353
vt 0.548284 0.992353
vt 0.500000 1.000000
vt 0.500000 1.000000
vt 0.451716 0.992353
vt 0.451716 0.992353
vt 0.408159 0.970159
vt 0.408159 0.970159
vt 0.373591 0.935591
vt 0.373591 0.935591
vt 0.351397 0.892034
vt 0.351397 0.892034
vt 0.343750 0.843750
vt 0.343750 0.843750
vt 0.351397 0.795466
vt 0.351397 0.795466
vt 0.373591 0.751909
vt 0.373591 0.751909
vt 0.408159 0.717341
vt 0.408159 0.717341
vt 0.451716 0.695147
vt 0.451716 0.695147
vt 0.500000 0.687500
vt 0.500000 0.687500
vt 0.548284 0.695147
vt 0.548284 0.695147
vt 0.591842 0.717341
vt 0.591842 0.717341
vt 0.626409 0.751908
vt 0.626409 0.751908
vt 0.648603 0.795466
vt 0.648603 0.795466
vt 0.656250 0.843750
vt 0.656250 0.843750
vt 0.648603 0.892034
vt 0.626409 0.935591
vt 0.626409 0.935591
vt 0.648603 0.892034
vt 0.591841 0.970159
vt 0.591841 0.970159
vt 0.548284 0.992353
vt 0.548284 0.992353
vt 0.500000 1.000000
vt 0.500000 1.000000
vt 0.451716 0.992353
vt 0.451716 0.992353
vt 0.408159 0.970159
vt 0.408159 0.970159
vt 0.373591 0.935591
vt 0.373591 0.935591
vt 0.351397 0.892034
vt 0.351397 0.892034
vt 0.343750 0.843750
vt 0.343750 0.843750
vt 0.351397 0.795466
vt 0.351397 0.795466
vt 0.373591 0.751909
vt 0.373591 0.751909
vt 0.408159 0.717341
vt 0.408158 0.717341
vt 0.451716 0.695147
vt 0.451716 0.695147
vt 0.500000 0.687500
vt 0.500000 0.687500
vt 0.548284 0.695147
vt 0.548284 0.695147
vt 0.591842 0.717341
vt 0.591842 0.717341
vt 0.626409 0.751908
vt 0.626409 0.751908
vt 0.648603 0.795466
vt 0.648603 0.795466
vt 0.656250 0.843750
vt 0.656250 0.843750
vt 0.648603 0.892034
vt 0.626409 0.935591
vt 0.626409 0.935591
vt 0.648603 0.892034
vt 0.626409 0.935591
vt 0.648603 0.892034
vt 0.626409 0.935591
vt 0.648603 0.892034
vt 0.626409 0.935591
vt 0.648603 0.892034
vt 0.626409 0.935591
vt 0.648603 0.892034
vt 0.591841 0.970159
vt 0.591841 0.970159
vt 0.591841 0.970159
vt 0.591841 0.970159
vt 0.591841 0.970159
vt 0.591841 0.970159
vt 0.548284 0.992353
vt 0.548284 0.992353
vt 0.548284 0.992353
vt 0.548284 0.992353
vt 0.548284 0.992353
vt 0.548284 0.992353
vt 0.500000 1.000000
vt 0.500000 1.000000
vt 0.500000 1.000000
vt 0.500000 1.000000
vt 0.500000 1.000000
vt 0.500000 1.000000
vt 0.451716 0.992353
vt 0.451716 0.992353
vt 0.451716 0.992353
vt 0.451716 0.992353
vt 0.451716 0.992353
vt 0.451716 0.992353
vt 0.408159 0.970159
vt 0.408159 0.970159
vt 0.408159 0.970159
vt 0.408159 0.970159
vt 0.408159 0.970159
vt 0.408159 0.970159
vt 0.373591 0.935591
vt 0.373591 0.935591
vt 0.373591 0.935591
vt 0.373591 0.935591
vt 0.373591 0.935591
vt 0.373591 0.935591
vt 0.351397 0.892034
vt 0.351397 0.892034
vt 0.351397 0.892034
vt 0.351397 0.892034
vt 0.351397 0.892034
vt 0.351397 0.892034
vt 0.343750 0.843750
vt 0.343750 0.843750
vt 0.343750 0.843750
vt 0.343750 0.843750
vt 0.343750 0.843750
vt 0.343750 0.843750
vt 0.351397 0.795466
vt 0.351397 0.795466
vt 0.351397 0.795466
vt 0.351397 0.795466
vt 0.351397 0.795466
vt 0.351397 0.795466
vt 0.373591 0.751909
vt 0.373591 0.751909
vt 0.373591 0.751909
vt 0.373591 0.751909
vt 0.373591 0.751909
vt 0.373591 0.751909
vt 0.408159 0.717341
vt 0.408159 0.717341
vt 0.408159 0.717341
vt 0.408159 0.717341
vt 0.408159 0.717341
vt 0.408159 0.717341
vt 0.451716 0.695147
vt 0.451716 0.695147
vt 0.451716 0.695147
vt 0.451716 0.695147
vt 0.451716 0.695147
vt 0.451716 0.695147
vt 0.500000 0.687500
vt 0.500000 0.687500
vt 0.500000 0.687500
vt 0.500000 0.687500
vt 0.500000 0.687500
vt 0.500000 0.687500
vt 0.548284 0.695147
vt 0.548284 0.695147
vt 0.548284 0.695147
vt 0.548284 0.695147
vt 0.548284 0.695147
vt 0.548284 0.695147
vt 0.591842 0.717341
vt 0.591842 0.717341
vt 0.591842 0.717341
vt 0.591842 0.717341
vt 0.591842 0.717341
vt 0.591842 0.717341
vt 0.626409 0.751908
vt 0.626409 0.751908
vt 0.626409 0.751908
vt 0.626409 0.751908
vt 0.626409 0.751908
vt 0.626409 0.751908
vt 0.648603 0.795466
vt 0.648603 0.795466
vt 0.648603 0.795466
vt 0.648603 0.795466
vt 0.648603 0.795466
vt 0.648603 0.795466
vt 0.656250 0.843750
vt 0.656250 0.843750
vt 0.656250 0.843750
vt 0.656250 0.843750
vt 0.656250 0.843750
vt 0.656250 0.843750
vt 0.648603 0.892034
vt 0.626409 0.935591
vt 0.626409 0.935591
vt 0.648603 0.892034
vt 0.591841 0.970159
vt 0.591841 0.970159
vt 0.548284 0.992353
vt 0.548284 0.992353
vt 0.500000 1.000000
vt 0.500000 1.000000
vt 0.451716 0.992353
vt 0.451716 0.992353
vt 0.408159 0.970159
vt 0.408159 0.970159
vt 0.373591 0.935591
vt 0.373591 0.935591
vt 0.351397 0.892034
vt 0.351397 0.892034
vt 0.343750 0.843750
vt 0.343750 0.843750
vt 0.351397 0.795466
vt 0.351397 0.795466
vt 0.373591 0.751909
vt 0.373591 0.751909
vt 0.408159 0.717341
vt 0.408159 0.717341
vt 0.451716 0.695147
vt 0.451716 0.695147
vt 0.500000 0.687500
vt 0.500000 0.687500
vt 0.548284 0.695147
vt 0.548284 0.695147
vt 0.591842 0.717341
vt 0.591842 0.717341
vt 0.626409 0.751908
vt 0.626409 0.751908
vt 0.648603 0.795466
vt 0.648603 0.795466
vt 0.656250 0.843750
vt 0.656250 0.843750
vt 0.648603 0.892034
vt 0.626409 0.935591
vt 0.626409 0.935591
vt 0.648603 0.892034
vt 0.591841 0.970159
vt 0.591841 0.970159
vt 0.548284 0.992353
vt 0.548284 0.992353
vt 0.500000 1.000000
vt 0.500000 1.000000
vt 0.451716 0.992353
vt 0.451716 0.992353
vt 0.408159 0.970159
vt 0.408159 0.970159
vt 0.373591 0.935591
vt 0.373591 0.935591
vt 0.351397 0.892034
vt 0.351397 0.892034
vt 0.343750 0.843750
vt 0.343750 0.843750
vt 0.351397 0.795466
vt 0.351397 0.795466
vt 0.373591 0.751909
vt 0.373591 0.751909
vt 0.408159 0.717341
vt 0.408159 0.717341
vt 0.451716 0.695147
vt 0.451716 0.695147
vt 0.500000 0.687500
vt 0.500000 0.687500
vt 0.548284 0.695147
vt 0.548284 0.695147
vt 0.591842 0.717341
vt 0.591842 0.717341
vt 0.626409 0.751908
vt 0.626409 0.751908
vt 0.648603 0.795466
vt 0.648603 0.795466
vt 0.656250 0.843750
vt 0.656250 0.843750
vt 0.626409 0.935591
vt 0.648603 0.892034
vt 0.591841 0.970159
vt 0.548284 0.992353
vt 0.500000 1.000000
vt 0.451716 0.992353
vt 0.408159 0.970159
vt 0.373591 0.935591
vt 0.351397 0.892034
vt 0.343750 0.843750
vt 0.351397 0.795466
vt 0.373591 0.751909
vt 0.408159 0.717341
vt 0.451716 0.695147
vt 0.500000 0.687500
vt 0.548284 0.695147
vt 0.591842 0.717341
vt 0.626409 0.751909
vt 0.648603 0.795466
vt 0.656250 0.843750
vt 0.451716 0.695147
vt 0.500000 0.687500
vt 0.500000 0.687500
vt 0.451716 0.695147
vt 0.408159 0.717341
vt 0.408159 0.717341
vt 0.373591 0.751909
vt 0.373591 0.751909
vt 0.351397 0.795466
vt 0.351397 0.795466
vt 0.343750 0.843750
vt 0.343750 0.843750
vt 0.351397 0.892034
vt 0.351397 0.892034
vt 0.373591 0.935591
vt 0.373591 0.935591
vt 0.408159 0.970159
vt 0.408159 0.970159
vt 0.451716 0.992353
vt 0.451716 0.992353
vt 0.500000 1.000000
vt 0.500000 1.000000
vt 0.548284 0.992353
vt 0.548284 0.992353
vt 0.591841 0.970159
vt 0.591841 0.970159
vt 0.626409 0.935591
vt 0.626409 0.935591
vt 0.648603 0.892034
vt 0.648603 0.892034
vt 0.656250 0.843750
vt 0.656250 0.843750
vt 0.648603 0.795466
vt 0.648603 0.795466
vt 0.626409 0.751908
vt 0.626409 0.751908
vt 0.591842 0.717341
vt 0.591842 0.717341
vt 0.548284 0.695147
vt 0.548284 0.695147
vt 0.613415 0.580765
vt 0.586351 0.582389
vt 0.559286 0.584014
vt 0.532222 0.585639
vt 0.505157 0.587263
vt 0.478093 0.588888
vt 0.451028 0.590513
vt 0.423964 0.592137
vt 0.396899 0.593762
vt 0.369835 0.595387
vt 0.342770 0.597012
vt 0.315706 0.598636
vt 0.288641 0.600261
vt 0.261577 0.601886
vt 0.234512 0.603510
vt 0.775802 0.571016
vt 0.748738 0.572641
vt 0.721673 0.574266
vt 0.694609 0.575890
vt 0.667544 0.577515
vt 0.640480 0.579140
vt 0.613426 0.580951
vt 0.586362 0.582576
vt 0.559297 0.584200
vt 0.532233 0.585825
vt 0.505168 0.587450
vt 0.478104 0.589074
vt 0.451039 0.590699
vt 0.423975 0.592324
vt 0.396910 0.593948
vt 0.369846 0.595573
vt 0.342782 0.597198
vt 0.315717 0.598823
vt 0.288652 0.600447
vt 0.261588 0.602072
vt 0.234524 0.603697
vt 0.775813 0.571203
vt 0.748749 0.572827
vt 0.721684 0.574452
vt 0.694620 0.576077
vt 0.667555 0.577702
vt 0.640491 0.579326
vt 0.500000 0.687500
vt 0.451716 0.695147
vt 0.408159 0.717341
vt 0.373591 0.751909
vt 0.351397 0.795466
vt 0.343750 0.843750
vt 0.351397 0.892034
vt 0.373591 0.935591
vt 0.408159 0.970159
vt 0.451716 0.992353
vt 0.500000 1.000000
vt 0.548284 0.992353
vt 0.591841 0.970159
vt 0.626409 0.935591
vt 0.648603 0.892034
vt 0.656250 0.843750
vt 0.648603 0.795466
vt 0.626409 0.751908
vt 0.591842 0.717341
vt 0.548284 0.695147
vt 0.451716 0.695147
vt 0.408159 0.717341
vt 0.373591 0.751909
vt 0.351397 0.795466
vt 0.343750 0.843750
vt 0.351397 0.892034
vt 0.373591 0.935591
vt 0.408159 0.970159
vt 0.451716 0.992353
vt 0.500000 1.000000
vt 0.548284 0.992353
vt 0.591841 0.970159
vt 0.626409 0.935591
vt 0.648603 0.892034
vt 0.656250 0.843750
vt 0.648603 0.795466
vt 0.626409 0.751908
vt 0.591842 0.717341
vt 0.548284 0.695147
vt 0.500000 0.687500
vt 0.451716 0.695147
vt 0.408159 0.717341
vt 0.373591 0.751909
vt 0.351397 0.795466
vt 0.343750 0.843750
vt 0.351397 0.892034
vt 0.373591 0.935591
vt 0.408159 0.970159
vt 0.451716 0.992353
vt 0.500000 1.000000
vt 0.548284 0.992353
vt 0.591841 0.970159
vt 0.626409 0.935591
vt 0.648603 0.892034
vt 0.656250 0.843750
vt 0.648603 0.795466
vt 0.626409 0.751908
vt 0.591842 0.717341
vt 0.548284 0.695147
vt 0.500000 0.687500
vt 0.451716 0.695147
vt 0.408159 0.717341
vt 0.373591 0.751909
vt 0.351397 0.795466
vt 0.343750 0.843750
vt 0.351397 0.892034
vt 0.373591 0.935591
vt 0.408159 0.970159
vt 0.451716 0.992353
vt 0.500000 1.000000
vt 0.548284 0.992353
vt 0.591841 0.970159
vt 0.626409 0.935591
vt 0.648603 0.892034
vt 0.656250 0.843750
vt 0.648603 0.795466
vt 0.626409 0.751908
vt 0.591842 0.717341
vt 0.548284 0.695147
vt 0.500000 0.687500
vt 0.451716 0.695147
vt 0.408159 0.717341
vt 0.373591 0.751909
vt 0.351397 0.795466
vt 0.343750 0.843750
vt 0.351397 0.892034
vt 0.373591 0.935591
vt 0.408159 0.970159
vt 0.451716 0.992353
vt 0.500000 1.000000
vt 0.548284 0.992353
vt 0.591841 0.970159
vt 0.626409 0.935591
vt 0.648603 0.892034
vt 0.656250 0.843750
vt 0.648603 0.795466
vt 0.626409 0.751908
vt 0.591842 0.717341
vt 0.548284 0.695147
vt 0.500000 0.687500
vt 0.451716 0.695147
vt 0.408159 0.717341
vt 0.373591 0.751909
vt 0.351397 0.795466
vt 0.343750 0.843750
vt 0.351397 0.892034
vt 0.373591 0.935591
vt 0.408159 0.970159
vt 0.451716 0.992353
vt 0.500000 1.000000
vt 0.548284 0.992353
vt 0.591841 0.970159
vt 0.626409 0.935591
vt 0.648603 0.892034
vt 0.656250 0.843750
vt 0.648603 0.795466
vt 0.626409 0.751908
vt 0.591842 0.717341
vt 0.548284 0.695147
vt 0.500000 0.687500
vt 0.451716 0.695147
vt 0.408159 0.717341
vt 0.373591 0.751909
vt 0.351397 0.795466
vt 0.343750 0.843750
vt 0.351397 0.892034
vt 0.373591 0.935591
vt 0.408159 0.970159
vt 0.451716 0.992353
vt 0.500000 1.000000
vt 0.548284 0.992353
vt 0.591841 0.970159
vt 0.626409 0.935591
vt 0.648603 0.892034
vt 0.656250 0.843750
vt 0.648603 0.795466
vt 0.626409 0.751908
vt 0.591842 0.717341
vt 0.548284 0.695147
vt 0.500000 0.687500
vn 0.9511 0.0000 -0.3090
vn 0.8090 0.0000 -0.5878
vn 0.5878 0.0000 -0.8090
vn 0.3090 0.0000 -0.9511
vn -0.0000 0.0000 -1.0000
vn -0.3090 0.0000 -0.9511
vn -0.5878 0.0000 -0.8090
vn -0.8090 0.0000 -0.5878
vn -0.9511 0.0000 -0.3090
vn -1.0000 0.0000 -0.0000
vn -0.9511 0.0000 0.3090
vn -0.8090 0.0000 0.5878
vn -0.5878 0.0000 0.8090
vn -0.3090 0.0000 0.9511
vn -0.0000 0.0000 1.0000
vn 0.3090 0.0000 0.9511
vn 0.5878 0.0001 0.8090
vn 0.5878 0.0000 0.8090
vn 0.8090 0.0000 0.5878
vn 0.9511 0.0000 0.3090
vn 1.0000 0.0000 -0.0000
vn 0.0000 -1.0000 0.0000
vn 0.0000 1.0000 0.0000
vn 0.3090 -0.0007 -0.9511
vn -0.0000 -0.0009 -1.0000
vn -0.3090 -0.0005 -0.9511
vn -0.5878 -0.0003 -0.8090
vn -0.5878 0.0002 -0.8090
vn -0.8090 -0.0001 -0.5878
vn -0.8091 0.0003 -0.5877
vn -0.9511 0.0002 -0.3090
vn -0.9511 0.0001 -0.3090
vn -0.3090 -0.0005 0.9511
vn -0.3090 -0.0002 0.9511
vn 0.0000 -0.0009 1.0000
vn -0.0000 -0.0001 1.0000
vn 0.3090 -0.0005 0.9511
vn 0.3090 -0.0002 0.9511
vn 0.5775 0.7945 -0.1876
vn 0.4909 0.7949 -0.3567
vn 0.4914 0.7944 -0.3569
vn 0.5773 0.7947 -0.1876
vn 0.3567 0.7947 -0.4911
vn 0.3569 0.7946 -0.4911
vn 0.1876 0.7945 -0.5775
vn -0.0000 0.7944 -0.6074
vn -0.0000 0.7945 -0.6073
vn -0.1877 0.7944 -0.5777
vn -0.1876 0.7947 -0.5773
vn -0.3567 0.7947 -0.4911
vn -0.3568 0.7946 -0.4911
vn -0.4910 0.7948 -0.3567
vn -0.5771 0.7948 -0.1874
vn -0.5773 0.7947 -0.1876
vn -0.6070 0.7947 -0.0000
vn -0.6071 0.7946 -0.0000
vn -0.5773 0.7947 0.1876
vn -0.5774 0.7946 0.1876
vn -0.4912 0.7945 0.3569
vn -0.4912 0.7946 0.3569
vn -0.3569 0.7946 0.4911
vn -0.3569 0.7946 0.4912
vn -0.1876 0.7946 0.5774
vn -0.1876 0.7947 0.5773
vn 0.0000 0.7945 0.6073
vn 0.0000 0.7947 0.6070
vn 0.1876 0.7946 0.5774
vn 0.3569 0.7945 0.4912
vn 0.3570 0.7944 0.4914
vn 0.4911 0.7948 0.3567
vn 0.4911 0.7947 0.3567
vn 0.5773 0.7947 0.1875
vn 0.5775 0.7945 0.1877
vn 0.6071 0.7946 0.0000
vn 0.6072 0.7946 0.0000
vn 0.5878 0.0005 -0.8090
vn -0.0001 0.0001 -1.0000
vn 0.0000 0.0001 -1.0000
vn -0.3090 0.0004 -0.9511
vn -0.3090 -0.0001 -0.9511
vn -0.5878 0.0003 -0.8090
vn -0.5878 0.0001 -0.8090
vn -0.8090 -0.0001 -0.5877
vn -1.0000 0.0000 -0.0001
vn -0.9510 0.0001 0.3091
vn -0.8090 0.0001 0.5878
vn 0.3090 -0.0001 0.9511
vn 0.8090 0.0001 0.5878
vn -0.0000 -1.0000 0.0001
vn 0.0000 -1.0000 -0.0001
vn 0.9331 0.1933 -0.3033
vn 0.7937 0.1934 -0.5768
vn 0.7936 0.1938 -0.5767
vn 0.9331 0.1935 -0.3032
vn 0.5766 0.1938 -0.7937
vn 0.3032 0.1934 -0.9331
vn 0.3032 0.1937 -0.9330
vn -0.0000 0.1934 -0.9811
vn -0.0000 0.1938 -0.9811
vn -0.3031 0.1937 -0.9330
vn -0.3032 0.1937 -0.9330
vn -0.5767 0.1938 -0.7936
vn -0.5766 0.1938 -0.7937
vn -0.7937 0.1939 -0.5766
vn -0.7937 0.1938 -0.5766
vn -0.9330 0.1939 -0.3031
vn -0.9330 0.1938 -0.3031
vn -0.9811 0.1936 0.0000
vn -0.9810 0.1942 0.0000
vn -0.9330 0.1938 0.3032
vn -0.9330 0.1938 0.3031
vn -0.7936 0.1942 0.5766
vn -0.7937 0.1940 0.5766
vn -0.5767 0.1937 0.7937
vn -0.5766 0.1939 0.7937
vn -0.3031 0.1936 0.9331
vn -0.3031 0.1939 0.9330
vn 0.0000 0.1940 0.9810
vn 0.0000 0.1938 0.9810
vn 0.3032 0.1937 0.9330
vn 0.5766 0.1937 0.7937
vn 0.7936 0.1938 0.5767
vn 0.7937 0.1938 0.5767
vn 0.9330 0.1937 0.3032
vn 0.9330 0.1939 0.3032
vn 0.9810 0.1940 -0.0001
vn 0.9811 0.1934 -0.0001
vn 0.8947 0.3391 -0.2907
vn 0.7611 0.3391 -0.5530
vn 0.5487 0.7348 -0.3987
vn 0.6450 0.7349 -0.2096
vn 0.4641 0.8191 -0.3372
vn 0.5457 0.8190 -0.1773
vn 0.5209 0.7652 -0.3785
vn 0.6123 0.7652 -0.1990
vn 0.7464 0.3857 -0.5423
vn 0.8775 0.3857 -0.2851
vn 0.7996 0.1520 -0.5810
vn 0.9400 0.1520 -0.3056
vn 0.5529 0.3391 -0.7611
vn 0.3986 0.7349 -0.5487
vn 0.3372 0.8191 -0.4641
vn 0.3784 0.7651 -0.5209
vn 0.5423 0.3857 -0.7464
vn 0.5810 0.1519 -0.7996
vn 0.2907 0.3391 -0.8947
vn 0.2096 0.7348 -0.6450
vn 0.1773 0.8191 -0.5456
vn 0.1990 0.7652 -0.6123
vn 0.2851 0.3857 -0.8775
vn 0.3055 0.1521 -0.9400
vn -0.0000 0.3391 -0.9407
vn -0.0000 0.7348 -0.6782
vn -0.0000 0.8191 -0.5737
vn -0.0000 0.7652 -0.6438
vn -0.0000 0.3857 -0.9226
vn -0.0000 0.1520 -0.9884
vn -0.2907 0.3391 -0.8947
vn -0.2096 0.7349 -0.6450
vn -0.1773 0.8191 -0.5456
vn -0.1990 0.7651 -0.6123
vn -0.2851 0.3857 -0.8775
vn -0.3054 0.1519 -0.9400
vn -0.5529 0.3391 -0.7611
vn -0.3986 0.7349 -0.5487
vn -0.3372 0.8190 -0.4642
vn -0.3784 0.7652 -0.5209
vn -0.5423 0.3857 -0.7464
vn -0.5810 0.1520 -0.7996
vn -0.7611 0.3391 -0.5529
vn -0.5487 0.7349 -0.3986
vn -0.4641 0.8191 -0.3372
vn -0.5209 0.7652 -0.3784
vn -0.7464 0.3857 -0.5423
vn -0.7996 0.1519 -0.5810
vn -0.8947 0.3391 -0.2907
vn -0.6450 0.7349 -0.2096
vn -0.5456 0.8191 -0.1773
vn -0.6123 0.7652 -0.1990
vn -0.8775 0.3857 -0.2851
vn -0.9400 0.1520 -0.3054
vn -0.9407 0.3391 0.0000
vn -0.6782 0.7349 0.0000
vn -0.5737 0.8190 0.0000
vn -0.6438 0.7652 0.0000
vn -0.9226 0.3857 0.0000
vn -0.9884 0.1520 0.0000
vn -0.8947 0.3391 0.2907
vn -0.6450 0.7349 0.2096
vn -0.5457 0.8190 0.1773
vn -0.6123 0.7651 0.1990
vn -0.8775 0.3857 0.2851
vn -0.9400 0.1520 0.3054
vn -0.7611 0.3391 0.5529
vn -0.5487 0.7349 0.3986
vn -0.4642 0.8191 0.3372
vn -0.5209 0.7651 0.3784
vn -0.7465 0.3857 0.5423
vn -0.7997 0.1521 0.5809
vn -0.5530 0.3391 0.7611
vn -0.3986 0.7349 0.5487
vn -0.3372 0.8190 0.4642
vn -0.3785 0.7652 0.5209
vn -0.5423 0.3857 0.7464
vn -0.5810 0.1521 0.7996
vn -0.2907 0.3391 0.8947
vn -0.2096 0.7349 0.6450
vn -0.1773 0.8190 0.5457
vn -0.1990 0.7652 0.6123
vn -0.2851 0.3857 0.8775
vn -0.3054 0.1520 0.9400
vn 0.0000 0.3391 0.9407
vn 0.0000 0.7348 0.6782
vn 0.0000 0.8190 0.5737
vn 0.0000 0.7652 0.6438
vn 0.0000 0.3857 0.9226
vn 0.0000 0.1520 0.9884
vn 0.2907 0.3391 0.8947
vn 0.2096 0.7349 0.6450
vn 0.1773 0.8190 0.5457
vn 0.1990 0.7651 0.6123
vn 0.2851 0.3857 0.8775
vn 0.3055 0.1520 0.9400
vn 0.5530 0.3391 0.7611
vn 0.3987 0.7348 0.5487
vn 0.3372 0.8190 0.4642
vn 0.3784 0.7651 0.5209
vn 0.5423 0.3857 0.7464
vn 0.5810 0.1520 0.7996
vn 0.7611 0.3391 0.5530
vn 0.5487 0.7348 0.3987
vn 0.4641 0.8191 0.3372
vn 0.5209 0.7651 0.3785
vn 0.7464 0.3857 0.5423
vn 0.7996 0.1519 0.5810
vn 0.8947 0.3391 0.2907
vn 0.6450 0.7349 0.2096
vn 0.5457 0.8190 0.1773
vn 0.6123 0.7652 0.1990
vn 0.8775 0.3857 0.2851
vn 0.9400 0.1520 0.3055
vn 0.9407 0.3391 -0.0000
vn 0.6782 0.7349 0.0000
vn 0.5737 0.8190 0.0000
vn 0.6438 0.7652 -0.0000
vn 0.9226 0.3857 0.0000
vn 0.9884 0.1521 0.0000
vn 0.0005 1.0000 -0.0001
vn 0.0002 1.0000 -0.0001
vn 0.0001 1.0000 -0.0001
vn -0.0001 1.0000 0.0000
vn 0.0002 1.0000 -0.0006
vn 0.0000 1.0000 -0.0007
vn -0.0000 1.0000 -0.0002
vn -0.0000 1.0000 -0.0001
vn -0.0002 1.0000 0.0001
vn -0.0001 1.0000 0.0001
vn -0.0000 1.0000 0.0003
vn -0.0000 1.0000 0.0002
vn 0.0002 1.0000 0.0001
vn 0.0001 1.0000 0.0001
vn 0.0005 1.0000 0.0001
vn 0.0003 1.0000 0.0001
vn 0.0002 1.0000 0.0000
vn 0.0003 1.0000 0.0000
vn -0.0093 0.9999 0.0047
vn -0.0036 1.0000 -0.0048
vn 0.0348 0.9991 0.0255
vn -0.0064 0.9999 0.0078
vn 0.0010 1.0000 -0.0069
vn -0.0000 1.0000 0.0001
vn 0.0044 1.0000 -0.0030
vn 0.0000 0.0000 0.0000
vn -0.0016 1.0000 0.0051
vn 0.0013 1.0000 0.0039
vn 0.0341 0.9983 0.0467
vn 0.0033 1.0000 -0.0074
vn -0.1865 -0.4044 0.8953
vn -0.0156 0.9998 0.0112
vn 0.0175 0.9996 -0.0242
vn 0.0033 0.9999 -0.0105
vn 0.8090 -0.0002 -0.5878
vn 0.1421 0.9845 -0.1032
vn 0.1670 0.9845 -0.0542
vn 0.5878 0.0002 -0.8090
vn 0.1032 0.9845 -0.1420
vn 0.3090 0.0002 -0.9511
vn 0.0542 0.9845 -0.1671
vn 0.0000 0.9845 -0.1756
vn -0.0542 0.9845 -0.1671
vn -0.1032 0.9845 -0.1421
vn -0.8090 0.0003 -0.5878
vn -0.1420 0.9845 -0.1031
vn -0.1670 0.9845 -0.0543
vn -0.1756 0.9845 -0.0000
vn -0.1670 0.9845 0.0543
vn -0.8091 0.0000 0.5877
vn -0.1421 0.9845 0.1032
vn -0.1033 0.9845 0.1421
vn -0.0543 0.9845 0.1670
vn 0.0001 0.0000 1.0000
vn -0.0000 0.9845 0.1756
vn 0.3091 0.0003 0.9510
vn 0.0542 0.9845 0.1670
vn 0.5877 0.0003 0.8091
vn 0.1032 0.9845 0.1421
vn 0.1421 0.9845 0.1032
vn 0.9510 0.0000 0.3091
vn 0.1670 0.9845 0.0542
vn 1.0000 -0.0001 0.0002
vn 0.1756 0.9845 -0.0000
vn -0.3091 0.0120 0.9510
vn 0.0002 0.0120 0.9999
vn -0.3091 -0.0000 0.9510
vn -0.5877 0.0120 0.8090
vn -0.8090 0.0120 0.5876
vn -0.9510 0.0120 0.3089
vn -0.9999 0.0120 0.0001
vn -1.0000 -0.0000 0.0001
vn -0.9510 0.0120 -0.3089
vn -0.9511 -0.0001 -0.3089
vn -0.8090 0.0120 -0.5876
vn -0.8091 -0.0001 -0.5877
vn -0.5876 0.0120 -0.8091
vn -0.5875 -0.0000 -0.8092
vn -0.3089 0.0120 -0.9510
vn 0.0001 0.0120 -0.9999
vn 0.0001 0.0001 -1.0000
vn 0.3093 0.0120 -0.9509
vn 0.3095 0.0001 -0.9509
vn 0.5877 0.0120 -0.8090
vn 0.5877 0.0000 -0.8091
vn 0.8089 0.0120 -0.5879
vn 0.8088 0.0000 -0.5880
vn 0.9510 0.0120 -0.3091
vn 0.9999 0.0120 -0.0001
vn 0.9509 0.0120 0.3092
vn 0.9510 0.0000 0.3092
vn 0.8089 0.0120 0.5878
vn 0.8090 -0.0003 0.5878
vn 0.5878 0.0120 0.8089
vn 0.5879 0.0002 0.8090
vn 0.3091 0.0120 0.9510
vn 0.3092 -0.0004 0.9510
vn -0.0000 -0.0002 1.0000
vn -0.3090 0.0001 0.9511
vn -0.5878 0.0002 0.8090
vn -0.8090 0.0002 0.5878
vn -0.9511 -0.0001 0.3090
vn 0.9511 -0.0001 0.3090
vn 0.8091 -0.0003 0.5877
vn -0.0000 -0.0005 1.0000
vn -0.3090 -0.0004 0.9511
vn -0.9511 0.0003 0.3089
vn -0.9511 0.0003 -0.3089
vn -0.8090 0.0004 -0.5878
vn -0.3091 0.0005 -0.9510
vn -0.0000 0.0005 -1.0000
vn 0.8090 0.0004 -0.5878
vn 0.9511 -0.0002 0.3090
vn 0.3090 -0.0003 0.9511
vn -0.8090 -0.0002 -0.5878
vn 0.8090 0.0003 -0.5879
vn 0.9511 0.0001 -0.3090
vn -0.5879 0.0005 0.8090
vn -0.8090 0.0004 0.5878
vn -0.8091 0.0006 -0.5877
vn -0.5878 0.0011 -0.8090
vn 0.3090 0.0004 -0.9511
vn 0.5878 0.0009 -0.8090
vn 0.8091 0.0006 -0.5877
vn 0.9511 0.0002 -0.3090
vn -0.1876 0.7946 0.5775
vn -0.5775 0.7945 0.1876
vn -0.6072 0.7945 -0.0000
vn -0.5775 0.7945 -0.1876
vn -0.4913 0.7945 -0.3569
vn -0.3569 0.7945 -0.4913
vn -0.1876 0.7945 -0.5775
vn -0.0000 0.7946 -0.6072
vn 0.1876 0.7946 -0.5775
vn 0.3569 0.7945 -0.4912
vn 0.4912 0.7945 -0.3569
vn 0.5775 0.7946 -0.1876
vn 0.5775 0.7946 0.1876
vn 0.4912 0.7946 0.3569
vn 0.3569 0.7945 0.4913
vn 0.1876 0.7945 0.5775
vn 0.0000 0.7946 0.6072
vn -0.5776 0.7945 0.1877
vn -0.6073 0.7945 -0.0000
vn -0.5776 0.7945 -0.1877
vn -0.3570 0.7945 -0.4913
vn -0.1877 0.7945 -0.5776
vn 0.3569 0.7945 -0.4913
vn 0.4913 0.7945 -0.3569
vn 0.5774 0.7946 0.1876
vn 0.4912 0.7945 0.3569
vn 0.1877 0.7945 0.5776
vn -0.5878 -0.0001 0.8090
vn -0.8091 -0.0001 0.5877
vn -0.0000 -0.0001 -1.0000
vn 0.3090 -0.0001 -0.9511
vn 0.5878 0.0001 -0.8090
vn 0.8090 0.0001 -0.5878
vn 0.5878 -0.0001 0.8090
vn 0.3090 -0.0001 0.9510
vn -0.8090 -0.0002 0.5878
vn -0.0000 -0.0003 -1.0000
vn 0.8090 0.0002 -0.5878
vn 0.9510 0.0000 0.3090
vn -0.2356 0.6465 0.7256
vn -0.4480 0.6469 0.6170
vn -0.6168 0.6471 0.4482
vn -0.7252 0.6470 0.2355
vn -0.7626 0.6469 -0.0000
vn -0.7253 0.6468 -0.2357
vn -0.6171 0.6466 -0.4484
vn -0.4484 0.6466 -0.6172
vn -0.2358 0.6466 -0.7255
vn 0.0000 0.6467 -0.7628
vn 0.2358 0.6469 -0.7252
vn 0.4484 0.6470 -0.6168
vn 0.6170 0.6468 -0.4482
vn 0.7253 0.6469 -0.2356
vn 0.7624 0.6471 -0.0000
vn 0.7253 0.6469 0.2356
vn 0.6171 0.6469 0.4481
vn 0.4481 0.6470 0.6169
vn 0.2356 0.6471 0.7251
vn -0.0000 0.6468 0.7626
vn 0.9511 0.0000 -0.3089
vn 0.8090 0.0002 0.5878
vn 0.5879 0.0003 0.8089
vn 0.3092 0.0003 0.9510
vn 0.0001 0.0001 1.0000
vn -0.5878 0.0001 0.8090
vn -0.8091 0.0001 0.5877
vn -0.8091 -0.0002 -0.5877
vn -0.5874 -0.0001 -0.8093
vn -0.3089 0.0001 -0.9511
vn 0.0001 0.0003 -1.0000
vn 0.3097 0.0003 -0.9508
vn 0.5874 -0.0001 -0.8093
vn 0.8088 0.0000 -0.5881
usemtl phong1SG
s 1
f 445/510/205 446/511/206 447/512/206 448/513/205
f 446/511/206 449/514/207 450/515/207 447/512/206
f 449/514/207 451/516/208 452/517/208 450/515/207
f 451/516/208 453/518/209 454/519/209 452/517/208
f 453/518/209 455/520/210 456/521/210 454/519/209
f 455/520/210 457/522/211 458/523/211 456/521/210
f 457/522/211 459/524/212 460/525/212 458/523/211
f 459/524/212 461/526/213 462/527/213 460/525/212
f 461/526/213 463/528/214 464/529/214 462/527/213
f 463/528/214 465/530/215 466/531/215 464/529/214
f 465/530/215 467/532/216 468/533/216 466/531/215
f 467/532/216 469/534/217 470/535/217 468/533/216
f 469/534/217 471/536/218 472/537/218 470/535/217
f 471/536/218 473/538/219 474/539/219 472/537/218
f 473/538/219 475/540/220 476/541/220 474/539/219
f 475/540/220 477/542/221 478/543/222 476/541/220
f 477/542/221 479/544/223 480/545/223 478/543/222
f 479/544/223 481/546/224 482/547/224 480/545/223
f 481/546/224 483/548/225 484/549/225 482/547/224
f 483/548/225 445/550/205 448/551/205 484/549/225
f 446/552/226 445/553/226 485/554/226
f 449/555/226 446/552/226 485/554/226
f 451/556/226 449/555/226 485/554/226
f 453/557/226 451/556/226 485/554/226
f 455/558/226 453/557/226 485/554/226
f 457/559/226 455/558/226 485/554/226
f 459/560/226 457/559/226 485/554/226
f 461/561/226 459/560/226 485/554/226
f 463/562/226 461/561/226 485/554/226
f 465/563/226 463/562/226 485/554/226
f 467/564/226 465/563/226 485/554/226
f 469/565/226 467/564/226 485/554/226
f 471/566/226 469/565/226 485/554/226
f 473/567/226 471/566/226 485/554/226
f 475/568/226 473/567/226 485/554/226
f 477/569/226 475/568/226 485/554/226
f 479/570/226 477/569/226 485/554/226
f 481/571/226 479/570/226 485/554/226
f 483/572/226 481/571/226 485/554/226
f 445/553/226 483/572/226 485/554/226
f 486/573/227 487/574/227 488/575/227
f 487/574/227 489/576/227 488/575/227
f 489/576/227 490/577/227 488/575/227
f 490/577/227 491/578/227 488/575/227
f 491/578/227 492/579/227 488/575/227
f 492/579/227 493/580/227 488/575/227
f 493/580/227 494/581/227 488/575/227
f 494/581/227 495/582/227 488/575/227
f 495/582/227 496/583/227 488/575/227
f 496/583/227 497/584/227 488/575/227
f 497/584/227 498/585/227 488/575/227
f 498/585/227 499/586/227 488/575/227
f 499/586/227 500/587/227 488/575/227
f 500/587/227 501/588/227 488/575/227
f 501/588/227 502/589/227 488/575/227
f 502/589/227 503/590/227 488/575/227
f 503/590/227 504/591/227 488/575/227
f 504/591/227 505/592/227 488/575/227
f 505/592/227 506/593/227 488/575/227
f 506/593/227 486/573/227 488/575/227
f 507/594/227 508/595/227 509/596/227 510/597/227
f 508/595/227 511/598/227 512/599/227 509/596/227
f 511/598/227 513/600/227 514/601/227 512/599/227
f 513/600/227 515/602/227 516/603/227 514/601/227
f 515/602/227 517/604/227 518/605/227 516/603/227
f 517/604/227 519/606/227 520/607/227 518/605/227
f 519/606/227 521/608/227 522/609/227 520/607/227
f 521/608/227 523/610/227 524/611/227 522/609/227
f 523/610/227 525/612/227 526/613/227 524/611/227
f 525/612/227 527/614/227 528/615/227 526/613/227
f 527/614/227 529/616/227 530/617/227 528/615/227
f 529/616/227 531/618/227 532/619/227 530/617/227
f 531/618/227 533/620/227 534/621/227 532/619/227
f 533/620/227 535/622/227 536/623/227 534/621/227
f 535/622/227 537/624/227 538/625/227 536/623/227
f 537/624/227 539/626/227 540/627/227 538/625/227
f 539/626/227 541/628/227 542/629/227 540/627/227
f 541/628/227 543/630/227 544/631/227 542/629/227
f 543/630/227 545/632/227 546/633/227 544/631/227
f 545/632/227 507/594/227 510/597/227 546/633/227
f 547/634/205 548/635/206 549/636/206 550/637/205
f 548/635/206 551/638/207 552/639/207 549/636/206
f 551/638/207 553/640/228 554/641/208 552/639/207
f 553/640/228 555/642/229 556/643/209 554/641/208
f 555/642/229 557/644/230 558/645/210 556/643/209
f 557/644/230 559/646/231 560/647/232 558/645/210
f 559/646/231 561/648/233 562/649/234 560/647/232
f 561/648/233 563/650/235 564/651/236 562/649/234
f 563/650/235 565/652/214 566/653/214 564/651/236
f 565/652/214 567/654/215 568/655/215 566/653/214
f 567/654/215 569/656/216 570/657/216 568/655/215
f 569/656/216 571/658/217 572/659/217 570/657/216
f 571/658/217 573/660/237 574/661/238 572/659/217
f 573/660/237 575/662/239 576/663/240 574/661/238
f 575/662/239 577/664/241 578/665/242 576/663/240
f 577/664/241 579/666/222 580/667/222 578/665/242
f 579/666/222 581/668/223 582/669/223 580/667/222
f 581/668/223 583/670/224 584/671/224 582/669/223
f 583/670/224 585/672/225 586/673/225 584/671/224
f 585/672/225 547/634/205 550/637/205 586/673/225
f 587/674/226 588/675/226 589/676/226 590/677/226
f 588/675/226 591/678/226 592/679/226 589/676/226
f 591/678/226 593/680/226 594/681/226 592/679/226
f 593/680/226 595/682/226 596/683/226 594/681/226
f 595/682/226 597/684/226 598/685/226 596/683/226
f 597/684/226 599/686/226 600/687/226 598/685/226
f 599/686/226 601/688/226 602/689/226 600/687/226
f 601/688/226 603/690/226 604/691/226 602/689/226
f 603/690/226 605/692/226 606/693/226 604/691/226
f 605/692/226 607/694/226 608/695/226 606/693/226
f 607/694/226 609/696/226 610/697/226 608/695/226
f 609/696/226 611/698/226 612/699/226 610/697/226
f 611/698/226 613/700/226 614/701/226 612/699/226
f 613/700/226 615/702/226 616/703/226 614/701/226
f 615/702/226 617/704/226 618/705/226 616/703/226
f 617/704/226 619/706/226 620/707/226 618/705/226
f 619/706/226 621/708/226 622/709/226 620/707/226
f 621/708/226 623/710/226 624/711/226 622/709/226
f 623/710/226 625/712/226 626/713/226 624/711/226
f 625/712/226 587/674/226 590/677/226 626/713/226
f 627/714/243 628/715/244 629/716/245 630/717/246
f 628/715/244 631/718/247 632/719/248 629/716/245
f 631/718/247 633/720/249 634/721/249 632/719/248
f 633/720/249 635/722/250 636/723/251 634/721/249
f 635/722/250 637/724/252 638/725/253 636/723/251
f 637/724/252 639/726/254 640/727/255 638/725/253
f 639/726/254 641/728/256 642/729/256 640/727/255
f 641/728/256 643/730/257 644/731/258 642/729/256
f 643/730/257 645/732/259 646/733/260 644/731/258
f 645/732/259 647/734/261 648/735/262 646/733/260
f 647/734/261 649/736/263 650/737/264 648/735/262
f 649/736/263 651/738/265 652/739/266 650/737/264
f 651/738/265 653/740/267 654/741/268 652/739/266
f 653/740/267 655/742/269 656/743/270 654/741/268
f 655/742/269 657/744/271 658/745/271 656/743/270
f 657/744/271 659/746/272 660/747/273 658/745/271
f 659/746/272 661/748/274 662/749/275 660/747/273
f 661/748/274 663/750/276 664/751/277 662/749/275
f 663/750/276 665/752/278 666/753/279 664/751/277
f 665/752/278 627/714/243 630/717/246 666/753/279
f 667/754/205 668/755/206 669/756/206 670/757/205
f 668/755/206 671/758/280 672/759/207 669/756/206
f 671/758/280 673/760/208 674/761/208 672/759/207
f 673/760/208 675/762/281 676/763/282 674/761/208
f 675/762/281 677/764/283 678/765/284 676/763/282
f 677/764/283 679/766/285 680/767/286 678/765/284
f 679/766/285 681/768/287 682/769/212 680/767/286
f 681/768/287 683/770/213 684/771/213 682/769/212
f 683/770/213 685/772/288 686/773/214 684/771/213
f 685/772/288 687/774/289 688/775/215 686/773/214
f 687/774/289 689/776/290 690/777/216 688/775/215
f 689/776/290 691/778/217 692/779/217 690/777/216
f 691/778/217 693/780/218 694/781/218 692/779/217
f 693/780/218 695/782/240 696/783/240 694/781/218
f 695/782/240 697/784/291 698/785/291 696/783/240
f 697/784/291 699/786/221 700/787/221 698/785/291
f 699/786/221 701/788/292 702/789/292 700/787/221
f 701/788/292 703/790/224 704/791/224 702/789/292
f 703/790/224 705/792/225 706/793/225 704/791/224
f 705/792/225 667/754/205 670/757/205 706/793/225
f 707/794/226 708/795/226 709/796/226 710/797/226
f 708/795/226 711/798/293 712/799/226 709/796/226
f 711/798/293 713/800/294 714/801/293 712/799/226
f 713/800/294 715/802/294 716/803/293 714/801/293
f 715/802/294 717/804/293 718/805/226 716/803/293
f 717/804/293 719/806/226 720/807/226 718/805/226
f 719/806/226 721/808/226 722/809/226 720/807/226
f 721/808/226 723/810/226 724/811/226 722/809/226
f 723/810/226 725/812/226 726/813/226 724/811/226
f 725/812/226 727/814/226 728/815/226 726/813/226
f 727/814/226 729/816/226 730/817/226 728/815/226
f 729/816/226 731/818/226 732/819/226 730/817/226
f 731/818/226 733/820/226 734/821/226 732/819/226
f 733/820/226 735/822/226 736/823/226 734/821/226
f 735/822/226 737/824/226 738/825/226 736/823/226
f 737/824/226 739/826/226 740/827/226 738/825/226
f 739/826/226 741/828/226 742/829/226 740/827/226
f 741/828/226 743/830/226 744/831/226 742/829/226
f 743/830/226 745/832/226 746/833/226 744/831/226
f 745/832/226 707/794/226 710/797/226 746/833/226
f 747/834/295 748/835/296 749/836/297 750/837/298
f 748/835/296 751/838/299 752/839/299 749/836/297
f 751/838/299 753/840/300 754/841/301 752/839/299
f 753/840/300 755/842/302 756/843/303 754/841/301
f 755/842/302 757/844/304 758/845/305 756/843/303
f 757/844/304 759/846/306 760/847/307 758/845/305
f 759/846/306 761/848/308 762/849/309 760/847/307
f 761/848/308 763/850/310 764/851/311 762/849/309
f 763/850/310 765/852/312 766/853/313 764/851/311
f 765/852/312 767/854/314 768/855/315 766/853/313
f 767/854/314 769/856/316 770/857/317 768/855/315
f 769/856/316 771/858/318 772/859/319 770/857/317
f 771/858/318 773/860/320 774/861/321 772/859/319
f 773/860/320 775/862/322 776/863/323 774/861/321
f 775/862/322 777/864/324 778/865/324 776/863/323
f 777/864/324 779/866/325 780/867/325 778/865/324
f 779/866/325 781/868/326 782/869/327 780/867/325
f 781/868/326 783/870/328 784/871/329 782/869/327
f 783/870/328 785/872/330 786/873/331 784/871/329
f 785/872/330 747/834/295 750/837/298 786/873/331
f 787/874/332 788/875/333 789/876/334 790/877/335
f 790/877/335 789/876/334 791/878/336 792/879/337
f 792/879/337 791/878/336 793/880/338 794/881/339
f 794/881/339 793/880/338 795/882/340 796/883/341
f 796/883/341 795/882/340 797/884/342 798/885/343
f 788/875/333 799/886/344 800/887/345 789/876/334
f 789/876/334 800/887/345 801/888/346 791/878/336
f 791/878/336 801/888/346 802/889/347 793/880/338
f 793/880/338 802/889/347 803/890/348 795/882/340
f 795/882/340 803/890/348 804/891/349 797/884/342
f 799/886/344 805/892/350 806/893/351 800/887/345
f 800/887/345 806/893/351 807/894/352 801/888/346
f 801/888/346 807/894/352 808/895/353 802/889/347
f 802/889/347 808/895/353 809/896/354 803/890/348
f 803/890/348 809/896/354 810/897/355 804/891/349
f 805/892/350 811/898/356 812/899/357 806/893/351
f 806/893/351 812/899/357 813/900/358 807/894/352
f 807/894/352 813/900/358 814/901/359 808/895/353
f 808/895/353 814/901/359 815/902/360 809/896/354
f 809/896/354 815/902/360 816/903/361 810/897/355
f 811/898/356 817/904/362 818/905/363 812/899/357
f 812/899/357 818/905/363 819/906/364 813/900/358
f 813/900/358 819/906/364 820/907/365 814/901/359
f 814/901/359 820/907/365 821/908/366 815/902/360
f 815/902/360 821/908/366 822/909/367 816/903/361
f 817/904/362 823/910/368 824/911/369 818/905/363
f 818/905/363 824/911/369 825/912/370 819/906/364
f 819/906/364 825/912/370 826/913/371 820/907/365
f 820/907/365 826/913/371 827/914/372 821/908/366
f 821/908/366 827/914/372 828/915/373 822/909/367
f 823/910/368 829/916/374 830/917/375 824/911/369
f 824/911/369 830/917/375 831/918/376 825/912/370
f 825/912/370 831/918/376 832/919/377 826/913/371
f 826/913/371 832/919/377 833/920/378 827/914/372
f 827/914/372 833/920/378 834/921/379 828/915/373
f 829/916/374 835/922/380 836/923/381 830/917/375
f 830/917/375 836/923/381 837/924/382 831/918/376
f 831/918/376 837/924/382 838/925/383 832/919/377
f 832/919/377 838/925/383 839/926/384 833/920/378
f 833/920/378 839/926/384 840/927/385 834/921/379
f 835/922/380 841/928/386 842/929/387 836/923/381
f 836/923/381 842/929/387 843/930/388 837/924/382
f 837/924/382 843/930/388 844/931/389 838/925/383
f 838/925/383 844/931/389 845/932/390 839/926/384
f 839/926/384 845/932/390 846/933/391 840/927/385
f 841/928/386 847/934/392 848/935/393 842/929/387
f 842/929/387 848/935/393 849/936/394 843/930/388
f 843/930/388 849/936/394 850/937/395 844/931/389
f 844/931/389 850/937/395 851/938/396 845/932/390
f 845/932/390 851/938/396 852/939/397 846/933/391
f 847/934/392 853/940/398 854/941/399 848/935/393
f 848/935/393 854/941/399 855/942/400 849/936/394
f 849/936/394 855/942/400 856/943/401 850/937/395
f 850/937/395 856/943/401 857/944/402 851/938/396
f 851/938/396 857/944/402 858/945/403 852/939/397
f 853/940/398 859/946/404 860/947/405 854/941/399
f 854/941/399 860/947/405 861/948/406 855/942/400
f 855/942/400 861/948/406 862/949/407 856/943/401
f 856/943/401 862/949/407 863/950/408 857/944/402
f 857/944/402 863/950/408 864/951/409 858/945/403
f 859/946/404 865/952/410 866/953/411 860/947/405
f 860/947/405 866/953/411 867/954/412 861/948/406
f 861/948/406 867/954/412 868/955/413 862/949/407
f 862/949/407 868/955/413 869/956/414 863/950/408
f 863/950/408 869/956/414 870/957/415 864/951/409
f 865/952/410 871/958/416 872/959/417 866/953/411
f 866/953/411 872/959/417 873/960/418 867/954/412
f 867/954/412 873/960/418 874/961/419 868/955/413
f 868/955/413 874/961/419 875/962/420 869/956/414
f 869/956/414 875/962/420 876/963/421 870/957/415
f 871/958/416 877/964/422 878/965/423 872/959/417
f 872/959/417 878/965/423 879/966/424 873/960/418
f 873/960/418 879/966/424 880/967/425 874/961/419
f 874/961/419 880/967/425 881/968/426 875/962/420
f 875/962/420 881/968/426 882/969/427 876/963/421
f 877/964/422 883/970/428 884/971/429 878/965/423
f 878/965/423 884/971/429 885/972/430 879/966/424
f 879/966/424 885/972/430 886/973/431 880/967/425
f 880/967/425 886/973/431 887/974/432 881/968/426
f 881/968/426 887/974/432 888/975/433 882/969/427
f 883/970/428 889/976/434 890/977/435 884/971/429
f 884/971/429 890/977/435 891/978/436 885/972/430
f 885/972/430 891/978/436 892/979/437 886/973/431
f 886/973/431 892/979/437 893/980/438 887/974/432
f 887/974/432 893/980/438 894/981/439 888/975/433
f 889/976/434 895/982/440 896/983/441 890/977/435
f 890/977/435 896/983/441 897/984/442 891/978/436
f 891/978/436 897/984/442 898/985/443 892/979/437
f 892/979/437 898/985/443 899/986/444 893/980/438
f 893/980/438 899/986/444 900/987/445 894/981/439
f 895/982/440 901/988/446 902/989/447 896/983/441
f 896/983/441 902/989/447 903/990/448 897/984/442
f 897/984/442 903/990/448 904/991/449 898/985/443
f 898/985/443 904/991/449 905/992/450 899/986/444
f 899/986/444 905/992/450 906/993/451 900/987/445
f 901/988/446 787/874/332 790/877/335 902/989/447
f 902/989/447 790/877/335 792/879/337 903/990/448
f 903/990/448 792/879/337 794/881/339 904/991/449
f 904/991/449 794/881/339 796/883/341 905/992/450
f 905/992/450 796/883/341 798/885/343 906/993/451
f 907/994/452 908/995/453 909/996/454 910/997/455
f 908/995/453 911/998/454 912/999/454 909/996/454
f 911/998/454 913/1000/456 914/1001/227 912/999/454
f 913/1000/456 915/1002/457 916/1003/227 914/1001/227
f 915/1002/457 917/1004/458 918/1005/459 916/1003/227
f 917/1004/458 919/1006/227 920/1007/227 918/1005/459
f 919/1006/227 921/1008/227 922/1009/227 920/1007/227
f 921/1008/227 923/1010/227 924/1011/227 922/1009/227
f 923/1010/227 925/1012/227 926/1013/227 924/1011/227
f 925/1012/227 927/1014/460 928/1015/461 926/1013/227
f 927/1014/460 929/1016/455 930/1017/227 928/1015/461
f 929/1016/455 931/1018/460 932/1019/227 930/1017/227
f 931/1018/460 933/1020/455 934/1021/227 932/1019/227
f 933/1020/455 935/1022/462 936/1023/463 934/1021/227
f 935/1022/462 937/1024/227 938/1025/227 936/1023/463
f 937/1024/227 939/1026/227 940/1027/227 938/1025/227
f 939/1026/227 941/1028/464 942/1029/465 940/1027/227
f 941/1028/464 943/1030/466 944/1031/467 942/1029/465
f 943/1030/466 945/1032/468 946/1033/469 944/1031/467
f 945/1032/468 907/994/452 910/997/455 946/1033/469
f 947/1034/470 948/1035/471 949/1036/226 950/1037/226
f 948/1035/471 951/1038/472 952/1039/226 949/1036/226
f 951/1038/472 953/1040/473 954/1041/226 952/1039/226
f 953/1040/473 955/1042/474 956/1043/226 954/1041/226
f 955/1042/474 957/1044/475 958/1045/226 956/1043/226
f 957/1044/475 959/1046/476 960/1047/226 958/1045/226
f 959/1046/476 961/1048/477 962/1049/226 960/1047/226
f 961/1048/477 963/1050/478 964/1051/226 962/1049/226
f 963/1050/478 965/1052/227 966/1053/226 964/1051/226
f 965/1052/227 967/1054/479 968/1055/226 966/1053/226
f 967/1054/479 969/1056/480 970/1057/226 968/1055/226
f 969/1056/480 971/1058/454 972/1059/226 970/1057/226
f 971/1058/454 973/1060/459 974/1061/226 972/1059/226
f 973/1060/459 975/1062/481 976/1063/226 974/1061/226
f 975/1062/481 977/1064/482 978/1065/226 976/1063/226
f 977/1064/482 979/1066/483 980/1067/226 978/1065/226
f 979/1066/483 981/1068/484 982/1069/226 980/1067/226
f 981/1068/484 983/1070/485 984/1071/226 982/1069/226
f 983/1070/485 985/1072/455 986/1073/226 984/1071/226
f 985/1072/455 947/1034/470 950/1037/226 986/1073/226
f 950/1037/205 949/1036/486 987/1074/487 988/1075/488
f 949/1036/486 952/1039/489 989/1076/490 987/1074/487
f 952/1039/489 954/1041/491 990/1077/492 989/1076/490
f 954/1041/491 956/1043/209 991/1078/493 990/1077/492
f 956/1043/209 958/1045/210 992/1079/494 991/1078/493
f 958/1045/210 960/1047/232 993/1080/495 992/1079/494
f 960/1047/232 962/1049/496 994/1081/497 993/1080/495
f 962/1049/496 964/1051/236 995/1082/498 994/1081/497
f 964/1051/236 966/1053/214 996/1083/499 995/1082/498
f 966/1053/214 968/1055/215 997/1084/500 996/1083/499
f 968/1055/215 970/1057/501 998/1085/502 997/1084/500
f 970/1057/501 972/1059/217 999/1086/503 998/1085/502
f 972/1059/217 974/1061/218 1000/1087/504 999/1086/503
f 974/1061/218 976/1063/505 1001/1088/506 1000/1087/504
f 976/1063/505 978/1065/507 1002/1089/508 1001/1088/506
f 978/1065/507 980/1067/509 1003/1090/510 1002/1089/508
f 980/1067/509 982/1069/223 1004/1091/511 1003/1090/510
f 982/1069/223 984/1071/512 1005/1092/513 1004/1091/511
f 984/1071/512 986/1073/514 1006/1093/515 1005/1092/513
f 986/1073/514 950/1037/205 988/1075/488 1006/1093/515
f 1007/1094/516 1008/1095/517 1009/1096/505 1010/1097/518
f 1011/1098/519 1007/1094/516 1010/1097/518 1012/1099/217
f 1013/1100/520 1011/1098/519 1012/1099/217 1014/1101/501
f 1015/1102/521 1013/1100/520 1014/1101/501 1016/1103/215
f 1017/1104/522 1015/1102/521 1016/1103/215 1018/1105/523
f 1019/1106/524 1017/1104/522 1018/1105/523 1020/1107/525
f 1021/1108/526 1019/1106/524 1020/1107/525 1022/1109/527
f 1023/1110/528 1021/1108/526 1022/1109/527 1024/1111/529
f 1025/1112/530 1023/1110/528 1024/1111/529 1026/1113/210
f 1027/1114/531 1025/1112/530 1026/1113/210 1028/1115/532
f 1029/1116/533 1027/1114/531 1028/1115/532 1030/1117/534
f 1031/1118/535 1029/1116/533 1030/1117/534 1032/1119/536
f 1033/1120/537 1031/1118/535 1032/1119/536 1034/1121/538
f 1035/1122/539 1033/1120/537 1034/1121/538 1036/1123/205
f 1037/1124/540 1035/1122/539 1036/1123/205 1038/1125/225
f 1039/1126/541 1037/1124/540 1038/1125/225 1040/1127/542
f 1041/1128/543 1039/1126/541 1040/1127/542 1042/1129/544
f 1043/1130/545 1041/1128/543 1042/1129/544 1044/1131/546
f 1045/1132/547 1043/1130/545 1044/1131/546 1046/1133/548
f 1008/1095/517 1045/1132/547 1046/1133/548 1009/1096/505
f 472/537/218 474/539/219 1047/1134/549 1048/1135/550
f 470/535/217 472/537/218 1048/1135/550 1049/1136/551
f 468/533/216 470/535/217 1049/1136/551 1050/1137/552
f 466/531/215 468/533/216 1050/1137/552 1051/1138/553
f 464/529/214 466/531/215 1051/1138/553 1052/1139/214
f 462/527/213 464/529/214 1052/1139/214 1053/1140/213
f 460/525/212 462/527/213 1053/1140/213 1054/1141/212
f 458/523/211 460/525/212 1054/1141/212 1055/1142/211
f 456/521/210 458/523/211 1055/1142/211 1056/1143/210
f 454/519/209 456/521/210 1056/1143/210 1057/1144/209
f 452/517/208 454/519/209 1057/1144/209 1058/1145/208
f 450/515/207 452/517/208 1058/1145/208 1059/1146/207
f 447/512/206 450/515/207 1059/1146/207 1060/1147/206
f 448/513/205 447/512/206 1060/1147/206 1061/1148/205
f 484/549/225 448/551/205 1061/1149/205 1062/1150/225
f 482/547/224 484/549/225 1062/1150/225 1063/1151/554
f 480/545/223 482/547/224 1063/1151/554 1064/1152/555
f 478/543/222 480/545/223 1064/1152/555 1065/1153/221
f 476/541/220 478/543/222 1065/1153/221 1066/1154/291
f 474/539/219 476/541/220 1066/1154/291 1047/1134/549
f 1048/1135/550 1047/1134/549 535/1155/556 533/1156/557
f 1049/1136/551 1048/1135/550 533/1156/557 531/1157/217
f 1050/1137/552 1049/1136/551 531/1157/217 529/1158/290
f 1051/1138/553 1050/1137/552 529/1158/290 527/1159/558
f 1052/1139/214 1051/1138/553 527/1159/558 525/1160/214
f 1053/1140/213 1052/1139/214 525/1160/214 523/1161/559
f 1054/1141/212 1053/1140/213 523/1161/559 521/1162/560
f 1055/1142/211 1054/1141/212 521/1162/560 519/1163/211
f 1056/1143/210 1055/1142/211 519/1163/211 517/1164/561
f 1057/1144/209 1056/1143/210 517/1164/561 515/1165/562
f 1058/1145/208 1057/1144/209 515/1165/562 513/1166/208
f 1059/1146/207 1058/1145/208 513/1166/208 511/1167/280
f 1060/1147/206 1059/1146/207 511/1167/280 508/1168/563
f 1061/1148/205 1060/1147/206 508/1168/563 507/1169/205
f 1062/1150/225 1061/1149/205 507/1170/205 545/1171/225
f 1063/1151/554 1062/1150/225 545/1171/225 543/1172/564
f 1064/1152/555 1063/1151/554 543/1172/564 541/1173/223
f 1065/1153/221 1064/1152/555 541/1173/223 539/1174/221
f 1066/1154/291 1065/1153/221 539/1174/221 537/1175/565
f 1047/1134/549 1066/1154/291 537/1175/565 535/1155/556
f 534/621/227 536/623/227 1067/1176/227 1068/1177/227
f 532/619/227 534/621/227 1068/1177/227 1069/1178/227
f 530/617/227 532/619/227 1069/1178/227 1070/1179/227
f 528/615/227 530/617/227 1070/1179/227 1071/1180/227
f 526/613/227 528/615/227 1071/1180/227 1072/1181/227
f 524/611/227 526/613/227 1072/1181/227 1073/1182/227
f 522/609/227 524/611/227 1073/1182/227 1074/1183/227
f 520/607/227 522/609/227 1074/1183/227 1075/1184/227
f 518/605/227 520/607/227 1075/1184/227 1076/1185/227
f 516/603/227 518/605/227 1076/1185/227 1077/1186/227
f 514/601/227 516/603/227 1077/1186/227 1078/1187/227
f 512/599/227 514/601/227 1078/1187/227 1079/1188/227
f 509/596/227 512/599/227 1079/1188/227 1080/1189/227
f 510/597/227 509/596/227 1080/1189/227 1081/1190/227
f 546/633/227 510/597/227 1081/1190/227 1082/1191/227
f 544/631/227 546/633/227 1082/1191/227 1083/1192/227
f 542/629/227 544/631/227 1083/1192/227 1084/1193/227
f 540/627/227 542/629/227 1084/1193/227 1085/1194/227
f 538/625/227 540/627/227 1085/1194/227 1086/1195/227
f 536/623/227 538/625/227 1086/1195/227 1067/1176/227
f 1068/1177/227 1067/1176/227 575/662/227 573/660/227
f 1069/1178/227 1068/1177/227 573/660/227 571/658/227
f 1070/1179/227 1069/1178/227 571/658/227 569/656/227
f 1071/1180/227 1070/1179/227 569/656/227 567/654/227
f 1072/1181/227 1071/1180/227 567/654/227 565/652/227
f 1073/1182/227 1072/1181/227 565/652/227 563/650/227
f 1074/1183/227 1073/1182/227 563/650/227 561/648/227
f 1075/1184/227 1074/1183/227 561/648/227 559/646/227
f 1076/1185/227 1075/1184/227 559/646/227 557/644/227
f 1077/1186/227 1076/1185/227 557/644/227 555/642/227
f 1078/1187/227 1077/1186/227 555/642/227 553/640/227
f 1079/1188/227 1078/1187/227 553/640/227 551/638/227
f 1080/1189/227 1079/1188/227 551/638/227 548/635/227
f 1081/1190/227 1080/1189/227 548/635/227 547/634/227
f 1082/1191/227 1081/1190/227 547/634/227 585/672/227
f 1083/1192/227 1082/1191/227 585/672/227 583/670/227
f 1084/1193/227 1083/1192/227 583/670/227 581/668/227
f 1085/1194/227 1084/1193/227 581/668/227 579/666/227
f 1086/1195/227 1085/1194/227 579/666/227 577/664/227
f 1067/1176/227 1086/1195/227 577/664/227 575/662/227
f 572/659/217 574/661/238 1087/1196/218 1088/1197/217
f 570/657/216 572/659/217 1088/1197/217 1089/1198/216
f 568/655/215 570/657/216 1089/1198/216 1090/1199/215
f 566/653/214 568/655/215 1090/1199/215 1091/1200/214
f 564/651/236 566/653/214 1091/1200/214 1092/1201/236
f 562/649/234 564/651/236 1092/1201/236 1093/1202/566
f 560/647/232 562/649/234 1093/1202/566 1094/1203/232
f 558/645/210 560/647/232 1094/1203/232 1095/1204/210
f 556/643/209 558/645/210 1095/1204/210 1096/1205/209
f 554/641/208 556/643/209 1096/1205/209 1097/1206/208
f 552/639/207 554/641/208 1097/1206/208 1098/1207/489
f 549/636/206 552/639/207 1098/1207/489 1099/1208/567
f 550/637/205 549/636/206 1099/1208/567 1100/1209/568
f 586/673/225 550/637/205 1100/1209/568 1101/1210/225
f 584/671/224 586/673/225 1101/1210/225 1102/1211/224
f 582/669/223 584/671/224 1102/1211/224 1103/1212/223
f 580/667/222 582/669/223 1103/1212/223 1104/1213/222
f 578/665/242 580/667/222 1104/1213/222 1105/1214/220
f 576/663/240 578/665/242 1105/1214/220 1106/1215/219
f 574/661/238 576/663/240 1106/1215/219 1087/1196/218
f 1088/1197/217 1087/1196/218 613/700/218 611/698/569
f 1089/1198/216 1088/1197/217 611/698/569 609/696/570
f 1090/1199/215 1089/1198/216 609/696/570 607/694/215
f 1091/1200/214 1090/1199/215 607/694/215 605/692/214
f 1092/1201/236 1091/1200/214 605/692/214 603/690/235
f 1093/1202/566 1092/1201/236 603/690/235 601/688/571
f 1094/1203/232 1093/1202/566 601/688/571 599/686/572
f 1095/1204/210 1094/1203/232 599/686/572 597/684/210
f 1096/1205/209 1095/1204/210 597/684/210 595/682/562
f 1097/1206/208 1096/1205/209 595/682/562 593/680/573
f 1098/1207/489 1097/1206/208 593/680/573 591/678/574
f 1099/1208/567 1098/1207/489 591/678/574 588/675/575
f 1100/1209/568 1099/1208/567 588/675/575 587/674/576
f 1101/1210/225 1100/1209/568 587/674/576 625/712/225
f 1102/1211/224 1101/1210/225 625/712/225 623/710/224
f 1103/1212/223 1102/1211/224 623/710/224 621/708/223
f 1104/1213/222 1103/1212/223 621/708/223 619/706/222
f 1105/1214/220 1104/1213/222 619/706/222 617/704/220
f 1106/1215/219 1105/1214/220 617/704/220 615/702/219
f 1087/1196/218 1106/1215/219 615/702/219 613/700/218
f 612/699/226 614/701/226 1107/1216/226 1108/1217/226
f 610/697/226 612/699/226 1108/1217/226 1109/1218/226
f 608/695/226 610/697/226 1109/1218/226 1110/1219/226
f 606/693/226 608/695/226 1110/1219/226 1111/1220/226
f 604/691/226 606/693/226 1111/1220/226 1112/1221/226
f 602/689/226 604/691/226 1112/1221/226 1113/1222/226
f 600/687/226 602/689/226 1113/1222/226 1114/1223/226
f 598/685/226 600/687/226 1114/1223/226 1115/1224/226
f 596/683/226 598/685/226 1115/1224/226 1116/1225/226
f 594/681/226 596/683/226 1116/1225/226 1117/1226/226
f 592/679/226 594/681/226 1117/1226/226 1118/1227/226
f 589/676/226 592/679/226 1118/1227/226 1119/1228/226
f 590/677/226 589/676/226 1119/1228/226 1120/1229/226
f 626/713/226 590/677/226 1120/1229/226 1121/1230/226
f 624/711/226 626/713/226 1121/1230/226 1122/1231/226
f 622/709/226 624/711/226 1122/1231/226 1123/1232/226
f 620/707/226 622/709/226 1123/1232/226 1124/1233/226
f 618/705/226 620/707/226 1124/1233/226 1125/1234/226
f 616/703/226 618/705/226 1125/1234/226 1126/1235/226
f 614/701/226 616/703/226 1126/1235/226 1107/1216/226
f 1108/1217/226 1107/1216/226 653/740/226 651/738/226
f 1109/1218/226 1108/1217/226 651/738/226 649/736/226
f 1110/1219/226 1109/1218/226 649/736/226 647/734/226
f 1111/1220/226 1110/1219/226 647/734/226 645/732/226
f 1112/1221/226 1111/1220/226 645/732/226 643/730/226
f 1113/1222/226 1112/1221/226 643/730/226 641/728/226
f 1114/1223/226 1113/1222/226 641/728/226 639/726/226
f 1115/1224/226 1114/1223/226 639/726/226 637/724/226
f 1116/1225/226 1115/1224/226 637/724/226 635/722/226
f 1117/1226/226 1116/1225/226 635/722/226 633/720/226
f 1118/1227/226 1117/1226/226 633/720/226 631/718/226
f 1119/1228/226 1118/1227/226 631/718/226 628/715/226
f 1120/1229/226 1119/1228/226 628/715/226 627/714/226
f 1121/1230/226 1120/1229/226 627/714/226 665/752/226
f 1122/1231/226 1121/1230/226 665/752/226 663/750/226
f 1123/1232/226 1122/1231/226 663/750/226 661/748/226
f 1124/1233/226 1123/1232/226 661/748/226 659/746/226
f 1125/1234/226 1124/1233/226 659/746/226 657/744/226
f 1126/1235/226 1125/1234/226 657/744/226 655/742/226
f 1107/1216/226 1126/1235/226 655/742/226 653/740/226
f 652/739/266 654/741/268 1127/1236/577 1128/1237/266
f 650/737/264 652/739/266 1128/1237/266 1129/1238/264
f 648/735/262 650/737/264 1129/1238/264 1130/1239/578
f 646/733/260 648/735/262 1130/1239/578 1131/1240/579
f 644/731/258 646/733/260 1131/1240/579 1132/1241/580
f 642/729/256 644/731/258 1132/1241/580 1133/1242/581
f 640/727/255 642/729/256 1133/1242/581 1134/1243/582
f 638/725/253 640/727/255 1134/1243/582 1135/1244/583
f 636/723/251 638/725/253 1135/1244/583 1136/1245/584
f 634/721/249 636/723/251 1136/1245/584 1137/1246/585
f 632/719/248 634/721/249 1137/1246/585 1138/1247/586
f 629/716/245 632/719/248 1138/1247/586 1139/1248/587
f 630/717/246 629/716/245 1139/1248/587 1140/1249/588
f 666/753/279 630/717/246 1140/1249/588 1141/1250/279
f 664/751/277 666/753/279 1141/1250/279 1142/1251/589
f 662/749/275 664/751/277 1142/1251/589 1143/1252/590
f 660/747/273 662/749/275 1143/1252/590 1144/1253/591
f 658/745/271 660/747/273 1144/1253/591 1145/1254/592
f 656/743/270 658/745/271 1145/1254/592 1146/1255/593
f 654/741/268 656/743/270 1146/1255/593 1127/1236/577
f 1128/1237/266 1127/1236/577 693/780/267 691/778/266
f 1129/1238/264 1128/1237/266 691/778/266 689/776/264
f 1130/1239/578 1129/1238/264 689/776/264 687/774/594
f 1131/1240/579 1130/1239/578 687/774/594 685/772/595
f 1132/1241/580 1131/1240/579 685/772/595 683/770/596
f 1133/1242/581 1132/1241/580 683/770/596 681/768/581
f 1134/1243/582 1133/1242/581 681/768/581 679/766/597
f 1135/1244/583 1134/1243/582 679/766/597 677/764/598
f 1136/1245/584 1135/1244/583 677/764/598 675/762/584
f 1137/1246/585 1136/1245/584 675/762/584 673/760/585
f 1138/1247/586 1137/1246/585 673/760/585 671/758/599
f 1139/1248/587 1138/1247/586 671/758/599 668/755/600
f 1140/1249/588 1139/1248/587 668/755/600 667/754/588
f 1141/1250/279 1140/1249/588 667/754/588 705/792/278
f 1142/1251/589 1141/1250/279 705/792/278 703/790/601
f 1143/1252/590 1142/1251/589 703/790/601 701/788/602
f 1144/1253/591 1143/1252/590 701/788/602 699/786/591
f 1145/1254/592 1144/1253/591 699/786/591 697/784/603
f 1146/1255/593 1145/1254/592 697/784/603 695/782/593
f 1127/1236/577 1146/1255/593 695/782/593 693/780/267
f 692/779/217 694/781/218 1147/1256/218 1148/1257/604
f 690/777/216 692/779/217 1148/1257/604 1149/1258/605
f 688/775/215 690/777/216 1149/1258/605 1150/1259/215
f 686/773/214 688/775/215 1150/1259/215 1151/1260/214
f 684/771/213 686/773/214 1151/1260/214 1152/1261/213
f 682/769/212 684/771/213 1152/1261/213 1153/1262/212
f 680/767/286 682/769/212 1153/1262/212 1154/1263/211
f 678/765/284 680/767/286 1154/1263/211 1155/1264/284
f 676/763/282 678/765/284 1155/1264/284 1156/1265/606
f 674/761/208 676/763/282 1156/1265/606 1157/1266/607
f 672/759/207 674/761/208 1157/1266/607 1158/1267/608
f 669/756/206 672/759/207 1158/1267/608 1159/1268/609
f 670/757/205 669/756/206 1159/1268/609 1160/1269/205
f 706/793/225 670/757/205 1160/1269/205 1161/1270/225
f 704/791/224 706/793/225 1161/1270/225 1162/1271/224
f 702/789/292 704/791/224 1162/1271/224 1163/1272/223
f 700/787/221 702/789/292 1163/1272/223 1164/1273/610
f 698/785/291 700/787/221 1164/1273/610 1165/1274/611
f 696/783/240 698/785/291 1165/1274/611 1166/1275/240
f 694/781/218 696/783/240 1166/1275/240 1147/1256/218
f 1148/1257/604 1147/1256/218 733/820/237 731/818/604
f 1149/1258/605 1148/1257/604 731/818/604 729/816/612
f 1150/1259/215 1149/1258/605 729/816/612 727/814/553
f 1151/1260/214 1150/1259/215 727/814/553 725/812/214
f 1152/1261/213 1151/1260/214 725/812/214 723/810/213
f 1153/1262/212 1152/1261/213 723/810/213 721/808/212
f 1154/1263/211 1153/1262/212 721/808/212 719/806/211
f 1155/1264/284 1154/1263/211 719/806/211 717/804/284
f 1156/1265/606 1155/1264/284 717/804/284 715/802/613
f 1157/1266/607 1156/1265/606 715/802/613 713/800/607
f 1158/1267/608 1157/1266/607 713/800/607 711/798/608
f 1159/1268/609 1158/1267/608 711/798/608 708/795/614
f 1160/1269/205 1159/1268/609 708/795/614 707/794/568
f 1161/1270/225 1160/1269/205 707/794/568 745/832/225
f 1162/1271/224 1161/1270/225 745/832/225 743/830/615
f 1163/1272/223 1162/1271/224 743/830/615 741/828/223
f 1164/1273/610 1163/1272/223 741/828/223 739/826/610
f 1165/1274/611 1164/1273/610 739/826/610 737/824/565
f 1166/1275/240 1165/1274/611 737/824/565 735/822/240
f 1147/1256/218 1166/1275/240 735/822/240 733/820/237
f 732/819/226 734/821/226 1167/1276/226 1168/1277/226
f 730/817/226 732/819/226 1168/1277/226 1169/1278/226
f 728/815/226 730/817/226 1169/1278/226 1170/1279/226
f 726/813/226 728/815/226 1170/1279/226 1171/1280/226
f 724/811/226 726/813/226 1171/1280/226 1172/1281/226
f 722/809/226 724/811/226 1172/1281/226 1173/1282/226
f 720/807/226 722/809/226 1173/1282/226 1174/1283/226
f 718/805/226 720/807/226 1174/1283/226 1175/1284/226
f 716/803/293 718/805/226 1175/1284/226 1176/1285/226
f 714/801/293 716/803/293 1176/1285/226 1177/1286/226
f 712/799/226 714/801/293 1177/1286/226 1178/1287/226
f 709/796/226 712/799/226 1178/1287/226 1179/1288/226
f 710/797/226 709/796/226 1179/1288/226 1180/1289/226
f 746/833/226 710/797/226 1180/1289/226 1181/1290/226
f 744/831/226 746/833/226 1181/1290/226 1182/1291/226
f 742/829/226 744/831/226 1182/1291/226 1183/1292/226
f 740/827/226 742/829/226 1183/1292/226 1184/1293/226
f 738/825/226 740/827/226 1184/1293/226 1185/1294/226
f 736/823/226 738/825/226 1185/1294/226 1186/1295/226
f 734/821/226 736/823/226 1186/1295/226 1167/1276/226
f 1168/1277/226 1167/1276/226 773/860/226 771/858/226
f 1169/1278/226 1168/1277/226 771/858/226 769/856/226
f 1170/1279/226 1169/1278/226 769/856/226 767/854/226
f 1171/1280/226 1170/1279/226 767/854/226 765/852/226
f 1172/1281/226 1171/1280/226 765/852/226 763/850/226
f 1173/1282/226 1172/1281/226 763/850/226 761/848/226
f 1174/1283/226 1173/1282/226 761/848/226 759/846/226
f 1175/1284/226 1174/1283/226 759/846/226 757/844/226
f 1176/1285/226 1175/1284/226 757/844/226 755/842/226
f 1177/1286/226 1176/1285/226 755/842/226 753/840/226
f 1178/1287/226 1177/1286/226 753/840/226 751/838/226
f 1179/1288/226 1178/1287/226 751/838/226 748/835/226
f 1180/1289/226 1179/1288/226 748/835/226 747/834/226
f 1181/1290/226 1180/1289/226 747/834/226 785/872/226
f 1182/1291/226 1181/1290/226 785/872/226 783/870/226
f 1183/1292/226 1182/1291/226 783/870/226 781/868/226
f 1184/1293/226 1183/1292/226 781/868/226 779/866/226
f 1185/1294/226 1184/1293/226 779/866/226 777/864/226
f 1186/1295/226 1185/1294/226 777/864/226 775/862/226
f 1167/1276/226 1186/1295/226 775/862/226 773/860/226
f 772/859/319 774/861/321 865/952/410 859/946/404
f 770/857/317 772/859/319 859/946/404 853/940/398
f 768/855/315 770/857/317 853/940/398 847/934/392
f 766/853/313 768/855/315 847/934/392 841/928/386
f 764/851/311 766/853/313 841/928/386 835/922/380
f 762/849/309 764/851/311 835/922/380 829/916/374
f 760/847/307 762/849/309 829/916/374 823/910/368
f 758/845/305 760/847/307 823/910/368 817/904/362
f 756/843/303 758/845/305 817/904/362 811/898/356
f 754/841/301 756/843/303 811/898/356 805/892/350
f 752/839/299 754/841/301 805/892/350 799/886/344
f 749/836/297 752/839/299 799/886/344 788/875/333
f 750/837/298 749/836/297 788/875/333 787/874/332
f 786/873/331 750/837/298 787/874/332 901/988/446
f 784/871/329 786/873/331 901/988/446 895/982/440
f 782/869/327 784/871/329 895/982/440 889/976/434
f 780/867/325 782/869/327 889/976/434 883/970/428
f 778/865/324 780/867/325 883/970/428 877/964/422
f 776/863/323 778/865/324 877/964/422 871/958/416
f 774/861/321 776/863/323 871/958/416 865/952/410
f 864/951/409 870/957/415 933/1020/616 931/1018/617
f 858/945/403 864/951/409 931/1018/617 929/1016/618
f 852/939/397 858/945/403 929/1016/618 927/1014/619
f 846/933/391 852/939/397 927/1014/619 925/1012/620
f 840/927/385 846/933/391 925/1012/620 923/1010/621
f 834/921/379 840/927/385 923/1010/621 921/1008/622
f 828/915/373 834/921/379 921/1008/622 919/1006/623
f 822/909/367 828/915/373 919/1006/623 917/1004/624
f 816/903/361 822/909/367 917/1004/624 915/1002/625
f 810/897/355 816/903/361 915/1002/625 913/1000/626
f 804/891/349 810/897/355 913/1000/626 911/998/627
f 797/884/342 804/891/349 911/998/627 908/995/628
f 798/885/343 797/884/342 908/995/628 907/994/629
f 906/993/451 798/885/343 907/994/629 945/1032/630
f 900/987/445 906/993/451 945/1032/630 943/1030/631
f 894/981/439 900/987/445 943/1030/631 941/1028/632
f 888/975/433 894/981/439 941/1028/632 939/1026/633
f 882/969/427 888/975/433 939/1026/633 937/1024/634
f 876/963/421 882/969/427 937/1024/634 935/1022/635
f 870/957/415 876/963/421 935/1022/635 933/1020/616
f 932/1019/227 934/1021/227 1187/1296/227 1188/1297/227
f 930/1017/227 932/1019/227 1188/1297/227 1189/1298/227
f 928/1015/461 930/1017/227 1189/1298/227 1190/1299/227
f 926/1013/227 928/1015/461 1190/1299/227 1191/1300/227
f 924/1011/227 926/1013/227 1191/1300/227 1192/1301/227
f 922/1009/227 924/1011/227 1192/1301/227 1193/1302/227
f 920/1007/227 922/1009/227 1193/1302/227 1194/1303/227
f 918/1005/459 920/1007/227 1194/1303/227 1195/1304/227
f 916/1003/227 918/1005/459 1195/1304/227 1196/1305/227
f 914/1001/227 916/1003/227 1196/1305/227 1197/1306/227
f 912/999/454 914/1001/227 1197/1306/227 1198/1307/227
f 909/996/454 912/999/454 1198/1307/227 1199/1308/227
f 910/997/455 909/996/454 1199/1308/227 1200/1309/455
f 946/1033/469 910/997/455 1200/1309/455 1201/1310/227
f 944/1031/467 946/1033/469 1201/1310/227 1202/1311/227
f 942/1029/465 944/1031/467 1202/1311/227 1203/1312/227
f 940/1027/227 942/1029/465 1203/1312/227 1204/1313/227
f 938/1025/227 940/1027/227 1204/1313/227 1205/1314/227
f 936/1023/463 938/1025/227 1205/1314/227 1206/1315/227
f 934/1021/227 936/1023/463 1206/1315/227 1187/1296/227
f 1006/1093/515 988/1075/488 1035/1122/539 1037/1124/540
f 1005/1092/513 1006/1093/515 1037/1124/540 1039/1126/541
f 1004/1091/511 1005/1092/513 1039/1126/541 1041/1128/543
f 1003/1090/510 1004/1091/511 1041/1128/543 1043/1130/545
f 1002/1089/508 1003/1090/510 1043/1130/545 1045/1132/547
f 1001/1088/506 1002/1089/508 1045/1132/547 1008/1095/517
f 1000/1087/504 1001/1088/506 1008/1095/517 1007/1094/516
f 999/1086/503 1000/1087/504 1007/1094/516 1011/1098/519
f 998/1085/502 999/1086/503 1011/1098/519 1013/1100/520
f 997/1084/500 998/1085/502 1013/1100/520 1015/1102/521
f 996/1083/499 997/1084/500 1015/1102/521 1017/1104/522
f 995/1082/498 996/1083/499 1017/1104/522 1019/1106/524
f 994/1081/497 995/1082/498 1019/1106/524 1021/1108/526
f 993/1080/495 994/1081/497 1021/1108/526 1023/1110/528
f 992/1079/494 993/1080/495 1023/1110/528 1025/1112/530
f 991/1078/493 992/1079/494 1025/1112/530 1027/1114/531
f 990/1077/492 991/1078/493 1027/1114/531 1029/1116/533
f 989/1076/490 990/1077/492 1029/1116/533 1031/1118/535
f 987/1074/487 989/1076/490 1031/1118/535 1033/1120/537
f 988/1075/488 987/1074/487 1033/1120/537 1035/1122/539
f 1201/1310/227 1200/1309/455 947/1034/470 985/1072/455
f 1202/1311/227 1201/1310/227 985/1072/455 983/1070/485
f 1203/1312/227 1202/1311/227 983/1070/485 981/1068/484
f 1204/1313/227 1203/1312/227 981/1068/484 979/1066/483
f 1205/1314/227 1204/1313/227 979/1066/483 977/1064/482
f 1206/1315/227 1205/1314/227 977/1064/482 975/1062/481
f 1187/1296/227 1206/1315/227 975/1062/481 973/1060/459
f 1188/1297/227 1187/1296/227 973/1060/459 971/1058/454
f 1189/1298/227 1188/1297/227 971/1058/454 969/1056/480
f 1190/1299/227 1189/1298/227 969/1056/480 967/1054/479
f 1191/1300/227 1190/1299/227 967/1054/479 965/1052/227
f 1192/1301/227 1191/1300/227 965/1052/227 963/1050/478
f 1193/1302/227 1192/1301/227 963/1050/478 961/1048/477
f 1194/1303/227 1193/1302/227 961/1048/477 959/1046/476
f 1195/1304/227 1194/1303/227 959/1046/476 957/1044/475
f 1196/1305/227 1195/1304/227 957/1044/475 955/1042/474
f 1197/1306/227 1196/1305/227 955/1042/474 953/1040/473
f 1198/1307/227 1197/1306/227 953/1040/473 951/1038/472
f 1199/1308/227 1198/1307/227 951/1038/472 948/1035/471
f 1200/1309/455 1199/1308/227 948/1035/471 947/1034/470
f 1038/1125/225 1036/1123/205 486/573/636 506/593/225
f 1040/1127/542 1038/1125/225 506/593/225 505/592/542
f 1042/1129/544 1040/1127/542 505/592/542 504/591/637
f 1044/1131/546 1042/1129/544 504/591/637 503/590/638
f 1046/1133/548 1044/1131/546 503/590/638 502/589/639
f 1009/1096/505 1046/1133/548 502/589/639 501/588/640
f 1010/1097/518 1009/1096/505 501/588/640 500/587/518
f 1012/1099/217 1010/1097/518 500/587/518 499/586/641
f 1014/1101/501 1012/1099/217 499/586/641 498/585/642
f 1016/1103/215 1014/1101/501 498/585/642 497/584/215
f 1018/1105/523 1016/1103/215 497/584/215 496/583/523
f 1020/1107/525 1018/1105/523 496/583/523 495/582/525
f 1022/1109/527 1020/1107/525 495/582/525 494/581/643
f 1024/1111/529 1022/1109/527 494/581/643 493/580/644
f 1026/1113/210 1024/1111/529 493/580/644 492/579/645
f 1028/1115/532 1026/1113/210 492/579/645 491/578/646
f 1030/1117/534 1028/1115/532 491/578/646 490/577/647
f 1032/1119/536 1030/1117/534 490/577/647 489/576/648
f 1034/1121/538 1032/1119/536 489/576/648 487/574/649
f 1036/1123/205 1034/1121/538 487/574/649 486/573/636
